drift description,drifted features types,tree size,after accuracy decrease,after retrain accuracy,after retrain accuracy increase,before after retrain accuracy,before after retrain accuracy increase,STAT_SFLDT faulty nodes indicies,STAT_SFLDT faulty features,STAT_SFLDT wasted effort,STAT_SFLDT fix accuracy,STAT_SFLDT fix accuracy increase,STAT_BARINEL_Paths_After faulty nodes indicies,STAT_BARINEL_Paths_After faulty features,STAT_BARINEL_Paths_After wasted effort,STAT_BARINEL_Paths_After fix accuracy,STAT_BARINEL_Paths_After fix accuracy increase
acute-inflammation__NumericFeature[f6;-2std],numeric,7,87.5,70.83333333333334,-16.666666666666664,100.0,12.5,5,target,4,95.83333333333334,8.333333333333337,6,target,0,87.5,0.0
acute-inflammation__NumericFeature[f6;-1std],numeric,7,87.5,70.83333333333334,-16.666666666666664,100.0,12.5,5,target,4,95.83333333333334,8.333333333333337,6,target,0,87.5,0.0
acute-inflammation__NumericFeature[f5;-2std],numeric,7,66.66666666666666,70.83333333333334,4.166666666666674,87.5,20.833333333333336,6,target,4,66.66666666666666,0.0,4,target,0,66.66666666666666,0.0
acute-inflammation__NumericFeature[f5;-1std],numeric,7,66.66666666666666,70.83333333333334,4.166666666666674,100.0,33.333333333333336,6,target,4,66.66666666666666,0.0,4,target,0,66.66666666666666,0.0
acute-inflammation__NumericFeature[f5;+1std],numeric,7,87.5,70.83333333333334,-16.666666666666664,100.0,12.5,2,f5,0,100.0,12.5,3,f6,1,87.5,0.0
acute-inflammation__NumericFeature[f5;+2std],numeric,7,87.5,70.83333333333334,-16.666666666666664,100.0,12.5,2,f5,0,100.0,12.5,3,f6,1,87.5,0.0
acute-inflammation__NumericFeature[f4;-2std],numeric,7,45.83333333333333,70.83333333333334,25.000000000000007,45.83333333333333,0.0,0,f4,0,100.0,54.16666666666667,2,f5,1,45.83333333333333,0.0
acute-inflammation__NumericFeature[f4;+2std],numeric,7,66.66666666666666,70.83333333333334,4.166666666666674,66.66666666666666,0.0,5,target,4,87.5,20.833333333333336,"4, 5","target, target",2,87.5,20.833333333333336
acute-nephritis__NumericFeature[f1;-2std],numeric,5,58.333333333333336,91.66666666666666,33.33333333333333,79.16666666666666,20.833333333333325,0,f1,0,100.0,41.666666666666664,2,f3,1,58.333333333333336,0.0
acute-nephritis__NumericFeature[f1;-1std],numeric,5,83.33333333333334,91.66666666666666,8.333333333333325,100.0,16.666666666666664,1,target,0,83.33333333333334,0.0,2,f3,1,83.33333333333334,0.0
acute-nephritis__NumericFeature[f3;-2std],numeric,5,58.333333333333336,91.66666666666666,33.33333333333333,50.0,-8.333333333333337,3,target,2,91.66666666666666,33.33333333333333,"1, 3","target, target",1,91.66666666666666,33.33333333333333
acute-nephritis__NumericFeature[f3;-1std],numeric,5,58.333333333333336,91.66666666666666,33.33333333333333,100.0,41.666666666666664,3,target,2,91.66666666666666,33.33333333333333,"1, 3","target, target",1,91.66666666666666,33.33333333333333
analcatdata_boxing1__NumericFeature[Round;-1std],numeric,33,58.333333333333336,70.83333333333334,12.5,83.33333333333334,25.0,3,target,6,75.0,16.666666666666664,1,target,0,58.333333333333336,0.0
analcatdata_boxing1__NumericFeature[Round;-0.5std],numeric,33,66.66666666666666,70.83333333333334,4.166666666666674,75.0,8.333333333333337,29,target,6,66.66666666666666,0.0,1,target,0,66.66666666666666,0.0
analcatdata_boxing1__NumericFeature[Round;+0.5std],numeric,33,37.5,70.83333333333334,33.333333333333336,79.16666666666666,41.666666666666664,3,target,6,50.0,12.5,1,target,0,37.5,0.0
analcatdata_boxing1__NumericFeature[Round;+1std],numeric,33,62.5,70.83333333333334,8.333333333333337,83.33333333333334,20.833333333333336,10,target,6,62.5,0.0,1,target,0,62.5,0.0
analcatdata_boxing1__NumericFeature[Round;+2std],numeric,33,62.5,70.83333333333334,8.333333333333337,79.16666666666666,16.666666666666664,32,target,6,66.66666666666666,4.1666666666666625,1,target,0,62.5,0.0
"analcatdata_boxing1__CategoricalFeature[Official=1;p=0,5]",binary,33,75.0,70.83333333333334,-4.1666666666666625,83.33333333333334,8.333333333333337,3,target,23,70.83333333333334,-4.1666666666666625,1,target,1,75.0,0.0
"analcatdata_boxing1__CategoricalFeature[Official=1;p=0,7]",binary,33,70.83333333333334,70.83333333333334,0.0,83.33333333333334,12.5,3,target,23,66.66666666666666,-4.166666666666674,1,target,1,70.83333333333334,0.0
"analcatdata_boxing1__CategoricalFeature[Official=1;p=0,9]",binary,33,66.66666666666666,70.83333333333334,4.166666666666674,83.33333333333334,16.666666666666675,3,target,23,62.5,-4.1666666666666625,1,target,1,66.66666666666666,0.0
analcatdata_lawsuit__NumericFeature[CAP;-2std],numeric,3,30.76923076923077,94.23076923076923,63.46153846153846,78.84615384615384,48.07692307692307,1,target,0,92.3076923076923,61.53846153846154,2,target,0,30.76923076923077,0.0
analcatdata_lawsuit__NumericFeature[CAP;-1std],numeric,3,67.3076923076923,94.23076923076923,26.923076923076916,86.53846153846155,19.23076923076923,1,target,0,92.3076923076923,25.0,2,target,0,67.3076923076923,0.0
analcatdata_lawsuit__NumericFeature[CAP;-0.5std],numeric,3,82.6923076923077,94.23076923076923,11.538461538461542,92.3076923076923,9.615384615384626,1,target,0,92.3076923076923,9.615384615384626,2,target,0,82.6923076923077,0.0
annealing__NumericFeature[f22;-2std],numeric,27,69.27374301675978,84.35754189944134,15.083798882681565,92.17877094972067,22.905027932960888,16,f22,12,95.53072625698324,26.256983240223462,"19, 9","f2, f27",2,68.15642458100558,-1.1173184357541999
annealing__NumericFeature[f22;-1std],numeric,27,69.27374301675978,84.35754189944134,15.083798882681565,90.5027932960894,21.22905027932961,16,f22,12,95.53072625698324,26.256983240223462,"19, 9","f2, f27",2,68.15642458100558,-1.1173184357541999
annealing__NumericFeature[f12;-2std],numeric,27,69.27374301675978,84.35754189944134,15.083798882681565,92.17877094972067,22.905027932960888,14,f12,0,95.53072625698324,26.256983240223462,"14, 21","f12, target",1,93.85474860335195,24.581005586592177
annealing__NumericFeature[f12;-1std],numeric,27,69.27374301675978,84.35754189944134,15.083798882681565,92.17877094972067,22.905027932960888,14,f12,0,95.53072625698324,26.256983240223462,"14, 21","f12, target",1,93.85474860335195,24.581005586592177
annealing__NumericFeature[f4;+0.5std],numeric,27,21.22905027932961,84.35754189944134,63.12849162011174,77.09497206703911,55.865921787709496,23,target,21,86.03351955307262,64.80446927374301,"23, 24","target, f4",1,84.91620111731844,63.687150837988824
annealing__NumericFeature[f4;+1std],numeric,27,21.22905027932961,84.35754189944134,63.12849162011174,92.17877094972067,70.94972067039106,23,target,8,86.03351955307262,64.80446927374301,1,target,1,21.22905027932961,0.0
annealing__NumericFeature[f4;+2std],numeric,27,21.22905027932961,84.35754189944134,63.12849162011174,91.62011173184358,70.39106145251397,2,f4,13,91.62011173184358,70.39106145251397,1,target,1,21.22905027932961,0.0
annealing__NumericFeature[f1;-2std],numeric,27,12.849162011173185,75.97765363128491,63.128491620111724,90.5027932960894,77.6536312849162,1,target,0,77.6536312849162,64.80446927374301,6,f26,1,12.849162011173185,0.0
annealing__NumericFeature[f1;-1std],numeric,27,12.849162011173185,75.97765363128491,63.128491620111724,90.5027932960894,77.6536312849162,1,target,0,77.6536312849162,64.80446927374301,6,f26,1,12.849162011173185,0.0
annealing__NumericFeature[f1;-0.5std],numeric,27,21.22905027932961,84.35754189944134,63.12849162011174,90.5027932960894,69.27374301675978,1,target,0,78.2122905027933,56.98324022346368,6,f26,1,21.22905027932961,0.0
annealing__NumericFeature[f2;-2std],numeric,27,83.24022346368714,84.35754189944134,1.1173184357541999,89.3854748603352,6.145251396648044,11,target,7,88.26815642458101,5.027932960893855,"20, 11","target, target",1,88.8268156424581,5.586592178770955
annealing__NumericFeature[f2;-1std],numeric,27,83.79888268156425,84.35754189944134,0.5586592178770999,88.26815642458101,4.469273743016755,11,target,16,88.26815642458101,4.469273743016755,"21, 11","target, target",1,88.8268156424581,5.027932960893855
audiology-std__NumericFeature[f15;-2std],numeric,43,69.23076923076923,48.717948717948715,-20.51282051282051,64.1025641025641,-5.128205128205121,18,target,15,69.23076923076923,0.0,23,f57,1,69.23076923076923,0.0
audiology-std__NumericFeature[f15;+1std],numeric,43,35.8974358974359,48.717948717948715,12.82051282051282,69.23076923076923,33.33333333333333,18,target,17,35.8974358974359,0.0,40,f3,1,35.8974358974359,0.0
audiology-std__NumericFeature[f15;+2std],numeric,43,23.076923076923077,48.717948717948715,25.64102564102564,15.384615384615385,-7.6923076923076925,26,target,2,15.384615384615385,-7.6923076923076925,2,f11,1,23.076923076923077,0.0
audiology-std__NumericFeature[f1;-2std],numeric,43,41.02564102564102,48.717948717948715,7.6923076923076925,53.84615384615385,12.82051282051282,18,target,12,41.02564102564102,0.0,36,f15,1,41.02564102564102,0.0
audiology-std__NumericFeature[f1;-1std],numeric,43,69.23076923076923,48.717948717948715,-20.51282051282051,82.05128205128204,12.82051282051282,18,target,14,69.23076923076923,0.0,40,f3,1,69.23076923076923,0.0
audiology-std__NumericFeature[f1;+1std],numeric,43,43.58974358974359,48.717948717948715,5.128205128205127,71.7948717948718,28.205128205128204,38,target,1,12.82051282051282,-30.76923076923077,23,f57,1,43.58974358974359,0.0
audiology-std__NumericFeature[f1;+2std],numeric,43,43.58974358974359,48.717948717948715,5.128205128205127,43.58974358974359,0.0,0,f1,0,82.05128205128204,38.46153846153846,1,f15,1,43.58974358974359,0.0
audiology-std__NumericFeature[f2;+2std],numeric,43,69.23076923076923,48.717948717948715,-20.51282051282051,61.53846153846154,-7.692307692307687,18,target,9,69.23076923076923,0.0,40,f3,1,69.23076923076923,0.0
audiology-std__NumericFeature[f57;+1std],numeric,43,53.84615384615385,48.717948717948715,-5.128205128205127,74.35897435897436,20.512820512820518,16,target,26,53.84615384615385,0.0,40,f3,1,53.84615384615385,0.0
audiology-std__NumericFeature[f57;+2std],numeric,43,46.15384615384615,48.717948717948715,2.5641025641025603,79.48717948717949,33.33333333333333,3,f57,26,71.7948717948718,25.64102564102564,40,f3,1,46.15384615384615,0.0
bank__NumericFeature[f12;+2std],numeric,7,53.20796460176991,88.93805309734513,35.73008849557523,91.48230088495575,38.27433628318584,0,f12,0,92.14601769911505,38.93805309734514,7,target,0,53.09734513274337,-0.11061946902654052
bodyfat__NumericFeature[Density;-2std],numeric,3,57.99999999999999,82.0,24.0,90.0,32.00000000000001,1,target,0,44.0,-13.999999999999996,2,target,0,57.99999999999999,0.0
bodyfat__NumericFeature[Density;-1std],numeric,3,76.0,82.0,5.999999999999995,80.0,4.0000000000000036,1,target,0,76.0,0.0,"1, 2","target, target",0,76.0,0.0
bodyfat__NumericFeature[Density;-0.5std],numeric,3,92.0,82.0,-10.000000000000009,96.0,3.9999999999999925,1,target,0,92.0,0.0,"1, 2","target, target",0,92.0,0.0
bodyfat__NumericFeature[Density;+0.5std],numeric,3,70.0,82.0,12.0,70.0,0.0,2,target,0,70.0,0.0,"1, 2","target, target",0,70.0,0.0
bodyfat__NumericFeature[Density;+1std],numeric,3,60.0,82.0,21.999999999999996,60.0,0.0,2,target,0,60.0,0.0,"1, 2","target, target",0,60.0,0.0
bodyfat__NumericFeature[Density;+2std],numeric,3,46.0,82.0,35.99999999999999,46.0,0.0,0,Density,0,94.0,47.99999999999999,"1, 2","target, target",0,46.0,0.0
breast-cancer-wisc-diag__NumericFeature[f14;+2std],numeric,19,38.05309734513274,39.823008849557525,1.7699115044247815,97.34513274336283,59.29203539823009,12,target,13,38.93805309734513,0.8849557522123908,"12, 8","target, f26",2,39.823008849557525,1.7699115044247815
breast-cancer-wisc-diag__NumericFeature[f23;+1std],numeric,19,70.79646017699115,93.80530973451327,23.008849557522126,97.34513274336283,26.54867256637168,16,target,3,45.13274336283185,-25.663716814159294,14,target,1,70.79646017699115,0.0
breast-cancer-wisc-diag__NumericFeature[f23;+2std],numeric,19,68.14159292035397,93.80530973451327,25.663716814159297,97.34513274336283,29.20353982300885,16,target,5,39.823008849557525,-28.318584070796454,"3, 4","f2, target",2,53.98230088495575,-14.15929203539823
breast-cancer-wisc-diag__NumericFeature[f28;-2std],numeric,19,75.22123893805309,92.03539823008849,16.814159292035402,95.57522123893806,20.353982300884965,14,target,10,92.92035398230088,17.699115044247794,6,f12,1,75.22123893805309,0.0
breast-cancer-wisc-diag__NumericFeature[f28;+2std],numeric,19,80.53097345132744,93.80530973451327,13.27433628318584,94.69026548672566,14.15929203539823,12,target,4,92.03539823008849,11.504424778761058,8,f26,1,80.53097345132744,0.0
breast-cancer-wisc__NumericFeature[f2;+1std],numeric,5,33.093525179856115,88.48920863309353,55.395683453237424,92.08633093525181,58.99280575539569,0,f2,0,92.80575539568345,59.71223021582735,1,f6,1,33.093525179856115,0.0
breast-cancer-wisc__NumericFeature[f2;+2std],numeric,5,33.093525179856115,88.48920863309353,55.395683453237424,92.08633093525181,58.99280575539569,0,f2,0,92.80575539568345,59.71223021582735,1,f6,1,33.093525179856115,0.0
breast-cancer-wisc__NumericFeature[f6;+1std],numeric,5,33.093525179856115,88.48920863309353,55.395683453237424,92.08633093525181,58.99280575539569,1,f6,1,92.80575539568345,59.71223021582735,2,target,0,33.093525179856115,0.0
breast-cancer-wisc__NumericFeature[f6;+2std],numeric,5,33.093525179856115,88.48920863309353,55.395683453237424,93.5251798561151,60.431654676258994,1,f6,1,92.80575539568345,59.71223021582735,2,target,0,33.093525179856115,0.0
caradiotocography10clases__NumericFeature[f8;+1std],numeric,39,68.23529411764706,69.41176470588235,1.17647058823529,73.41176470588235,5.1764705882352935,33,target,6,68.0,-0.23529411764705577,"13, 19","f19, f10",2,68.0,-0.23529411764705577
caradiotocography10clases__NumericFeature[f8;+2std],numeric,39,62.117647058823536,68.94117647058823,6.8235294117647065,72.23529411764706,10.11764705882353,16,target,1,71.05882352941177,8.94117647058823,"14, 37","target, target",2,62.82352941176471,0.7058823529411784
caradiotocography10clases__NumericFeature[f7;+1std],numeric,39,57.647058823529406,69.88235294117648,12.235294117647067,82.11764705882352,24.470588235294123,16,target,31,56.94117647058824,-0.7058823529411673,"14, 16","target, target",2,56.94117647058824,-0.7058823529411673
caradiotocography10clases__NumericFeature[f7;+2std],numeric,39,57.647058823529406,69.88235294117648,12.235294117647067,82.11764705882352,24.470588235294123,25,f7,11,80.23529411764706,22.588235294117652,"14, 16","target, target",2,56.94117647058824,-0.7058823529411673
caradiotocography10clases__NumericFeature[f5;-2std],numeric,39,62.588235294117645,70.58823529411765,8.000000000000007,72.94117647058823,10.352941176470587,16,target,12,61.882352941176464,-0.7058823529411784,"25, 16","f7, target",2,61.882352941176464,-0.7058823529411784
caradiotocography10clases__NumericFeature[f5;-1std],numeric,39,69.88235294117648,69.88235294117648,0.0,74.82352941176471,4.941176470588237,16,target,13,69.17647058823529,-0.7058823529411784,"14, 16","target, target",2,68.94117647058823,-0.9411764705882342
caradiotocography10clases__NumericFeature[f5;+0.5std],numeric,39,62.82352941176471,69.88235294117648,7.058823529411762,82.82352941176471,19.999999999999996,16,target,29,62.82352941176471,0.0,"14, 16","target, target",2,62.82352941176471,0.0
caradiotocography10clases__NumericFeature[f5;+1std],numeric,39,41.647058823529406,69.88235294117648,28.235294117647065,57.1764705882353,15.529411764705886,2,f5,1,66.58823529411765,24.94117647058824,15,f9,1,41.647058823529406,0.0
caradiotocography10clases__NumericFeature[f5;+2std],numeric,39,41.647058823529406,67.05882352941175,25.41176470588235,78.58823529411765,36.94117647058824,2,f5,1,66.58823529411765,24.94117647058824,15,f9,1,41.647058823529406,0.0
caradiotocography10clases__NumericFeature[f2;-2std],numeric,39,50.35294117647059,69.88235294117648,19.529411764705884,65.88235294117646,15.52941176470588,0,f2,14,80.23529411764706,29.88235294117647,"14, 16","target, target",2,52.0,1.6470588235294126
caradiotocography10clases__NumericFeature[f2;-1std],numeric,39,65.17647058823529,69.88235294117648,4.705882352941182,63.294117647058826,-1.8823529411764683,16,target,25,64.47058823529412,-0.7058823529411784,"11, 26","f8, f17",2,64.0,-1.17647058823529
caradiotocography10clases__NumericFeature[f2;+0.5std],numeric,39,42.35294117647059,69.88235294117648,27.529411764705884,67.05882352941175,24.70588235294117,0,f2,10,80.70588235294117,38.35294117647059,"17, 24","target, target",1,56.00000000000001,13.647058823529418
caradiotocography10clases__NumericFeature[f2;+1std],numeric,39,42.35294117647059,69.88235294117648,27.529411764705884,44.0,1.6470588235294126,0,f2,16,80.47058823529412,38.11764705882353,17,target,0,42.35294117647059,0.0
caradiotocography10clases__NumericFeature[f2;+2std],numeric,39,42.35294117647059,69.88235294117648,27.529411764705884,56.00000000000001,13.647058823529418,0,f2,16,80.47058823529412,38.11764705882353,17,target,0,42.35294117647059,0.0
caradiotocography10clases__NumericFeature[f11;+2std],numeric,39,67.29411764705883,69.88235294117648,2.5882352941176467,80.94117647058823,13.647058823529413,9,f11,1,80.70588235294117,13.411764705882344,"14, 16","target, target",1,78.58823529411765,11.29411764705882
cardiotocography3clases__NumericFeature[f18;-2std],numeric,41,66.3529411764706,84.70588235294117,18.352941176470583,90.8235294117647,24.47058823529411,3,target,7,37.1764705882353,-29.176470588235297,"24, 22","target, target",2,66.58823529411765,0.23529411764705577
cardiotocography3clases__NumericFeature[f8;+1std],numeric,41,79.29411764705883,84.70588235294117,5.41176470588235,83.76470588235294,4.470588235294115,24,target,23,85.41176470588235,6.117647058823527,"18, 12","f8, f11",1,83.52941176470588,4.23529411764706
cardiotocography3clases__NumericFeature[f8;+2std],numeric,41,73.41176470588235,86.58823529411764,13.17647058823529,90.3529411764706,16.94117647058824,24,target,8,81.41176470588235,7.9999999999999964,"24, 37","target, target",1,81.41176470588235,7.9999999999999964
cardiotocography3clases__NumericFeature[f7;+1std],numeric,41,69.41176470588235,84.70588235294117,15.294117647058824,92.47058823529412,23.058823529411764,24,target,34,68.94117647058823,-0.47058823529411153,"24, 22","target, target",2,69.6470588235294,0.23529411764705577
cardiotocography3clases__NumericFeature[f7;+2std],numeric,41,69.41176470588235,84.70588235294117,15.294117647058824,92.47058823529412,23.058823529411764,6,f7,34,89.64705882352942,20.23529411764706,"24, 22","target, target",2,69.6470588235294,0.23529411764705577
cardiotocography3clases__NumericFeature[f19;+2std],numeric,41,73.88235294117646,84.70588235294117,10.82352941176471,92.47058823529412,18.58823529411765,24,target,4,73.41176470588235,-0.47058823529411153,"24, 22","target, target",2,74.11764705882354,0.23529411764706687
chatfield_4__NumericFeature[col_12;-2std],numeric,5,68.08510638297872,82.97872340425532,14.893617021276595,87.2340425531915,19.14893617021277,2,col_12,0,87.2340425531915,19.14893617021277,1,target,1,68.08510638297872,0.0
chatfield_4__NumericFeature[col_12;-1std],numeric,5,80.85106382978722,82.97872340425532,2.127659574468088,87.2340425531915,6.382978723404264,3,target,0,87.2340425531915,6.382978723404264,1,target,1,80.85106382978722,0.0
chatfield_4__NumericFeature[col_11;-2std],numeric,5,70.2127659574468,70.2127659574468,0.0,91.48936170212765,21.276595744680847,1,target,0,70.2127659574468,0.0,3,target,1,70.2127659574468,0.0
chatfield_4__NumericFeature[col_11;-1std],numeric,5,78.72340425531915,78.72340425531915,0.0,91.48936170212765,12.765957446808507,1,target,1,78.72340425531915,0.0,3,target,1,78.72340425531915,0.0
chscase_vine1__NumericFeature[col_1;-2std],numeric,9,10.0,40.0,30.000000000000004,60.0,50.0,4,target,2,60.0,50.0,"3, 4","target, target",0,90.0,80.0
chscase_vine1__NumericFeature[col_1;-1std],numeric,9,40.0,40.0,0.0,60.0,19.999999999999996,4,target,2,80.0,40.0,"3, 4","target, target",0,80.0,40.0
chscase_vine1__NumericFeature[col_1;-0.5std],numeric,9,70.0,40.0,-29.999999999999993,60.0,-9.999999999999998,3,target,2,90.0,20.000000000000007,"3, 4","target, target",0,60.0,-9.999999999999998
chscase_vine1__NumericFeature[col_1;+1std],numeric,9,50.0,40.0,-9.999999999999998,50.0,0.0,6,col_1,2,60.0,9.999999999999998,6,col_1,0,60.0,9.999999999999998
chscase_vine1__NumericFeature[col_1;+2std],numeric,9,30.0,40.0,10.000000000000004,60.0,30.0,6,col_1,2,30.0,0.0,6,col_1,0,30.0,0.0
credit-approval__NumericFeature[f9;-2std],numeric,5,45.65217391304348,84.05797101449275,38.405797101449274,45.65217391304348,0.0,0,f9,1,84.05797101449275,38.405797101449274,4,f4,1,45.65217391304348,0.0
credit-approval__NumericFeature[f9;-1std],numeric,5,84.05797101449275,84.05797101449275,0.0,78.98550724637681,-5.072463768115942,0,f9,1,84.05797101449275,0.0,4,f4,1,84.05797101449275,0.0
credit-approval__NumericFeature[f9;+1std],numeric,5,84.05797101449275,84.05797101449275,0.0,78.98550724637681,-5.072463768115942,0,f9,1,84.05797101449275,0.0,1,target,0,54.347826086956516,-29.71014492753623
credit-approval__NumericFeature[f9;+2std],numeric,5,54.347826086956516,84.05797101449275,29.71014492753623,54.347826086956516,0.0,0,f9,1,84.05797101449275,29.71014492753623,1,target,0,54.347826086956516,0.0
credit-approval__NumericFeature[f4;+1std],numeric,5,71.73913043478261,84.05797101449275,12.318840579710145,84.05797101449275,12.318840579710145,6,target,2,84.05797101449275,12.318840579710145,"1, 6","target, target",1,84.05797101449275,12.318840579710145
credit-approval__NumericFeature[f4;+2std],numeric,5,71.73913043478261,84.05797101449275,12.318840579710145,84.05797101449275,12.318840579710145,6,target,2,84.05797101449275,12.318840579710145,"1, 6","target, target",1,84.05797101449275,12.318840579710145
dermatology__NumericFeature[f22;-2std],numeric,17,71.23287671232876,87.67123287671232,16.43835616438356,97.26027397260275,26.027397260273975,11,target,5,71.23287671232876,0.0,14,f15,1,71.23287671232876,0.0
dermatology__NumericFeature[f22;+0.5std],numeric,17,49.31506849315068,87.67123287671232,38.35616438356164,97.26027397260275,47.945205479452056,0,f22,0,94.52054794520548,45.205479452054796,12,target,1,49.31506849315068,0.0
dermatology__NumericFeature[f22;+1std],numeric,17,49.31506849315068,87.67123287671232,38.35616438356164,97.26027397260275,47.945205479452056,0,f22,0,94.52054794520548,45.205479452054796,12,target,1,49.31506849315068,0.0
dermatology__NumericFeature[f22;+2std],numeric,17,49.31506849315068,87.67123287671232,38.35616438356164,97.26027397260275,47.945205479452056,0,f22,0,90.41095890410958,41.0958904109589,12,target,1,49.31506849315068,0.0
dermatology__NumericFeature[f15;+1std],numeric,17,32.87671232876712,87.67123287671232,54.794520547945204,64.38356164383562,31.506849315068497,16,target,10,64.38356164383562,31.506849315068497,13,target,1,32.87671232876712,0.0
dermatology__NumericFeature[f15;+2std],numeric,17,32.87671232876712,65.75342465753424,32.87671232876712,64.38356164383562,31.506849315068497,16,target,10,64.38356164383562,31.506849315068497,13,target,1,32.87671232876712,0.0
dermatology__NumericFeature[f26;+1std],numeric,17,79.45205479452055,87.67123287671232,8.21917808219178,94.52054794520548,15.068493150684937,5,f26,2,94.52054794520548,15.068493150684937,14,f15,1,79.45205479452055,0.0
dermatology__NumericFeature[f26;+2std],numeric,17,79.45205479452055,87.67123287671232,8.21917808219178,93.15068493150685,13.698630136986301,5,f26,2,94.52054794520548,15.068493150684937,14,f15,1,79.45205479452055,0.0
dermatology__NumericFeature[f5;+1std],numeric,17,76.71232876712328,87.67123287671232,10.95890410958904,95.8904109589041,19.17808219178082,11,target,0,79.45205479452055,2.73972602739726,12,target,1,76.71232876712328,0.0
dermatology__NumericFeature[f5;+2std],numeric,17,76.71232876712328,87.67123287671232,10.95890410958904,89.04109589041096,12.328767123287676,11,target,0,79.45205479452055,2.73972602739726,12,target,1,76.71232876712328,0.0
dermatology__NumericFeature[f12;-2std],numeric,17,82.1917808219178,87.67123287671232,5.47945205479452,94.52054794520548,12.328767123287676,11,target,11,82.1917808219178,0.0,15,target,1,82.1917808219178,0.0
dermatology__NumericFeature[f12;+1std],numeric,17,49.31506849315068,87.67123287671232,38.35616438356164,95.8904109589041,46.57534246575342,13,target,0,46.57534246575342,-2.73972602739726,"13, 15","target, target",1,46.57534246575342,-2.73972602739726
dermatology__NumericFeature[f12;+2std],numeric,17,49.31506849315068,87.67123287671232,38.35616438356164,97.26027397260275,47.945205479452056,13,target,0,46.57534246575342,-2.73972602739726,"13, 15","target, target",1,46.57534246575342,-2.73972602739726
diggle_table_a2__NumericFeature[col_6;-2std],numeric,3,56.451612903225815,91.93548387096774,35.48387096774193,80.64516129032258,24.193548387096765,0,col_6,0,96.7741935483871,40.32258064516129,"1, 2","target, target",0,56.451612903225815,0.0
diggle_table_a2__NumericFeature[col_6;-1std],numeric,3,61.29032258064516,96.7741935483871,35.483870967741936,79.03225806451613,17.741935483870964,0,col_6,0,96.7741935483871,35.483870967741936,"1, 2","target, target",0,61.29032258064516,0.0
diggle_table_a2__NumericFeature[col_6;-0.5std],numeric,3,67.74193548387096,96.7741935483871,29.032258064516135,75.80645161290323,8.064516129032262,1,target,0,67.74193548387096,0.0,"1, 2","target, target",0,67.74193548387096,0.0
diggle_table_a2__NumericFeature[col_6;+0.5std],numeric,3,87.09677419354838,96.7741935483871,9.677419354838712,87.09677419354838,0.0,2,target,0,87.09677419354838,0.0,"1, 2","target, target",0,87.09677419354838,0.0
diggle_table_a2__NumericFeature[col_6;+1std],numeric,3,67.74193548387096,95.16129032258065,27.419354838709687,93.54838709677419,25.806451612903224,2,target,0,67.74193548387096,0.0,"1, 2","target, target",0,67.74193548387096,0.0
diggle_table_a2__NumericFeature[col_6;+2std],numeric,3,48.38709677419355,88.70967741935483,40.32258064516129,88.70967741935483,40.32258064516129,2,target,0,48.38709677419355,0.0,1,target,0,48.38709677419355,0.0
echocardiogram__NumericFeature[f10;-2std],numeric,3,69.23076923076923,69.23076923076923,0.0,88.46153846153845,19.23076923076923,0,f10,0,88.46153846153845,19.23076923076923,4,target,0,69.23076923076923,0.0
echocardiogram__NumericFeature[f10;+2std],numeric,3,30.76923076923077,69.23076923076923,38.46153846153846,88.46153846153845,57.692307692307686,0,f10,0,88.46153846153845,57.692307692307686,1,target,0,30.76923076923077,0.0
ecoli__NumericFeature[f6;-2std],numeric,11,56.71641791044776,67.16417910447761,10.447761194029859,77.61194029850746,20.895522388059707,8,f1,1,56.71641791044776,0.0,"3, 4","target, target",2,64.17910447761194,7.462686567164178
ecoli__NumericFeature[f6;-1std],numeric,11,59.70149253731343,67.16417910447761,7.462686567164189,77.61194029850746,17.910447761194035,4,target,3,65.67164179104478,5.97014925373135,"3, 4","target, target",2,65.67164179104478,5.97014925373135
ecoli__NumericFeature[f6;+1std],numeric,11,62.68656716417911,67.16417910447761,4.477611940298509,74.6268656716418,11.940298507462687,6,target,5,62.68656716417911,0.0,"5, 9","f5, target",2,62.68656716417911,0.0
ecoli__NumericFeature[f6;+2std],numeric,11,31.343283582089555,67.16417910447761,35.820895522388064,73.13432835820896,41.7910447761194,0,f6,0,82.08955223880598,50.74626865671642,5,f5,1,31.343283582089555,0.0
ecoli__NumericFeature[f1;+2std],numeric,11,37.3134328358209,67.16417910447761,29.85074626865672,70.1492537313433,32.83582089552239,2,f1,4,71.64179104477611,34.328358208955216,"8, 4","f1, target",0,85.07462686567165,47.76119402985074
ecoli__NumericFeature[f2;-2std],numeric,11,70.1492537313433,67.16417910447761,-2.985074626865669,77.61194029850746,7.462686567164178,5,f5,2,70.1492537313433,0.0,8,f1,1,74.6268656716418,4.477611940298509
ecoli__NumericFeature[f2;+1std],numeric,11,70.1492537313433,67.16417910447761,-2.985074626865669,83.5820895522388,13.432835820895516,4,target,3,70.1492537313433,0.0,10,target,1,70.1492537313433,0.0
ecoli__NumericFeature[f2;+2std],numeric,11,46.26865671641791,67.16417910447761,20.895522388059707,83.5820895522388,37.31343283582089,6,target,1,70.1492537313433,23.880597014925375,10,target,1,46.26865671641791,0.0
elusage__NumericFeature[average_temperature;-2std],numeric,7,45.45454545454545,45.45454545454545,0.0,90.9090909090909,45.45454545454545,3,target,0,54.54545454545454,9.090909090909088,4,average_temperature,0,45.45454545454545,0.0
elusage__NumericFeature[average_temperature;-1std],numeric,7,72.72727272727273,45.45454545454545,-27.272727272727277,72.72727272727273,0.0,3,target,0,72.72727272727273,0.0,4,average_temperature,0,63.63636363636363,-9.090909090909093
elusage__NumericFeature[average_temperature;+1std],numeric,7,63.63636363636363,45.45454545454545,-18.181818181818183,63.63636363636363,0.0,5,target,0,63.63636363636363,0.0,"2, 5","target, target",0,63.63636363636363,0.0
elusage__NumericFeature[average_temperature;+2std],numeric,7,54.54545454545454,45.45454545454545,-9.090909090909088,45.45454545454545,-9.090909090909088,1,average_temperature,0,54.54545454545454,0.0,1,average_temperature,0,54.54545454545454,0.0
energy-y1__NumericFeature[f7;-2std],numeric,59,77.12418300653596,89.54248366013073,12.418300653594772,84.9673202614379,7.843137254901955,30,target,34,81.04575163398692,3.9215686274509776,4,f7,0,77.12418300653596,0.0
energy-y1__NumericFeature[f7;-1std],numeric,59,85.62091503267973,89.54248366013073,3.9215686274509887,96.73202614379085,11.111111111111116,54,target,37,87.58169934640523,1.9607843137254943,13,target,1,85.62091503267973,0.0
energy-y1__NumericFeature[f7;+2std],numeric,59,79.73856209150327,89.54248366013073,9.80392156862745,88.88888888888889,9.15032679738561,26,target,35,79.73856209150327,0.0,3,f1,1,79.73856209150327,0.0
energy-y1__NumericFeature[f1;-2std],numeric,59,86.27450980392157,89.54248366013073,3.26797385620915,94.77124183006535,8.496732026143782,29,target,48,86.9281045751634,0.6535947712418277,13,target,1,86.27450980392157,0.0
energy-y1__NumericFeature[f1;-1std],numeric,59,86.27450980392157,89.54248366013073,3.26797385620915,90.84967320261438,4.575163398692805,27,target,48,84.9673202614379,-1.3071895424836666,13,target,1,86.27450980392157,0.0
energy-y1__NumericFeature[f1;+2std],numeric,59,84.31372549019608,89.54248366013073,5.228758169934644,96.73202614379085,12.418300653594772,51,target,48,83.00653594771242,-1.3071895424836555,"22, 51","target, target",2,83.00653594771242,-1.3071895424836555
energy-y1__NumericFeature[f2;-2std],numeric,59,43.790849673202615,89.54248366013073,45.751633986928105,88.23529411764706,44.44444444444444,0,f2,4,84.31372549019608,40.52287581699346,2,f3,1,43.790849673202615,0.0
energy-y1__NumericFeature[f2;-1std],numeric,59,56.86274509803921,89.54248366013073,32.67973856209151,88.23529411764706,31.372549019607842,27,target,30,58.82352941176471,1.9607843137254943,13,target,1,56.86274509803921,0.0
energy-y1__NumericFeature[f2;-0.5std],numeric,59,75.81699346405229,89.54248366013073,13.725490196078438,88.23529411764706,12.418300653594772,28,target,45,81.69934640522875,5.882352941176472,13,target,1,75.81699346405229,0.0
energy-y1__NumericFeature[f2;+0.5std],numeric,59,76.47058823529412,89.54248366013073,13.07189542483661,90.84967320261438,14.379084967320265,43,target,47,76.47058823529412,0.0,13,target,1,76.47058823529412,0.0
energy-y1__NumericFeature[f2;+1std],numeric,59,65.359477124183,89.54248366013073,24.183006535947715,89.54248366013073,24.183006535947715,34,target,47,64.05228758169935,-1.3071895424836666,4,f7,1,65.359477124183,0.0
energy-y1__NumericFeature[f2;+2std],numeric,59,49.673202614379086,89.54248366013073,39.869281045751634,90.19607843137256,40.52287581699346,43,target,47,49.673202614379086,0.0,1,f7,1,49.673202614379086,0.0
energy-y1__NumericFeature[f3;+2std],numeric,59,88.23529411764706,89.54248366013073,1.3071895424836666,92.15686274509804,3.9215686274509776,17,target,36,90.84967320261438,2.614379084967322,3,f1,1,88.23529411764706,0.0
energy-y2__NumericFeature[f7;-2std],numeric,57,64.05228758169935,86.9281045751634,22.87581699346406,95.42483660130719,31.372549019607852,9,target,34,73.8562091503268,9.80392156862746,"9, 15","target, target",1,88.88888888888889,24.836601307189543
energy-y2__NumericFeature[f7;-0.5std],numeric,57,81.69934640522875,86.9281045751634,5.228758169934644,92.81045751633987,11.111111111111116,40,target,38,82.35294117647058,0.6535947712418277,29,target,0,81.69934640522875,0.0
energy-y2__NumericFeature[f2;-2std],numeric,57,39.869281045751634,86.9281045751634,47.05882352941176,88.88888888888889,49.019607843137244,0,f2,40,79.73856209150327,39.869281045751634,2,f7,1,39.869281045751634,0.0
energy-y2__NumericFeature[f2;-1std],numeric,57,53.59477124183007,86.9281045751634,33.333333333333336,88.88888888888889,35.29411764705882,8,target,40,69.28104575163398,15.686274509803921,2,f7,1,53.59477124183007,0.0
energy-y2__NumericFeature[f2;-0.5std],numeric,57,71.89542483660131,86.9281045751634,15.032679738562093,77.77777777777779,5.882352941176472,8,target,39,83.00653594771242,11.111111111111116,2,f7,1,71.89542483660131,0.0
energy-y2__NumericFeature[f2;+0.5std],numeric,57,73.20261437908496,86.9281045751634,13.725490196078438,93.4640522875817,20.261437908496738,35,target,39,73.20261437908496,0.0,4,f7,1,73.20261437908496,0.0
energy-y2__NumericFeature[f2;+1std],numeric,57,56.209150326797385,86.9281045751634,30.718954248366014,94.11764705882352,37.908496732026144,31,target,36,62.091503267973856,5.882352941176472,4,f7,1,56.209150326797385,0.0
energy-y2__NumericFeature[f2;+2std],numeric,57,49.01960784313725,86.9281045751634,37.90849673202615,94.11764705882352,45.09803921568628,31,target,33,56.86274509803921,7.8431372549019605,1,f3,1,49.01960784313725,0.0
energy-y2__NumericFeature[f3;-2std],numeric,57,77.77777777777779,86.9281045751634,9.150326797385622,93.4640522875817,15.686274509803921,40,target,25,78.43137254901961,0.6535947712418277,4,f7,1,77.77777777777779,0.0
energy-y2__NumericFeature[f3;+1std],numeric,57,75.16339869281046,86.9281045751634,11.764705882352944,93.4640522875817,18.300653594771244,40,target,15,75.81699346405229,0.6535947712418277,3,f7,1,75.16339869281046,0.0
energy-y2__NumericFeature[f3;+2std],numeric,57,75.16339869281046,86.9281045751634,11.764705882352944,93.4640522875817,18.300653594771244,40,target,15,75.81699346405229,0.6535947712418277,3,f7,1,75.16339869281046,0.0
heart-hungarian__NumericFeature[f2;-2std],numeric,19,65.51724137931035,56.896551724137936,-8.62068965517241,68.96551724137932,3.4482758620689724,2,f2,0,82.75862068965517,17.24137931034483,"2, 6","f2, f6",0,82.75862068965517,17.24137931034483
heart-hungarian__NumericFeature[f11;-2std],numeric,19,62.06896551724138,56.896551724137936,-5.1724137931034475,56.896551724137936,-5.1724137931034475,5,target,8,68.96551724137932,6.896551724137934,2,f2,1,62.06896551724138,0.0
heart-hungarian__NumericFeature[f11;-1std],numeric,19,62.06896551724138,56.896551724137936,-5.1724137931034475,58.620689655172406,-3.4482758620689724,5,target,8,68.96551724137932,6.896551724137934,2,f2,1,62.06896551724138,0.0
heart-hungarian__NumericFeature[f11;+2std],numeric,19,74.13793103448276,56.896551724137936,-17.24137931034483,43.103448275862064,-31.034482758620697,16,target,2,82.75862068965517,8.62068965517241,"8, 16","f10, target",2,81.03448275862068,6.896551724137923
horse-colic__NumericFeature[f23;-2std],numeric,19,49.31506849315068,63.013698630136986,13.698630136986301,93.15068493150685,43.83561643835616,1,f23,0,50.68493150684932,1.3698630136986356,6,f22,1,49.31506849315068,0.0
horse-colic__NumericFeature[f23;-1std],numeric,19,50.68493150684932,63.013698630136986,12.328767123287665,93.15068493150685,42.46575342465753,1,f23,0,50.68493150684932,0.0,6,f22,1,50.68493150684932,0.0
horse-colic__NumericFeature[f23;-0.5std],numeric,19,50.68493150684932,63.013698630136986,12.328767123287665,93.15068493150685,42.46575342465753,1,f23,0,84.93150684931507,34.246575342465746,6,f22,1,50.68493150684932,0.0
horse-colic__NumericFeature[f1;-2std],numeric,19,71.23287671232876,63.013698630136986,-8.21917808219178,73.97260273972603,2.73972602739726,3,f22,5,71.23287671232876,0.0,5,f14,1,71.23287671232876,0.0
horse-colic__NumericFeature[f1;-1std],numeric,19,71.23287671232876,63.013698630136986,-8.21917808219178,73.97260273972603,2.73972602739726,3,f22,5,71.23287671232876,0.0,5,f14,1,71.23287671232876,0.0
horse-colic__NumericFeature[f1;+2std],numeric,19,54.794520547945204,63.013698630136986,8.21917808219178,57.534246575342465,2.73972602739726,10,target,2,57.534246575342465,2.73972602739726,1,f23,1,54.794520547945204,0.0
horse-colic__NumericFeature[f12;+1std],numeric,19,73.97260273972603,63.013698630136986,-10.95890410958904,87.67123287671232,13.698630136986301,8,f4,2,75.34246575342466,1.3698630136986356,18,target,1,73.97260273972603,0.0
horse-colic__NumericFeature[f12;+2std],numeric,19,61.64383561643836,63.013698630136986,1.3698630136986245,87.67123287671232,26.027397260273965,2,f12,1,83.56164383561644,21.91780821917808,18,target,1,61.64383561643836,0.0
ionosphere__NumericFeature[f26;+0.5std],numeric,5,78.57142857142857,85.71428571428571,7.14285714285714,87.14285714285714,8.571428571428575,2,f26,0,85.71428571428571,7.14285714285714,3,target,0,78.57142857142857,0.0
ionosphere__NumericFeature[f26;+1std],numeric,5,64.28571428571429,85.71428571428571,21.42857142857142,85.71428571428571,21.42857142857142,2,f26,0,85.71428571428571,21.42857142857142,3,target,0,64.28571428571429,0.0
ionosphere__NumericFeature[f26;+2std],numeric,5,40.0,85.71428571428571,45.71428571428571,91.42857142857143,51.42857142857142,2,f26,0,85.71428571428571,45.71428571428571,3,target,0,40.0,0.0
ionosphere__NumericFeature[f4;-2std],numeric,5,45.714285714285715,84.28571428571429,38.57142857142858,84.28571428571429,38.57142857142858,0,f4,0,88.57142857142857,42.857142857142854,2,f26,1,41.42857142857143,-4.285714285714281
iris__NumericFeature[f3;-2std],numeric,13,40.0,80.0,40.0,96.66666666666667,56.666666666666664,1,target,4,26.666666666666668,-13.333333333333336,3,f4,1,40.0,0.0
iris__NumericFeature[f3;-1std],numeric,13,83.33333333333334,80.0,-3.3333333333333326,96.66666666666667,13.33333333333333,8,target,5,90.0,6.666666666666665,4,f3,0,83.33333333333334,0.0
iris__NumericFeature[f3;-0.5std],numeric,13,90.0,80.0,-9.999999999999998,96.66666666666667,6.666666666666665,8,target,6,96.66666666666667,6.666666666666665,10,target,0,90.0,0.0
iris__NumericFeature[f3;+0.5std],numeric,13,70.0,80.0,10.000000000000009,93.33333333333333,23.33333333333334,5,target,4,63.33333333333333,-6.666666666666665,"4, 5","f3, target",1,66.66666666666666,-3.3333333333333326
iris__NumericFeature[f3;+1std],numeric,13,30.0,80.0,50.0,90.0,60.00000000000001,5,target,4,60.0,30.0,"4, 5","f3, target",1,73.33333333333333,43.33333333333333
iris__NumericFeature[f3;+2std],numeric,13,30.0,80.0,50.0,90.0,60.00000000000001,12,target,5,36.666666666666664,6.666666666666665,"5, 12","target, target",2,60.0,30.0
iris__NumericFeature[f4;+0.5std],numeric,13,73.33333333333333,80.0,6.666666666666677,96.66666666666667,23.33333333333334,7,target,8,93.33333333333333,20.000000000000007,9,f2,1,73.33333333333333,0.0
iris__NumericFeature[f4;+1std],numeric,13,63.33333333333333,76.66666666666667,13.333333333333341,96.66666666666667,33.333333333333336,3,f4,8,93.33333333333333,30.000000000000004,"3, 4","f4, f3",1,93.33333333333333,30.000000000000004
iris__NumericFeature[f4;+2std],numeric,13,63.33333333333333,70.0,6.666666666666665,96.66666666666667,33.333333333333336,3,f4,8,93.33333333333333,30.000000000000004,"3, 4","f4, f3",1,93.33333333333333,30.000000000000004
low-res-spect__NumericFeature[f25;+0.5std],numeric,59,66.98113207547169,78.30188679245283,11.32075471698114,79.24528301886792,12.264150943396235,58,target,29,71.69811320754717,4.716981132075471,4,f14,1,66.98113207547169,0.0
low-res-spect__NumericFeature[f25;+1std],numeric,59,64.15094339622641,78.30188679245283,14.150943396226424,87.73584905660378,23.584905660377366,58,target,26,64.15094339622641,0.0,4,f14,1,64.15094339622641,0.0
low-res-spect__NumericFeature[f25;+2std],numeric,59,62.264150943396224,78.30188679245283,16.03773584905661,87.73584905660378,25.47169811320755,36,target,10,61.32075471698113,-0.9433962264150941,4,f14,1,62.264150943396224,0.0
low-res-spect__NumericFeature[f75;-2std],numeric,59,42.45283018867924,78.30188679245283,35.84905660377359,87.73584905660378,45.28301886792453,2,f75,0,84.90566037735849,42.45283018867924,12,f79,1,42.45283018867924,0.0
low-res-spect__NumericFeature[f75;-1std],numeric,59,71.69811320754717,78.30188679245283,6.60377358490567,87.73584905660378,16.03773584905661,11,target,5,84.90566037735849,13.20754716981133,12,f79,1,71.69811320754717,0.0
low-res-spect__NumericFeature[f50;-2std],numeric,59,55.660377358490564,78.30188679245283,22.64150943396227,87.73584905660378,32.07547169811321,37,target,0,84.90566037735849,29.24528301886793,11,target,1,55.660377358490564,0.0
low-res-spect__NumericFeature[f29;-2std],numeric,59,42.45283018867924,64.15094339622641,21.698113207547166,87.73584905660378,45.28301886792453,57,target,38,84.90566037735849,42.45283018867924,11,target,1,42.45283018867924,0.0
low-res-spect__NumericFeature[f29;-1std],numeric,59,66.98113207547169,72.64150943396226,5.660377358490565,87.73584905660378,20.75471698113208,57,target,38,84.90566037735849,17.9245283018868,11,target,1,66.98113207547169,0.0
low-res-spect__NumericFeature[f79;+1std],numeric,59,78.30188679245283,78.30188679245283,0.0,83.9622641509434,5.660377358490565,36,target,5,84.90566037735849,6.6037735849056585,11,target,1,78.30188679245283,0.0
low-res-spect__NumericFeature[f79;+2std],numeric,59,44.339622641509436,78.30188679245283,33.9622641509434,75.47169811320755,31.132075471698116,36,target,0,84.90566037735849,40.56603773584906,11,target,1,44.339622641509436,0.0
lowbwt__NumericFeature[LOW;-2std],numeric,7,59.45945945945946,81.08108108108108,21.62162162162162,54.054054054054056,-5.405405405405405,3,target,5,62.16216216216216,2.7027027027026973,"2, 5","LWT, target",2,56.75675675675676,-2.7027027027027084
lowbwt__NumericFeature[LOW;-1std],numeric,7,83.78378378378379,81.08108108108108,-2.7027027027026973,81.08108108108108,-2.7027027027026973,3,target,5,81.08108108108108,-2.7027027027026973,"2, 5","LWT, target",2,83.78378378378379,0.0
lowbwt__NumericFeature[LOW;+2std],numeric,7,48.64864864864865,81.08108108108108,32.432432432432435,48.64864864864865,0.0,0,LOW,0,83.78378378378379,35.13513513513513,4,target,1,48.64864864864865,0.0
mammographic__NumericFeature[f1;-2std],numeric,17,73.95833333333334,82.8125,8.854166666666663,77.08333333333334,3.125,6,f5,2,73.95833333333334,0.0,6,f5,1,73.95833333333334,0.0
mammographic__NumericFeature[f1;-1std],numeric,17,73.95833333333334,82.8125,8.854166666666663,80.20833333333334,6.25,6,f5,2,73.95833333333334,0.0,6,f5,1,73.95833333333334,0.0
mammographic__NumericFeature[f5;+1std],numeric,17,57.291666666666664,82.8125,25.520833333333336,82.29166666666666,25.0,6,f5,8,81.77083333333334,24.479166666666675,"5, 12","target, target",1,83.33333333333334,26.041666666666675
mammographic__NumericFeature[f5;+2std],numeric,17,56.770833333333336,82.8125,26.041666666666664,84.375,27.604166666666664,6,f5,9,81.77083333333334,25.0,"5, 6","target, f5",1,81.77083333333334,25.0
mammographic__NumericFeature[f4;-2std],numeric,17,68.22916666666666,82.8125,14.583333333333337,82.29166666666666,14.0625,2,f4,6,81.77083333333334,13.541666666666675,"5, 14","target, target",1,81.77083333333334,13.541666666666675
"meta__CategoricalFeature[Alg_Name_Cascade=True;p=0,3]",binary,19,75.23809523809524,83.80952380952381,8.571428571428575,90.47619047619048,15.238095238095239,13,target,3,66.66666666666666,-8.571428571428575,"4, 13","target, target",2,62.857142857142854,-12.380952380952381
"meta__CategoricalFeature[Alg_Name_Cascade=True;p=0,5]",binary,19,67.61904761904762,83.80952380952381,16.19047619047619,88.57142857142857,20.952380952380945,13,target,2,57.14285714285714,-10.476190476190483,4,target,1,67.61904761904762,0.0
"meta__CategoricalFeature[Alg_Name_Cascade=True;p=0,7]",binary,19,61.904761904761905,83.80952380952381,21.904761904761905,88.57142857142857,26.66666666666666,13,target,1,48.57142857142857,-13.333333333333336,4,target,1,61.904761904761905,0.0
"meta__CategoricalFeature[Alg_Name_Cascade=True;p=0,9]",binary,19,56.19047619047619,83.80952380952381,27.61904761904762,88.57142857142857,32.38095238095238,13,target,1,40.0,-16.19047619047619,4,target,1,56.19047619047619,0.0
mfeat-morphological__NumericFeature[att6;-2std],numeric,17,80.25,98.25,18.000000000000004,100.0,19.75,7,att1,6,79.25,-1.0000000000000009,7,att1,1,79.25,-1.0000000000000009
mfeat-morphological__NumericFeature[att6;-1std],numeric,17,89.25,98.75,9.500000000000009,100.0,10.750000000000004,7,att1,6,88.75,-0.5000000000000004,7,att1,1,88.75,-0.5000000000000004
mfeat-morphological__NumericFeature[att6;+0.5std],numeric,17,90.25,99.75,9.500000000000009,100.0,9.750000000000004,1,att3,5,90.25,0.0,1,att3,1,90.25,0.0
mfeat-morphological__NumericFeature[att6;+1std],numeric,17,90.25,99.75,9.500000000000009,100.0,9.750000000000004,1,att3,5,90.25,0.0,1,att3,1,90.25,0.0
mfeat-morphological__NumericFeature[att6;+2std],numeric,17,90.25,99.75,9.500000000000009,100.0,9.750000000000004,1,att3,5,90.25,0.0,1,att3,1,90.25,0.0
mfeat-morphological__NumericFeature[att3;+2std],numeric,17,90.25,99.25,9.000000000000007,98.75,8.500000000000007,4,target,6,95.5,5.249999999999999,"4, 8","target, target",0,95.5,5.249999999999999
molec-biol-splice__NumericFeature[f29;+0.5std],numeric,57,71.78683385579937,85.8934169278997,14.106583072100321,92.78996865203762,21.003134796238243,9,target,32,71.78683385579937,0.0,"3, 14","f30, target",1,71.78683385579937,0.0
molec-biol-splice__NumericFeature[f29;+1std],numeric,57,71.78683385579937,85.8934169278997,14.106583072100321,86.99059561128527,15.2037617554859,9,target,32,71.78683385579937,0.0,"3, 14","f30, target",1,71.78683385579937,0.0
molec-biol-splice__NumericFeature[f29;+2std],numeric,57,71.78683385579937,85.8934169278997,14.106583072100321,87.14733542319749,15.36050156739812,10,f30,31,71.78683385579937,0.0,"14, 7","target, f35",1,71.78683385579937,0.0
molec-biol-splice__NumericFeature[f30;-2std],numeric,57,68.65203761755487,85.8934169278997,17.24137931034483,86.83385579937304,18.181818181818176,3,f30,42,82.13166144200626,13.479623824451403,"40, 41","f30, target",1,73.51097178683386,4.858934169278994
molec-biol-splice__NumericFeature[f30;-1std],numeric,57,68.02507836990596,85.8934169278997,17.868338557993734,92.6332288401254,24.608150470219435,3,f30,42,82.13166144200626,14.10658307210031,"3, 19","f30, f33",1,82.13166144200626,14.10658307210031
molec-biol-splice__NumericFeature[f30;+1std],numeric,57,72.10031347962382,85.8934169278997,13.793103448275868,92.31974921630093,20.219435736677116,10,f30,41,86.20689655172413,14.10658307210031,"2, 24","f31, f28",2,71.47335423197492,-0.6269592476489061
molec-biol-splice__NumericFeature[f30;+2std],numeric,57,71.78683385579937,85.8934169278997,14.106583072100321,89.96865203761756,18.181818181818187,10,f30,41,85.42319749216301,13.636363636363635,"3, 19","f30, f33",1,72.88401253918495,1.0971786833855801
molec-biol-splice__NumericFeature[f32;-2std],numeric,57,75.07836990595611,85.8934169278997,10.815047021943581,73.04075235109718,-2.037617554858928,51,target,20,78.0564263322884,2.9780564263322873,"24, 51","f28, target",2,78.0564263322884,2.9780564263322873
molec-biol-splice__NumericFeature[f32;-1std],numeric,57,75.07836990595611,85.8934169278997,10.815047021943581,86.67711598746082,11.598746081504707,51,target,20,78.0564263322884,2.9780564263322873,"24, 51","f28, target",2,78.0564263322884,2.9780564263322873
molec-biol-splice__NumericFeature[f32;-0.5std],numeric,57,75.07836990595611,85.8934169278997,10.815047021943581,92.78996865203762,17.711598746081503,51,target,20,78.0564263322884,2.9780564263322873,"24, 51","f28, target",2,78.0564263322884,2.9780564263322873
molec-biol-splice__NumericFeature[f31;-2std],numeric,57,74.76489028213166,85.8934169278997,11.128526645768034,83.69905956112854,8.934169278996873,2,f31,2,91.69278996865204,16.927899686520377,4,target,1,74.76489028213166,0.0
molec-biol-splice__NumericFeature[f31;-1std],numeric,57,73.04075235109718,85.8934169278997,12.852664576802509,88.40125391849529,15.36050156739811,51,target,34,73.04075235109718,0.0,4,target,1,73.04075235109718,0.0
molec-biol-splice__NumericFeature[f31;+1std],numeric,57,70.6896551724138,85.8934169278997,15.2037617554859,83.69905956112854,13.00940438871474,6,f31,33,90.12539184952978,19.43573667711599,4,target,1,70.6896551724138,0.0
molec-biol-splice__NumericFeature[f31;+2std],numeric,57,68.80877742946709,85.8934169278997,17.084639498432608,88.87147335423198,20.062695924764895,6,f31,16,87.14733542319749,18.338557993730408,4,target,1,68.80877742946709,0.0
molec-biol-splice__NumericFeature[f28;-1std],numeric,57,82.60188087774296,85.8934169278997,3.2915360501567403,90.12539184952978,7.523510971786829,51,target,20,77.4294670846395,-5.1724137931034475,"17, 19","f28, f33",1,89.65517241379311,7.053291536050155
molec-biol-splice__NumericFeature[f28;-0.5std],numeric,57,82.60188087774296,85.8934169278997,3.2915360501567403,91.22257053291536,8.62068965517241,51,target,20,77.4294670846395,-5.1724137931034475,"17, 19","f28, f33",1,89.65517241379311,7.053291536050155
molec-biol-splice__NumericFeature[f28;+0.5std],numeric,57,78.36990595611285,85.8934169278997,7.523510971786839,92.00626959247649,13.636363636363635,27,target,19,90.59561128526646,12.225705329153602,"27, 41","target, target",1,90.59561128526646,12.225705329153602
molec-biol-splice__NumericFeature[f28;+1std],numeric,57,78.36990595611285,85.8934169278997,7.523510971786839,92.00626959247649,13.636363636363635,27,target,19,90.59561128526646,12.225705329153602,"27, 41","target, target",1,90.59561128526646,12.225705329153602
molec-biol-splice__NumericFeature[f35;+0.5std],numeric,57,78.84012539184953,85.8934169278997,7.053291536050166,90.9090909090909,12.06896551724138,51,target,23,78.84012539184953,0.0,4,target,1,78.84012539184953,0.0
molec-biol-splice__NumericFeature[f35;+1std],numeric,57,78.84012539184953,85.8934169278997,7.053291536050166,89.18495297805643,10.344827586206906,51,target,23,78.84012539184953,0.0,4,target,1,78.84012539184953,0.0
molec-biol-splice__NumericFeature[f35;+2std],numeric,57,78.0564263322884,85.8934169278997,7.836990595611293,87.61755485893417,9.561128526645767,12,f35,16,91.53605015673982,13.479623824451414,4,target,1,78.0564263322884,0.0
monks-1__NumericFeature[f1;-2std],numeric,51,69.36936936936937,67.56756756756756,-1.8018018018018056,67.56756756756756,-1.8018018018018056,34,f1,24,69.36936936936937,0.0,"23, 28","f1, target",0,83.78378378378379,14.414414414414411
monks-1__NumericFeature[f1;-1std],numeric,51,70.27027027027027,67.56756756756756,-2.7027027027027084,68.46846846846847,-1.8018018018018056,28,target,24,67.56756756756756,-2.7027027027027084,4,f2,1,70.27027027027027,0.0
monks-1__NumericFeature[f1;-0.5std],numeric,51,81.08108108108108,67.56756756756756,-13.51351351351352,78.37837837837837,-2.7027027027027084,22,target,24,94.5945945945946,13.513513513513509,8,target,1,80.18018018018019,-0.9009009009009028
monks-1__NumericFeature[f1;+0.5std],numeric,51,72.97297297297297,67.56756756756756,-5.405405405405405,78.37837837837837,5.405405405405405,28,target,24,64.86486486486487,-8.108108108108103,29,f4,1,72.97297297297297,0.0
monks-1__NumericFeature[f1;+1std],numeric,51,53.153153153153156,67.56756756756756,14.414414414414411,77.47747747747748,24.32432432432432,28,target,24,53.153153153153156,0.0,22,target,0,53.153153153153156,0.0
monks-1__NumericFeature[f1;+2std],numeric,51,54.95495495495496,67.56756756756756,12.612612612612606,63.06306306306306,8.108108108108103,14,target,24,59.45945945945946,4.504504504504503,15,f1,0,54.95495495495496,0.0
monks-1__NumericFeature[f5;-2std],numeric,51,47.74774774774775,67.56756756756756,19.819819819819816,73.87387387387388,26.126126126126124,9,target,23,42.34234234234234,-5.405405405405405,"4, 15","f2, f1",2,47.74774774774775,0.0
monks-1__NumericFeature[f5;-1std],numeric,51,81.08108108108108,67.56756756756756,-13.51351351351352,73.87387387387388,-7.207207207207212,20,target,24,84.68468468468468,3.6036036036036,8,target,0,81.98198198198197,0.9009009009008917
monks-1__NumericFeature[f5;-0.5std],numeric,51,83.78378378378379,67.56756756756756,-16.216216216216218,74.77477477477478,-9.009009009009006,20,target,24,83.78378378378379,0.0,8,target,0,82.88288288288288,-0.9009009009009028
monks-1__NumericFeature[f5;+0.5std],numeric,51,80.18018018018019,67.56756756756756,-12.612612612612617,75.67567567567568,-4.504504504504503,19,target,26,86.48648648648648,6.3063063063063085,1,target,0,80.18018018018019,0.0
monks-1__NumericFeature[f5;+1std],numeric,51,86.48648648648648,67.56756756756756,-18.918918918918926,85.58558558558559,-0.9009009009009028,19,target,26,86.48648648648648,0.0,1,target,0,86.48648648648648,0.0
monks-1__NumericFeature[f5;+2std],numeric,51,87.38738738738738,67.56756756756756,-19.819819819819816,76.57657657657657,-10.81081081081081,41,target,26,87.38738738738738,0.0,1,target,0,87.38738738738738,0.0
monks-1__NumericFeature[f2;-2std],numeric,51,66.66666666666666,67.56756756756756,0.9009009009009028,76.57657657657657,9.909909909909908,25,target,41,72.07207207207207,5.405405405405405,"4, 21","f2, f2",0,66.66666666666666,0.0
monks-1__NumericFeature[f2;-1std],numeric,51,68.46846846846847,67.56756756756756,-0.9009009009009028,70.27027027027027,1.8018018018018056,28,target,41,63.96396396396396,-4.504504504504503,14,target,1,68.46846846846847,0.0
monks-1__NumericFeature[f2;-0.5std],numeric,51,80.18018018018019,67.56756756756756,-12.612612612612617,77.47747747747748,-2.7027027027027084,34,f1,41,80.18018018018019,0.0,"16, 28","target, target",2,80.18018018018019,0.0
monks-1__NumericFeature[f2;+1std],numeric,51,70.27027027027027,67.56756756756756,-2.7027027027027084,73.87387387387388,3.6036036036036,27,target,41,77.47747747747748,7.2072072072072,5,f5,1,70.27027027027027,0.0
monks-1__NumericFeature[f2;+2std],numeric,51,72.07207207207207,67.56756756756756,-4.504504504504503,75.67567567567568,3.603603603603611,32,target,41,68.46846846846847,-3.6036036036036,11,f1,1,72.07207207207207,0.0
monks-3__NumericFeature[f5;-2std],numeric,27,76.36363636363637,93.63636363636364,17.272727272727273,87.27272727272727,10.909090909090901,20,f1,12,76.36363636363637,0.0,17,f2,1,76.36363636363637,0.0
monks-3__NumericFeature[f5;-1std],numeric,27,75.45454545454545,91.81818181818183,16.36363636363637,73.63636363636363,-1.8181818181818188,6,target,13,80.0,4.545454545454552,14,f5,0,75.45454545454545,0.0
monks-3__NumericFeature[f5;-0.5std],numeric,27,73.63636363636363,91.81818181818183,18.181818181818187,94.54545454545455,20.90909090909091,15,target,11,72.72727272727273,-0.9090909090909038,16,f5,0,73.63636363636363,0.0
monks-3__NumericFeature[f5;+1std],numeric,27,79.0909090909091,91.81818181818183,12.727272727272732,90.9090909090909,11.818181818181817,15,target,13,78.18181818181819,-0.9090909090909038,"16, 5","f5, f4",1,79.0909090909091,0.0
monks-3__NumericFeature[f5;+2std],numeric,27,61.81818181818181,91.81818181818183,30.000000000000004,90.0,28.181818181818187,6,target,14,62.727272727272734,0.909090909090915,"16, 5","f5, f4",1,63.63636363636363,1.8181818181818188
monks-3__NumericFeature[f2;-2std],numeric,27,79.0909090909091,90.9090909090909,11.818181818181817,76.36363636363637,-2.7272727272727226,21,target,19,79.0909090909091,0.0,3,f5,1,79.0909090909091,0.0
monks-3__NumericFeature[f2;-1std],numeric,27,80.9090909090909,90.9090909090909,9.999999999999998,84.54545454545455,3.6363636363636376,21,target,19,80.9090909090909,0.0,15,target,1,80.9090909090909,0.0
monks-3__NumericFeature[f2;-0.5std],numeric,27,80.9090909090909,91.81818181818183,10.909090909090914,98.18181818181819,17.272727272727273,21,target,19,80.9090909090909,0.0,15,target,1,80.9090909090909,0.0
monks-3__NumericFeature[f2;+1std],numeric,27,76.36363636363637,74.54545454545455,-1.8181818181818188,78.18181818181819,1.8181818181818188,27,target,14,76.36363636363637,0.0,2,target,0,76.36363636363637,0.0
monks-3__NumericFeature[f2;+2std],numeric,27,54.54545454545454,74.54545454545455,20.000000000000007,53.63636363636364,-0.9090909090909038,27,target,14,54.54545454545454,0.0,2,target,0,54.54545454545454,0.0
oocytes_merluccius_states_2f__NumericFeature[f7;+1std],numeric,21,73.0392156862745,81.37254901960785,8.333333333333337,88.23529411764706,15.19607843137255,19,target,17,86.27450980392157,13.235294117647067,8,target,1,73.0392156862745,0.0
oocytes_merluccius_states_2f__NumericFeature[f7;+2std],numeric,21,59.31372549019608,81.37254901960785,22.058823529411764,88.23529411764706,28.921568627450977,16,f7,17,85.29411764705883,25.98039215686274,"19, 10","target, target",2,86.27450980392157,26.960784313725494
oocytes_merluccius_states_2f__NumericFeature[f19;+0.5std],numeric,21,70.09803921568627,81.37254901960785,11.274509803921573,85.29411764705883,15.19607843137255,3,f9,1,70.09803921568627,0.0,"16, 2","f7, f19",1,70.09803921568627,0.0
oocytes_merluccius_states_2f__NumericFeature[f19;+1std],numeric,21,70.09803921568627,81.37254901960785,11.274509803921573,85.29411764705883,15.19607843137255,3,f9,1,70.09803921568627,0.0,"16, 2","f7, f19",1,70.09803921568627,0.0
oocytes_merluccius_states_2f__NumericFeature[f19;+2std],numeric,21,70.09803921568627,81.37254901960785,11.274509803921573,85.29411764705883,15.19607843137255,3,f9,1,70.09803921568627,0.0,"16, 2","f7, f19",1,70.09803921568627,0.0
oocytes_trisopterus_states_5b__NumericFeature[f9;-2std],numeric,17,47.8021978021978,77.47252747252747,29.67032967032967,85.16483516483517,37.36263736263736,4,f9,3,84.06593406593407,36.26373626373626,"3, 4","f9, f9",0,84.61538461538461,36.81318681318681
oocytes_trisopterus_states_5b__NumericFeature[f9;-1std],numeric,17,52.74725274725275,76.92307692307693,24.17582417582418,85.16483516483517,32.417582417582416,8,target,2,82.96703296703298,30.219780219780223,"3, 8","f9, target",1,84.06593406593407,31.318681318681318
oocytes_trisopterus_states_5b__NumericFeature[f9;-0.5std],numeric,17,78.57142857142857,76.92307692307693,-1.6483516483516425,86.26373626373626,7.692307692307699,8,target,5,86.26373626373626,7.692307692307699,"8, 16","target, target",2,83.51648351648352,4.94505494505495
oocytes_trisopterus_states_5b__NumericFeature[f14;-2std],numeric,17,68.68131868131869,76.37362637362637,7.692307692307687,88.46153846153845,19.780219780219777,1,f14,0,90.10989010989012,21.42857142857143,"13, 15","target, target",2,79.67032967032966,10.989010989010984
oocytes_trisopterus_states_5b__NumericFeature[f14;-1std],numeric,17,71.97802197802197,76.92307692307693,4.94505494505495,89.01098901098901,17.03296703296703,13,target,1,81.86813186813187,9.890109890109889,"13, 15","target, target",2,80.76923076923077,8.791208791208794
oocytes_trisopterus_states_5b__NumericFeature[f14;-0.5std],numeric,17,75.27472527472527,76.92307692307693,1.6483516483516536,89.56043956043956,14.28571428571429,8,target,2,75.27472527472527,0.0,2,target,1,75.27472527472527,0.0
oocytes_trisopterus_states_5b__NumericFeature[f30;+1std],numeric,17,64.28571428571429,76.92307692307693,12.637362637362637,89.56043956043956,25.274725274725274,16,target,7,62.637362637362635,-1.6483516483516536,"6, 16","f27, target",2,62.08791208791209,-2.197802197802201
oocytes_trisopterus_states_5b__NumericFeature[f30;+2std],numeric,17,42.857142857142854,76.92307692307693,34.06593406593407,89.56043956043956,46.70329670329671,0,f30,9,83.51648351648352,40.659340659340664,3,f9,1,42.857142857142854,0.0
oocytes_trisopterus_states_5b__NumericFeature[f27;+0.5std],numeric,17,63.73626373626373,76.92307692307693,13.186813186813195,89.56043956043956,25.824175824175832,16,target,12,60.43956043956044,-3.296703296703296,"15, 16","target, target",2,57.14285714285714,-6.593406593406592
oocytes_trisopterus_states_5b__NumericFeature[f27;+1std],numeric,17,50.0,76.92307692307693,26.923076923076927,89.56043956043956,39.56043956043956,6,f27,10,88.46153846153845,38.46153846153846,"15, 16","target, target",2,43.40659340659341,-6.593406593406592
oocytes_trisopterus_states_5b__NumericFeature[f27;+2std],numeric,17,50.54945054945055,76.92307692307693,26.37362637362638,89.56043956043956,39.010989010989015,6,f27,10,83.51648351648352,32.96703296703297,"10, 6","f28, f27",1,83.51648351648352,32.96703296703297
parkinsons__NumericFeature[f22;-2std],numeric,3,43.58974358974359,84.61538461538461,41.02564102564102,87.17948717948718,43.58974358974359,0,f22,0,87.17948717948718,43.58974358974359,2,target,0,43.58974358974359,0.0
parkinsons__NumericFeature[f22;+0.5std],numeric,3,79.48717948717949,87.17948717948718,7.692307692307699,87.17948717948718,7.692307692307699,2,target,0,79.48717948717949,0.0,1,target,0,79.48717948717949,0.0
parkinsons__NumericFeature[f22;+1std],numeric,3,76.92307692307693,87.17948717948718,10.256410256410254,87.17948717948718,10.256410256410254,2,target,0,76.92307692307693,0.0,1,target,0,76.92307692307693,0.0
parkinsons__NumericFeature[f22;+2std],numeric,3,76.92307692307693,87.17948717948718,10.256410256410254,87.17948717948718,10.256410256410254,2,target,0,76.92307692307693,0.0,1,target,0,76.92307692307693,0.0
pittsburg-bridges-MATERIAL__NumericFeature[f3;-2std],numeric,5,33.33333333333333,76.19047619047619,42.857142857142854,47.61904761904761,14.285714285714285,1,target,0,80.95238095238095,47.61904761904762,2,f4,1,33.33333333333333,0.0
pittsburg-bridges-MATERIAL__NumericFeature[f4;-2std],numeric,5,57.14285714285714,76.19047619047619,19.047619047619047,76.19047619047619,19.047619047619047,3,target,2,90.47619047619048,33.333333333333336,"1, 3","target, target",1,90.47619047619048,33.333333333333336
pittsburg-bridges-MATERIAL__NumericFeature[f4;-1std],numeric,5,57.14285714285714,76.19047619047619,19.047619047619047,71.42857142857143,14.28571428571429,3,target,2,90.47619047619048,33.333333333333336,"1, 3","target, target",1,90.47619047619048,33.333333333333336
prnn_synth__NumericFeature[ys;-2std],numeric,13,50.0,84.0,34.0,66.0,16.000000000000004,15,target,2,48.0,-2.0000000000000018,"9, 15","target, target",2,48.0,-2.0000000000000018
prnn_synth__NumericFeature[ys;+2std],numeric,13,64.0,74.0,9.999999999999998,62.0,-2.0000000000000018,14,xs,6,64.0,0.0,14,xs,1,64.0,0.0
prnn_synth__NumericFeature[xs;-2std],numeric,13,62.0,82.0,19.999999999999996,84.0,21.999999999999996,3,target,3,86.0,24.0,14,xs,0,62.0,0.0
prnn_synth__NumericFeature[xs;-1std],numeric,13,66.0,80.0,14.000000000000002,84.0,17.999999999999993,3,target,3,86.0,19.999999999999996,5,target,1,66.0,0.0
rabe_131__NumericFeature[col_1;-2std],numeric,3,40.0,60.0,19.999999999999996,40.0,0.0,1,target,0,60.0,19.999999999999996,2,target,0,40.0,0.0
rabe_131__NumericFeature[col_1;-1std],numeric,3,70.0,60.0,-9.999999999999998,70.0,0.0,1,target,0,60.0,-9.999999999999998,"1, 2","target, target",0,60.0,-9.999999999999998
rabe_131__NumericFeature[col_1;-0.5std],numeric,3,70.0,60.0,-9.999999999999998,70.0,0.0,1,target,0,60.0,-9.999999999999998,"1, 2","target, target",0,60.0,-9.999999999999998
rabe_131__NumericFeature[col_1;+0.5std],numeric,3,80.0,60.0,-20.000000000000007,90.0,9.999999999999998,0,col_1,0,70.0,-10.000000000000009,"1, 2","target, target",0,80.0,0.0
rabe_131__NumericFeature[col_1;+1std],numeric,3,80.0,60.0,-20.000000000000007,80.0,0.0,0,col_1,0,70.0,-10.000000000000009,1,target,0,60.0,-20.000000000000007
rabe_131__NumericFeature[col_1;+2std],numeric,3,60.0,60.0,0.0,50.0,-9.999999999999998,0,col_1,0,70.0,9.999999999999998,1,target,0,60.0,0.0
schlvote__NumericFeature[budget;-2std],numeric,3,28.57142857142857,85.71428571428571,57.14285714285714,14.285714285714285,-14.285714285714285,1,target,0,85.71428571428571,57.14285714285714,"1, 2","target, target",0,85.71428571428571,57.14285714285714
schlvote__NumericFeature[budget;-1std],numeric,3,28.57142857142857,85.71428571428571,57.14285714285714,14.285714285714285,-14.285714285714285,2,target,0,28.57142857142857,0.0,1,target,0,85.71428571428571,57.14285714285714
schlvote__NumericFeature[budget;-0.5std],numeric,3,57.14285714285714,85.71428571428571,28.57142857142857,42.857142857142854,-14.285714285714285,2,target,0,57.14285714285714,0.0,1,target,0,85.71428571428571,28.57142857142857
seeds__NumericFeature[f6;-2std],numeric,15,71.42857142857143,80.95238095238095,9.523809523809524,85.71428571428571,14.28571428571428,13,target,8,80.95238095238095,9.523809523809524,6,target,0,71.42857142857143,0.0
seeds__NumericFeature[f7;-2std],numeric,15,66.66666666666666,83.33333333333334,16.666666666666675,80.95238095238095,14.28571428571429,7,target,11,66.66666666666666,0.0,12,target,1,66.66666666666666,0.0
seeds__NumericFeature[f7;-1std],numeric,15,61.904761904761905,80.95238095238095,19.047619047619047,78.57142857142857,16.666666666666664,10,target,11,64.28571428571429,2.3809523809523836,"1, 8","target, f7",1,76.19047619047619,14.28571428571428
seeds__NumericFeature[f7;+2std],numeric,15,64.28571428571429,78.57142857142857,14.28571428571428,83.33333333333334,19.047619047619047,3,f6,11,64.28571428571429,0.0,3,f6,1,64.28571428571429,0.0
seeds__NumericFeature[f5;-2std],numeric,15,40.476190476190474,80.95238095238095,40.476190476190474,88.09523809523809,47.61904761904761,3,f6,5,40.476190476190474,0.0,3,f6,1,40.476190476190474,0.0
seeds__NumericFeature[f5;-1std],numeric,15,66.66666666666666,80.95238095238095,14.28571428571429,88.09523809523809,21.42857142857143,8,f7,4,66.66666666666666,0.0,12,target,1,66.66666666666666,0.0
seeds__NumericFeature[f5;+1std],numeric,15,50.0,80.95238095238095,30.952380952380953,90.47619047619048,40.476190476190474,7,target,5,64.28571428571429,14.28571428571429,11,f2,1,50.0,0.0
seeds__NumericFeature[f5;+2std],numeric,15,38.095238095238095,80.95238095238095,42.85714285714286,85.71428571428571,47.61904761904761,9,target,7,47.61904761904761,9.523809523809524,"7, 8","target, f7",1,69.04761904761905,30.952380952380953
soybean__NumericFeature[f14;+1std],numeric,59,63.970588235294116,52.20588235294118,-11.764705882352933,86.02941176470588,22.058823529411775,49,target,19,67.64705882352942,3.6764705882353033,4,f8,1,63.970588235294116,0.0
soybean__NumericFeature[f14;+2std],numeric,59,60.29411764705882,52.20588235294118,-8.088235294117641,86.02941176470588,25.73529411764707,49,target,18,63.970588235294116,3.676470588235292,4,f8,1,60.29411764705882,0.0
soybean__NumericFeature[f22;-2std],numeric,59,59.55882352941176,52.20588235294118,-7.352941176470584,75.73529411764706,16.176470588235293,52,target,42,60.29411764705882,0.7352941176470562,4,f8,1,59.55882352941176,0.0
soybean__NumericFeature[f13;-2std],numeric,59,46.32352941176471,52.20588235294118,5.882352941176472,85.29411764705883,38.970588235294116,0,f13,0,77.20588235294117,30.88235294117647,"6, 39","f22, target",2,47.794117647058826,1.470588235294118
soybean__NumericFeature[f13;-1std],numeric,59,63.970588235294116,52.20588235294118,-11.764705882352933,90.44117647058823,26.470588235294123,22,target,11,61.029411764705884,-2.941176470588225,"16, 27","f12, target",2,60.29411764705882,-3.676470588235292
soybean__NumericFeature[f13;-0.5std],numeric,59,63.970588235294116,52.20588235294118,-11.764705882352933,85.29411764705883,21.323529411764707,22,target,11,61.029411764705884,-2.941176470588225,"16, 27","f12, target",2,60.29411764705882,-3.676470588235292
soybean__NumericFeature[f13;+0.5std],numeric,59,55.88235294117647,52.20588235294118,-3.676470588235292,85.29411764705883,29.411764705882348,49,target,6,56.61764705882353,0.7352941176470562,1,f35,1,55.88235294117647,0.0
soybean__NumericFeature[f13;+1std],numeric,59,55.88235294117647,52.20588235294118,-3.676470588235292,90.44117647058823,34.55882352941176,49,target,6,56.61764705882353,0.7352941176470562,1,f35,1,55.88235294117647,0.0
soybean__NumericFeature[f13;+2std],numeric,59,36.029411764705884,52.20588235294118,16.176470588235297,90.44117647058823,54.41176470588236,0,f13,0,77.20588235294117,41.1764705882353,1,f35,1,36.029411764705884,0.0
soybean__NumericFeature[f26;+1std],numeric,59,66.91176470588235,52.20588235294118,-14.705882352941169,83.82352941176471,16.91176470588236,9,target,5,65.44117647058823,-1.4705882352941124,"23, 35","f7, f1",2,65.44117647058823,-1.4705882352941124
soybean__NumericFeature[f26;+2std],numeric,59,51.470588235294116,52.20588235294118,0.7352941176470673,87.5,36.029411764705884,9,target,1,51.470588235294116,0.0,"3, 8","f8, f27",2,46.32352941176471,-5.147058823529404
soybean__NumericFeature[f28;-2std],numeric,59,60.29411764705882,52.20588235294118,-8.088235294117641,77.20588235294117,16.91176470588236,22,target,48,63.970588235294116,3.676470588235292,"3, 20","f8, f22",2,60.29411764705882,0.0
soybean__NumericFeature[f28;-1std],numeric,59,61.76470588235294,52.20588235294118,-9.558823529411764,83.82352941176471,22.058823529411764,22,target,48,65.44117647058823,3.676470588235292,"3, 15","f8, f28",1,72.05882352941177,10.29411764705882
soybean__NumericFeature[f28;+1std],numeric,59,66.17647058823529,52.20588235294118,-13.970588235294112,84.55882352941177,18.38235294117647,21,target,49,69.11764705882352,2.941176470588236,4,f8,1,66.17647058823529,0.0
soybean__NumericFeature[f28;+2std],numeric,59,59.55882352941176,52.20588235294118,-7.352941176470584,83.08823529411765,23.529411764705888,21,target,49,63.23529411764706,3.676470588235292,4,f8,1,59.55882352941176,0.0
soybean__NumericFeature[f35;+1std],numeric,59,62.5,52.20588235294118,-10.29411764705882,87.5,25.0,52,target,1,65.44117647058823,2.941176470588236,5,f26,1,62.5,0.0
soybean__NumericFeature[f35;+2std],numeric,59,47.05882352941176,52.20588235294118,5.147058823529416,87.5,40.44117647058824,52,target,1,51.470588235294116,4.411764705882348,5,f26,1,47.05882352941176,0.0
soybean__NumericFeature[f18;+2std],numeric,59,57.35294117647059,52.20588235294118,-5.147058823529404,87.5,30.147058823529417,24,target,3,66.17647058823529,8.823529411764708,"24, 35","target, f1",1,64.70588235294117,7.352941176470596
soybean__NumericFeature[f7;-2std],numeric,59,63.970588235294116,52.20588235294118,-11.764705882352933,84.55882352941177,20.588235294117652,23,f7,9,77.20588235294117,13.235294117647067,"23, 35","f7, f1",1,75.73529411764706,11.764705882352944
soybean__NumericFeature[f24;+1std],numeric,59,65.44117647058823,52.20588235294118,-13.235294117647056,85.29411764705883,19.852941176470583,47,target,1,65.44117647058823,0.0,"23, 45","f7, target",2,64.70588235294117,-0.7352941176470562
soybean__NumericFeature[f24;+2std],numeric,59,55.88235294117647,52.20588235294118,-3.676470588235292,81.61764705882352,25.735294117647058,2,f24,0,77.20588235294117,21.323529411764707,41,f29,1,55.88235294117647,0.0
spect__NumericFeature[f22;+1std],numeric,3,49.056603773584904,69.81132075471697,20.75471698113207,77.35849056603774,28.301886792452834,0,f22,0,77.35849056603774,28.301886792452834,"1, 2","target, target",0,75.47169811320755,26.415094339622648
spect__NumericFeature[f22;+2std],numeric,3,24.528301886792452,69.81132075471697,45.283018867924525,69.81132075471697,45.283018867924525,0,f22,0,77.35849056603774,52.830188679245296,1,target,0,24.528301886792452,0.0
squash-unstored__NumericFeature[flavour;+1std],numeric,5,70.0,80.0,10.000000000000009,70.0,0.0,4,target,2,80.0,10.000000000000009,1,target,1,70.0,0.0
squash-unstored__NumericFeature[flavour;+2std],numeric,5,60.0,80.0,20.000000000000007,70.0,9.999999999999998,4,target,2,80.0,20.000000000000007,1,target,1,60.0,0.0
squash-unstored__NumericFeature[sweetness;-2std],numeric,5,50.0,80.0,30.000000000000004,50.0,0.0,0,sweetness,0,60.0,9.999999999999998,2,flavour,1,50.0,0.0
squash-unstored__NumericFeature[sweetness;-1std],numeric,5,60.0,80.0,20.000000000000007,60.0,0.0,1,target,0,60.0,0.0,2,flavour,1,50.0,-9.999999999999998
squash-unstored__NumericFeature[sweetness;+1std],numeric,5,80.0,80.0,0.0,50.0,-30.000000000000004,4,target,1,70.0,-10.000000000000009,"3, 4","target, target",2,70.0,-10.000000000000009
squash-unstored__NumericFeature[sweetness;+2std],numeric,5,50.0,80.0,30.000000000000004,40.0,-9.999999999999998,4,target,1,40.0,-9.999999999999998,"3, 4","target, target",2,40.0,-9.999999999999998
statlog-image__NumericFeature[f10;+1std],numeric,57,80.95238095238095,89.39393939393939,8.441558441558438,95.23809523809523,14.28571428571428,6,f10,41,80.95238095238095,0.0,"52, 36","f9, f18",2,79.65367965367966,-1.2987012987012991
statlog-image__NumericFeature[f10;+2std],numeric,57,80.95238095238095,89.39393939393939,8.441558441558438,95.23809523809523,14.28571428571428,6,f10,41,80.95238095238095,0.0,"52, 36","f9, f18",2,79.65367965367966,-1.2987012987012991
statlog-image__NumericFeature[f18;-2std],numeric,57,41.99134199134199,86.58008658008657,44.58874458874459,87.01298701298701,45.02164502164502,36,f18,41,42.2077922077922,0.21645021645021467,56,target,1,41.99134199134199,0.0
statlog-image__NumericFeature[f18;-1std],numeric,57,52.16450216450217,89.39393939393939,37.229437229437224,89.17748917748918,37.01298701298701,36,f18,39,52.38095238095239,0.21645021645021467,"4, 53","f10, target",2,56.926406926406926,4.761904761904756
statlog-image__NumericFeature[f18;-0.5std],numeric,57,61.038961038961034,90.04329004329004,29.00432900432901,84.4155844155844,23.376623376623375,36,f18,39,61.038961038961034,0.0,"37, 11","target, f9",1,74.02597402597402,12.987012987012992
statlog-image__NumericFeature[f18;+0.5std],numeric,57,77.27272727272727,88.52813852813853,11.255411255411262,89.39393939393939,12.121212121212121,6,f10,41,77.27272727272727,0.0,"52, 51","f9, target",2,72.94372294372295,-4.329004329004327
statlog-image__NumericFeature[f18;+1std],numeric,57,76.40692640692642,87.44588744588745,11.038961038961038,89.17748917748918,12.770562770562766,6,f10,41,76.40692640692642,0.0,"52, 51","f9, target",2,71.86147186147186,-4.545454545454552
statlog-image__NumericFeature[f18;+2std],numeric,57,29.004329004329005,85.28138528138528,56.27705627705628,84.4155844155844,55.4112554112554,1,f18,38,79.43722943722943,50.43290043290043,"55, 52","target, f9",1,29.87012987012987,0.8658008658008642
statlog-image__NumericFeature[f9;-2std],numeric,57,75.75757575757575,89.17748917748918,13.41991341991342,95.02164502164501,19.26406926406926,52,f9,48,90.9090909090909,15.151515151515149,20,target,1,75.75757575757575,0.0
statlog-image__NumericFeature[f9;-1std],numeric,57,77.92207792207793,89.82683982683982,11.904761904761896,95.02164502164501,17.099567099567093,52,f9,48,90.9090909090909,12.98701298701298,20,target,1,77.92207792207793,0.0
statlog-image__NumericFeature[f9;+1std],numeric,57,79.43722943722943,89.39393939393939,9.956709956709952,95.02164502164501,15.584415584415579,42,f9,33,91.991341991342,12.554112554112551,34,target,1,79.43722943722943,0.0
statlog-image__NumericFeature[f9;+2std],numeric,57,79.43722943722943,87.87878787878788,8.441558441558438,95.02164502164501,15.584415584415579,42,f9,33,91.77489177489177,12.337662337662337,34,target,1,79.43722943722943,0.0
statlog-image__NumericFeature[f15;+2std],numeric,57,79.004329004329,89.39393939393939,10.389610389610393,95.02164502164501,16.01731601731602,41,f15,31,92.42424242424242,13.41991341991342,"41, 38","f15, f18",1,92.64069264069265,13.636363636363647
statlog-image__NumericFeature[f2;-2std],numeric,57,75.97402597402598,88.96103896103897,12.987012987012992,88.74458874458875,12.770562770562776,37,target,47,77.48917748917748,1.5151515151515138,"10, 39","f1, target",2,76.40692640692642,0.43290043290044045
statlog-image__NumericFeature[f2;-1std],numeric,57,75.97402597402598,88.96103896103897,12.987012987012992,80.08658008658008,4.112554112554112,37,target,47,77.48917748917748,1.5151515151515138,"10, 39","f1, target",2,76.40692640692642,0.43290043290044045
statlog-image__NumericFeature[f2;+0.5std],numeric,57,81.81818181818183,89.17748917748918,7.359307359307355,94.37229437229438,12.554112554112551,53,target,47,86.7965367965368,4.978354978354971,"36, 20","f18, target",2,82.46753246753246,0.649350649350644
statlog-image__NumericFeature[f2;+1std],numeric,57,63.85281385281385,88.31168831168831,24.458874458874458,90.25974025974025,26.406926406926413,53,target,47,70.56277056277057,6.70995670995671,"3, 53","f18, target",2,70.77922077922078,6.926406926406925
statlog-image__NumericFeature[f2;+2std],numeric,57,46.320346320346324,87.87878787878788,41.55844155844156,88.96103896103897,42.64069264069264,2,f2,47,88.96103896103897,42.64069264069264,"52, 39","f9, target",2,43.93939393939394,-2.3809523809523836
statlog-image__NumericFeature[f11;-2std],numeric,57,80.73593073593074,89.39393939393939,8.658008658008654,95.02164502164501,14.28571428571428,37,target,48,91.34199134199135,10.606060606060607,"37, 39","target, target",2,91.55844155844156,10.822510822510822
statlog-image__NumericFeature[f11;-1std],numeric,57,82.90043290043289,89.39393939393939,6.493506493506496,95.02164502164501,12.121212121212121,37,target,48,91.55844155844156,8.658008658008665,"37, 39","target, target",2,91.77489177489177,8.87445887445888
statlog-image__NumericFeature[f11;+1std],numeric,57,78.78787878787878,89.39393939393939,10.606060606060607,95.02164502164501,16.233766233766232,37,target,22,78.57142857142857,-0.21645021645021467,"37, 10","target, f1",2,78.57142857142857,-0.21645021645021467
statlog-image__NumericFeature[f11;+2std],numeric,57,48.484848484848484,89.39393939393939,40.90909090909091,95.02164502164501,46.53679653679653,56,target,0,48.484848484848484,0.0,55,target,1,48.484848484848484,0.0
synthetic-control__NumericFeature[f53;+2std],numeric,39,74.16666666666667,66.66666666666666,-7.500000000000007,90.83333333333333,16.666666666666664,32,target,24,87.5,13.33333333333333,4,f54,1,74.16666666666667,0.0
synthetic-control__NumericFeature[f18;+2std],numeric,39,76.66666666666667,66.66666666666666,-10.000000000000009,91.66666666666666,14.999999999999991,14,target,0,85.83333333333333,9.166666666666657,"34, 36","target, target",2,77.5,0.8333333333333304
synthetic-control__NumericFeature[f54;-2std],numeric,39,65.0,66.66666666666666,1.6666666666666607,90.83333333333333,25.83333333333333,34,target,12,65.83333333333333,0.8333333333333304,"34, 36","target, target",2,65.83333333333333,0.8333333333333304
synthetic-control__NumericFeature[f54;-1std],numeric,39,71.66666666666667,66.66666666666666,-5.000000000000004,90.83333333333333,19.166666666666664,34,target,11,72.5,0.8333333333333304,"34, 36","target, target",2,72.5,0.8333333333333304
synthetic-control__NumericFeature[f54;+1std],numeric,39,71.66666666666667,66.66666666666666,-5.000000000000004,90.83333333333333,19.166666666666664,34,target,4,72.5,0.8333333333333304,2,f53,1,71.66666666666667,0.0
synthetic-control__NumericFeature[f54;+2std],numeric,39,71.66666666666667,66.66666666666666,-5.000000000000004,90.83333333333333,19.166666666666664,34,target,8,72.5,0.8333333333333304,2,f53,1,71.66666666666667,0.0
synthetic-control__NumericFeature[f20;-2std],numeric,39,76.66666666666667,69.16666666666667,-7.500000000000007,92.5,15.833333333333332,15,f28,3,76.66666666666667,0.0,7,f18,1,75.83333333333333,-0.8333333333333415
synthetic-control__NumericFeature[f4;-2std],numeric,39,70.83333333333334,66.66666666666666,-4.166666666666674,81.66666666666667,10.833333333333329,14,target,17,68.33333333333333,-2.500000000000002,2,f53,1,70.83333333333334,0.0
synthetic-control__NumericFeature[f4;+1std],numeric,39,64.16666666666667,66.66666666666666,2.499999999999991,86.66666666666667,22.499999999999996,34,target,9,64.16666666666667,0.0,"34, 36","target, target",2,64.16666666666667,0.0
synthetic-control__NumericFeature[f4;+2std],numeric,39,30.833333333333336,66.66666666666666,35.83333333333333,89.16666666666667,58.333333333333336,31,target,1,27.500000000000004,-3.3333333333333326,19,target,1,30.833333333333336,0.0
synthetic-control__NumericFeature[f44;+2std],numeric,39,75.83333333333333,66.66666666666666,-9.166666666666668,90.83333333333333,15.000000000000002,16,f44,0,87.5,11.66666666666667,8,f26,1,76.66666666666667,0.8333333333333415
synthetic-control__NumericFeature[f21;+2std],numeric,39,76.66666666666667,66.66666666666666,-10.000000000000009,91.66666666666666,14.999999999999991,34,target,4,77.5,0.8333333333333304,"34, 36","target, target",2,77.5,0.8333333333333304
synthetic-control__NumericFeature[f55;-2std],numeric,39,50.83333333333333,66.66666666666666,15.833333333333332,87.5,36.66666666666667,24,target,1,60.0,9.166666666666668,2,f53,1,50.83333333333333,0.0
synthetic-control__NumericFeature[f55;-1std],numeric,39,75.0,66.66666666666666,-8.333333333333337,87.5,12.5,24,target,11,80.83333333333333,5.833333333333335,2,f53,1,75.0,0.0
synthetic-control__NumericFeature[f55;+0.5std],numeric,39,77.5,66.66666666666666,-10.83333333333334,87.5,9.999999999999998,25,target,12,77.5,0.0,2,f53,1,77.5,0.0
synthetic-control__NumericFeature[f55;+1std],numeric,39,65.83333333333333,66.66666666666666,0.8333333333333304,87.5,21.666666666666668,19,target,7,64.16666666666667,-1.6666666666666607,25,target,1,65.83333333333333,0.0
synthetic-control__NumericFeature[f55;+2std],numeric,39,61.66666666666667,66.66666666666666,4.999999999999993,87.5,25.83333333333333,19,target,5,61.66666666666667,0.0,25,target,1,61.66666666666667,0.0
synthetic-control__NumericFeature[f25;+1std],numeric,39,75.83333333333333,66.66666666666666,-9.166666666666668,90.83333333333333,15.000000000000002,34,target,19,76.66666666666667,0.8333333333333415,"34, 36","target, target",2,76.66666666666667,0.8333333333333415
synthetic-control__NumericFeature[f25;+2std],numeric,39,72.5,66.66666666666666,-5.833333333333335,90.83333333333333,18.333333333333336,5,f25,19,87.5,15.000000000000002,"34, 36","target, target",2,73.33333333333333,0.8333333333333304
tic-tac-toe__NumericFeature[f9;-2std],numeric,49,87.95811518324608,71.20418848167539,-16.753926701570688,93.717277486911,5.759162303664922,32,target,33,89.00523560209425,1.0471204188481686,3,target,1,87.95811518324608,0.0
tic-tac-toe__NumericFeature[f9;+2std],numeric,49,82.72251308900523,71.20418848167539,-11.518324607329845,89.00523560209425,6.282722513089012,31,f3,33,82.72251308900523,0.0,17,target,1,82.72251308900523,0.0
tic-tac-toe__NumericFeature[f7;-2std],numeric,49,82.72251308900523,71.20418848167539,-11.518324607329845,91.09947643979058,8.376963350785338,44,f2,17,82.72251308900523,0.0,42,target,1,82.72251308900523,0.0
tic-tac-toe__NumericFeature[f7;+2std],numeric,49,73.82198952879581,71.20418848167539,-2.617801047120416,86.91099476439791,13.089005235602102,41,target,16,75.91623036649214,2.0942408376963373,"17, 41","target, target",2,70.15706806282722,-3.6649214659685847
tic-tac-toe__NumericFeature[f1;-2std],numeric,49,80.6282722513089,71.20418848167539,-9.424083769633507,86.38743455497382,5.759162303664922,25,target,37,80.10471204188482,-0.5235602094240788,"6, 17","target, target",1,80.6282722513089,0.0
tic-tac-toe__NumericFeature[f1;+2std],numeric,49,78.53403141361257,71.20418848167539,-7.329842931937181,92.14659685863874,13.61256544502617,21,target,34,69.63350785340315,-8.900523560209429,"21, 35","target, target",2,69.63350785340315,-8.900523560209429
tic-tac-toe__NumericFeature[f5;-2std],numeric,49,80.10471204188482,71.20418848167539,-8.900523560209429,95.81151832460732,15.706806282722507,44,f2,17,80.10471204188482,0.0,42,target,1,80.10471204188482,0.0
tic-tac-toe__NumericFeature[f5;-1std],numeric,49,80.10471204188482,71.20418848167539,-8.900523560209429,95.28795811518324,15.18324607329843,44,f2,17,80.10471204188482,0.0,42,target,1,80.10471204188482,0.0
tic-tac-toe__NumericFeature[f5;+2std],numeric,49,61.25654450261781,71.20418848167539,9.947643979057585,92.14659685863874,30.890052356020938,48,target,4,65.96858638743456,4.712041884816753,"37, 48","f9, target",2,65.96858638743456,4.712041884816753
tic-tac-toe__NumericFeature[f3;-2std],numeric,49,81.15183246073299,71.20418848167539,-9.947643979057597,87.43455497382199,6.282722513089,31,f3,42,82.72251308900523,1.5706806282722474,"23, 17","f1, target",2,81.15183246073299,0.0
tic-tac-toe__NumericFeature[f3;+2std],numeric,49,83.24607329842932,71.20418848167539,-12.041884816753933,92.67015706806284,9.424083769633507,44,f2,42,83.24607329842932,0.0,"17, 9","target, target",2,82.72251308900523,-0.5235602094240899
transplant__NumericFeature[e;-2std],numeric,7,76.92307692307693,84.61538461538461,7.692307692307687,76.92307692307693,0.0,2,e,0,76.92307692307693,0.0,2,e,0,76.92307692307693,0.0
transplant__NumericFeature[e;+0.5std],numeric,7,73.07692307692307,88.46153846153845,15.384615384615385,92.3076923076923,19.23076923076924,5,target,0,65.38461538461539,-7.692307692307687,"4, 5","target, target",0,73.07692307692307,0.0
transplant__NumericFeature[e;+1std],numeric,7,50.0,88.46153846153845,38.46153846153846,50.0,0.0,4,target,0,65.38461538461539,15.384615384615385,"4, 5","target, target",0,73.07692307692307,23.076923076923073
transplant__NumericFeature[e;+2std],numeric,7,26.923076923076923,92.3076923076923,65.3846153846154,76.92307692307693,50.0,4,target,0,73.07692307692307,46.15384615384615,3,e,0,26.923076923076923,0.0
vertebral-column-2clases__NumericFeature[f6;-2std],numeric,9,41.935483870967744,70.96774193548387,29.03225806451613,75.80645161290323,33.87096774193548,7,target,7,37.096774193548384,-4.838709677419356,"5, 4","f4, target",2,79.03225806451613,37.096774193548384
vertebral-column-2clases__NumericFeature[f6;-1std],numeric,9,56.451612903225815,70.96774193548387,14.516129032258062,64.51612903225806,8.064516129032251,7,target,7,51.61290322580645,-4.838709677419361,"5, 4","f4, target",2,85.48387096774194,29.032258064516125
vertebral-column-2clases__NumericFeature[f6;-0.5std],numeric,9,67.74193548387096,70.96774193548387,3.2258064516129115,77.41935483870968,9.677419354838712,7,target,6,62.903225806451616,-4.8387096774193505,10,target,0,67.74193548387096,0.0
vertebral-column-3clases__NumericFeature[f6;-2std],numeric,9,37.096774193548384,69.35483870967742,32.25806451612904,56.451612903225815,19.354838709677423,6,target,7,51.61290322580645,14.516129032258062,"5, 4","f2, target",2,40.32258064516129,3.2258064516129004
vertebral-column-3clases__NumericFeature[f6;-1std],numeric,9,53.2258064516129,69.35483870967742,16.129032258064523,54.83870967741935,1.6129032258064502,6,target,7,61.29032258064516,8.064516129032262,"4, 6","target, target",2,61.29032258064516,8.064516129032262
vertebral-column-3clases__NumericFeature[f6;-0.5std],numeric,9,64.51612903225806,69.35483870967742,4.838709677419361,66.12903225806451,1.6129032258064502,6,target,7,64.51612903225806,0.0,"4, 6","target, target",2,64.51612903225806,0.0
vertebral-column-3clases__NumericFeature[f6;+0.5std],numeric,9,59.67741935483871,69.35483870967742,9.677419354838712,74.19354838709677,14.516129032258062,5,f2,2,59.67741935483871,0.0,3,target,1,59.67741935483871,0.0
vertebral-column-3clases__NumericFeature[f6;+1std],numeric,9,46.774193548387096,69.35483870967742,22.58064516129033,51.61290322580645,4.838709677419356,0,f6,0,74.19354838709677,27.41935483870968,3,target,1,46.774193548387096,0.0
vertebral-column-3clases__NumericFeature[f6;+2std],numeric,9,46.774193548387096,69.35483870967742,22.58064516129033,51.61290322580645,4.838709677419356,0,f6,0,74.19354838709677,27.41935483870968,3,target,1,46.774193548387096,0.0
wall-following__NumericFeature[f18;-2std],numeric,41,57.011915673693856,77.72685609532539,20.714940421631532,79.92667277726856,22.9147571035747,17,target,31,94.22548120989917,37.213565536205316,"26, 17","f18, target",0,94.22548120989917,37.213565536205316
wall-following__NumericFeature[f18;-1std],numeric,41,58.75343721356554,89.27589367552704,30.5224564619615,91.4757103574702,32.722273143904665,17,target,31,95.32538955087077,36.57195233730523,"26, 17","f18, target",0,95.32538955087077,36.57195233730523
wall-following__NumericFeature[f18;-0.5std],numeric,41,62.69477543538039,95.69202566452796,32.99725022914757,98.62511457378552,35.93033913840513,17,target,31,97.89184234647112,35.19706691109074,"26, 17","f18, target",0,97.89184234647112,35.19706691109074
wall-following__NumericFeature[f14;-2std],numeric,41,64.25297891842347,97.15857011915674,32.90559120073328,98.25847846012832,34.00549954170485,11,target,28,87.16773602199817,22.9147571035747,1,target,1,64.25297891842347,0.0
wall-following__NumericFeature[f14;-1std],numeric,41,67.64436296975252,97.52520623281393,29.880843263061408,98.99175068744272,31.34738771769019,11,target,28,89.18423464711273,21.53987167736021,1,target,1,67.64436296975252,0.0
wall-following__NumericFeature[f14;-0.5std],numeric,41,71.21906507791017,97.70852428964253,26.48945921173236,98.71677360219981,27.497708524289642,11,target,28,89.73418881759854,18.515123739688367,1,target,1,71.21906507791017,0.0
wall-following__NumericFeature[f15;-2std],numeric,41,60.67827681026581,97.80018331805684,37.121906507791024,97.15857011915674,36.480293308890936,35,target,35,60.67827681026581,0.0,9,target,1,60.67827681026581,0.0
wall-following__NumericFeature[f15;-1std],numeric,41,64.25297891842347,97.15857011915674,32.90559120073328,97.34188817598533,33.08890925756187,35,target,35,64.25297891842347,0.0,9,target,1,64.25297891842347,0.0
wall-following__NumericFeature[f15;-0.5std],numeric,41,71.31072410632447,97.06691109074244,25.756186984417962,89.82584784601283,18.515123739688356,35,target,35,71.31072410632447,0.0,9,target,1,71.31072410632447,0.0
wall-following__NumericFeature[f15;+0.5std],numeric,41,82.03483043079743,98.07516040329972,16.04032997250229,91.38405132905592,9.349220898258482,35,target,28,82.03483043079743,0.0,"26, 17","f18, target",2,82.67644362969753,0.6416131989000928
wall-following__NumericFeature[f15;+1std],numeric,41,82.03483043079743,97.06691109074244,15.032080659945002,96.42529789184235,14.39046746104491,35,target,28,82.03483043079743,0.0,"26, 17","f18, target",2,82.67644362969753,0.6416131989000928
wall-following__NumericFeature[f15;+2std],numeric,41,82.03483043079743,98.07516040329972,16.04032997250229,96.79193400549954,14.757103574702112,35,target,28,82.03483043079743,0.0,"26, 17","f18, target",2,82.67644362969753,0.6416131989000928
wall-following__NumericFeature[f19;-2std],numeric,41,58.38680109990834,96.60861594867094,38.221814848762605,96.70027497708524,38.313473877176904,2,f19,32,93.58386801099908,35.197066911090744,"10, 21","f19, target",1,71.21906507791017,12.832263978001833
wall-following__NumericFeature[f19;-1std],numeric,41,62.69477543538039,96.79193400549954,34.097158570119156,97.25022914757103,34.55545371219064,30,target,32,76.993583868011,14.298808432630604,"10, 21","f19, target",1,83.13473877176902,20.439963336388633
wall-following__NumericFeature[f19;-0.5std],numeric,41,64.16131989000917,96.70027497708524,32.53895508707608,98.99175068744272,34.83043079743355,30,target,13,77.4518790100825,13.29055912007333,1,target,1,64.16131989000917,0.0
wall-following__NumericFeature[f20;-2std],numeric,41,57.470210815765356,98.07516040329972,40.604949587534364,98.99175068744272,41.52153987167736,13,target,3,88.08432630614116,30.614115490375802,1,target,1,57.470210815765356,0.0
wall-following__NumericFeature[f20;-1std],numeric,41,62.0531622364803,98.07516040329972,36.02199816681942,98.62511457378552,36.57195233730523,13,target,4,92.1173235563703,30.064161319890005,1,target,1,62.0531622364803,0.0
wall-following__NumericFeature[f20;-0.5std],numeric,41,65.16956920256646,98.07516040329972,32.90559120073326,97.98350137488544,32.81393217231897,13,target,4,92.942254812099,27.772685609532534,1,target,1,65.16956920256646,0.0
wall-following__NumericFeature[f12;-2std],numeric,41,47.571035747021085,96.05866177818515,48.48762603116407,99.7250229147571,52.15398716773601,33,target,8,72.96058661778186,25.389550870760768,"3, 4","f12, f12",0,99.54170485792851,51.97066911090742
wall-following__NumericFeature[f12;-1std],numeric,41,58.111824014665444,97.43354720439963,39.32172318973418,99.7250229147571,41.61319890009165,33,target,9,75.06874427131073,16.95692025664528,"3, 4","f12, f12",0,99.45004582951421,41.338221814848765
wall-following__NumericFeature[f12;-0.5std],numeric,41,77.2685609532539,96.79193400549954,19.523373052245653,99.54170485792851,22.27314390467461,35,target,9,77.2685609532539,0.0,1,target,1,77.2685609532539,0.0
wine__NumericFeature[f10;-2std],numeric,9,77.14285714285715,57.14285714285714,-20.000000000000007,94.28571428571428,17.14285714285714,2,target,5,82.85714285714286,5.714285714285716,"1, 4","f10, f1",1,74.28571428571429,-2.857142857142858
wine__NumericFeature[f12;-2std],numeric,9,51.42857142857142,62.857142857142854,11.428571428571432,91.42857142857143,40.0,0,f12,0,82.85714285714286,31.428571428571438,"2, 3","target, target",2,51.42857142857142,0.0
wine__NumericFeature[f12;+1std],numeric,9,68.57142857142857,62.857142857142854,-5.714285714285716,91.42857142857143,22.857142857142854,5,target,3,51.42857142857142,-17.14285714285715,"5, 8","target, target",2,51.42857142857142,-17.14285714285715
wine__NumericFeature[f12;+2std],numeric,9,62.857142857142854,62.857142857142854,0.0,91.42857142857143,28.57142857142857,5,target,2,48.57142857142857,-14.285714285714285,"5, 8","target, target",2,48.57142857142857,-14.285714285714285
wine__NumericFeature[f1;-2std],numeric,9,57.14285714285714,62.857142857142854,5.714285714285716,91.42857142857143,34.285714285714285,5,target,0,68.57142857142857,11.428571428571432,"3, 5","target, target",1,68.57142857142857,11.428571428571432
wine__NumericFeature[f1;-1std],numeric,9,68.57142857142857,62.857142857142854,-5.714285714285716,91.42857142857143,22.857142857142854,5,target,4,68.57142857142857,0.0,"5, 8","target, target",1,68.57142857142857,0.0
wine__NumericFeature[f5;-2std],numeric,9,68.57142857142857,62.857142857142854,-5.714285714285716,91.42857142857143,22.857142857142854,6,f5,5,91.42857142857143,22.857142857142854,"5, 6","target, f5",1,91.42857142857143,22.857142857142854
zoo__NumericFeature[f10;-2std],numeric,15,75.0,75.0,0.0,95.0,19.999999999999996,11,target,1,75.0,0.0,8,f13,1,75.0,0.0
zoo__NumericFeature[f12;-2std],numeric,15,75.0,75.0,0.0,80.0,5.000000000000004,12,target,11,90.0,15.000000000000002,"7, 10","f14, target",2,75.0,0.0
zoo__NumericFeature[f12;+2std],numeric,15,65.0,75.0,9.999999999999998,85.0,19.999999999999996,7,f14,5,65.0,0.0,7,f14,1,65.0,0.0
zoo__NumericFeature[f4;-2std],numeric,15,60.0,75.0,15.000000000000002,95.0,35.0,5,f10,9,60.0,0.0,"13, 14","target, target",2,60.0,0.0
zoo__NumericFeature[f4;-1std],numeric,15,90.0,75.0,-15.000000000000002,85.0,-5.000000000000004,5,f10,9,90.0,0.0,"13, 14","target, target",2,90.0,0.0
zoo__NumericFeature[f4;+1std],numeric,15,90.0,75.0,-15.000000000000002,85.0,-5.000000000000004,0,f4,0,90.0,0.0,7,f14,1,90.0,0.0
zoo__NumericFeature[f4;+2std],numeric,15,30.0,75.0,45.0,95.0,64.99999999999999,0,f4,0,90.0,60.00000000000001,7,f14,1,30.0,0.0
zoo__NumericFeature[f2;-2std],numeric,15,70.0,75.0,5.000000000000004,95.0,25.0,9,f8,9,70.0,0.0,2,target,1,70.0,0.0
zoo__NumericFeature[f2;+2std],numeric,15,50.0,75.0,25.0,95.0,44.99999999999999,1,f2,0,90.0,40.0,7,f14,1,50.0,0.0
