after size,drift size,drifted features types,total drift type,count,after accuracy decrease,after retrain accuracy increase,before after retrain accuracy increase,SFLDT fix accuracy increase,SFLDT wasted effort,STAT_SFLDT fix accuracy increase,STAT_SFLDT wasted effort,SFLDT_Features fix accuracy increase,SFLDT_Features wasted effort,fuzzy participation SFLDT fix accuracy increase,fuzzy participation SFLDT wasted effort,fuzzy participation STAT_SFLDT fix accuracy increase,fuzzy participation STAT_SFLDT wasted effort,fuzzy participation SFLDT_Features fix accuracy increase,fuzzy participation SFLDT_Features wasted effort
0.5000000000000001,1,numeric,numeric,326.0,20447.28270651293,-2925.133248961499,3266.460082100022,2049.0272744330096,4734.0,2113.959864412518,5516.0,2809.5699287858965,3569.0,,,,,,
0.5000000000000001,2,"binary, numeric",mixed,101.0,6707.251082251082,-928.6796536796538,-1348.4848484848487,385.9848484848485,639.0,-1537.5,599.0,488.0952380952381,362.0,,,,,,
0.5000000000000001,2,"numeric, numeric",numeric,14645.0,895470.4625028056,-258900.62839272685,156228.7702245363,43692.67972190449,378172.0,64417.82969544139,421634.0,68106.0459404523,255530.0,,,,,,
0.5000000000000001,3,"binary, binary, numeric",mixed,792.0,52320.77922077922,-16418.398268398272,-14622.61904761905,2548.701298701298,4780.0,-16219.264069264069,4764.0,2217.5324675324673,2584.0,,,,,,
0.5000000000000001,3,"numeric, numeric, numeric",numeric,357752.0,20801462.24759028,-8947532.012168393,3831842.7371093147,1217121.2400394753,10261020.0,810612.1397455555,11138479.0,1606296.2440099805,6187211.0,,,,,,
0.5000000000000001,4,"binary, binary, binary, numeric",mixed,5072.0,392681.38528138533,-246814.71861471864,-129553.7878787879,6192.207792207786,34048.0,-127599.99999999999,36096.0,22727.27272727272,17920.0,,,,,,
0.5000000000000001,4,"numeric, numeric, numeric, numeric",numeric,475236.0,26887392.8712046,5492497.292776503,5653848.626093366,1129266.9518509686,6802478.0,889460.3608738481,6949839.0,1328169.8939449422,3634152.0,,,,,,
1.0000000000000002,1,numeric,numeric,313.0,19233.371459011974,-1640.250905120049,4078.934747632482,3040.3773291735242,4101.0,3229.9505136273633,4740.0,4061.8019325741857,3256.0,,,,,,
1.0000000000000002,2,"binary, numeric",mixed,221.0,11159.632034632035,6613.311688311688,2506.601731601732,877.5432900432902,2275.0,4251.677489177489,2075.0,6442.424242424242,1082.0,,,,,,
1.0000000000000002,2,"numeric, numeric",numeric,13878.0,834718.7847061711,-185798.0292132238,196779.5777424848,83333.8056991052,355905.0,99844.70850133718,395528.0,104883.42305039118,245303.0,,,,,,
1.0000000000000002,3,"binary, binary, numeric",mixed,3624.0,163848.48484848486,136270.99567099568,48112.5,15790.909090909092,36956.0,91515.58441558441,33884.0,144212.1212121212,16744.0,,,,,,
1.0000000000000002,3,"numeric, numeric, numeric",numeric,345619.0,19736769.348983422,-6607051.66605401,3869433.044154339,1955515.206559075,10144441.0,1624903.729865723,10916223.0,2181797.3882031576,6140724.0,,,,,,
1.0000000000000002,4,"binary, binary, binary, numeric",mixed,29296.0,1297860.606060606,1094722.9437229438,480097.9437229438,175125.54112554112,257440.0,726525.1082251082,243008.0,1183510.8225108224,114816.0,,,,,,
1.0000000000000002,4,"numeric, numeric, numeric, numeric",numeric,561589.0,32445178.829754435,4032149.8918022616,9616512.037676303,4516428.6053596,9301154.0,6275127.422178423,9552374.0,4925262.508230118,4960290.0,,,,,,
2.0000000000000004,1,numeric,numeric,336.0,20685.8166295108,643.3594017767397,5162.573186413872,3054.244417017264,4817.0,3185.1543779250483,5297.0,4290.00974525038,3574.0,,,,,,
2.0000000000000004,2,"binary, numeric",mixed,237.0,9391.666666666666,10179.545454545456,6241.558441558442,5078.409090909091,2559.0,6267.694805194806,2295.0,9824.242424242426,1178.0,,,,,,
2.0000000000000004,2,"numeric, numeric",numeric,14404.0,868066.7892036992,-59049.26740429903,227213.7429490275,94542.43647408871,371859.0,106858.00462442225,405530.0,121127.81710715333,250452.0,,,,,,
2.0000000000000004,3,"binary, binary, numeric",mixed,4392.0,149860.60606060608,224648.48484848483,140797.78138528139,117415.1515151515,46716.0,142640.69264069267,41916.0,225921.21212121213,20584.0,,,,,,
2.0000000000000004,3,"numeric, numeric, numeric",numeric,380013.0,22026886.08717857,-4049820.038999998,5529572.169574052,2151050.4201994175,11105251.0,1810219.0208469909,11933716.0,2632671.782497276,6746957.0,,,,,,
2.0000000000000004,4,"binary, binary, binary, numeric",mixed,54352.0,1771260.606060606,2917927.2727272725,1822810.9307359308,1546757.5757575757,491520.0,1796548.051948052,445440.0,2967563.6363636367,215040.0,,,,,,
2.0000000000000004,4,"numeric, numeric, numeric, numeric",numeric,490156.0,27640948.43376784,1360932.798173504,8917265.072098307,5096186.463179999,6545547.0,4969383.473914476,6693445.0,5172189.085420798,3554097.0,,,,,,
3.0,1,numeric,numeric,343.0,20968.758452811624,1913.868045498983,5573.825923284237,3224.607902596875,5001.0,3601.7579037250707,5445.0,4955.65823680109,3646.0,,,,,,
3.0,2,"binary, numeric",mixed,293.0,13786.991341991343,7090.887445887445,3258.3549783549774,5207.24025974026,3323.0,5969.253246753247,2927.0,9261.645021645025,1518.0,,,,,,
3.0,2,"numeric, numeric",numeric,14872.0,898760.0754165534,-9017.59679249471,256655.8193407359,95446.32038172992,386098.0,120447.82154091206,414043.0,138982.6920783393,257449.0,,,,,,
3.0,3,"binary, binary, numeric",mixed,5592.0,247438.3116883117,151105.54112554115,76637.54329004328,119555.41125541127,60396.0,135482.683982684,53708.0,208832.42424242428,26632.0,,,,,,
3.0,3,"binary, numeric, numeric",mixed,96.0,6093.333333333333,1952.3809523809525,2299.047619047619,1986.6666666666667,1036.0,1986.6666666666667,879.0,-1780.952380952381,576.0,,,,,,
3.0,3,"numeric, numeric, numeric",numeric,488967.0,28442811.407520846,-2845049.9145265142,9034018.673555534,2411937.2131627426,15188355.0,4069963.170275458,16097492.0,3231865.336081956,9441758.0,,,,,,
3.0,4,"binary, binary, binary, numeric",mixed,68624.0,2904409.177489178,2049774.8917748919,989723.7662337661,1562026.147186147,621504.0,1685940.0,560576.0,2806088.398268399,272320.0,,,,,,
3.0,4,"binary, binary, numeric, numeric",mixed,864.0,55577.142857142855,17062.857142857145,19788.571428571428,17874.285714285714,8240.0,17874.285714285714,7740.0,-16314.285714285714,4320.0,,,,,,
3.0,4,"binary, numeric, numeric, numeric",mixed,864.0,54982.857142857145,17428.57142857143,20989.52380952381,17657.14285714286,7416.0,17657.14285714286,7200.0,-16040.95238095238,4320.0,,,,,,
3.0,4,"numeric, numeric, numeric, numeric",numeric,548977.0,32074475.374186493,5530264.666964611,9936030.219156459,5454021.226277724,7822946.0,5536525.14827022,7950077.0,5888771.922685105,4231702.0,,,,,,
4.000000000000001,1,numeric,numeric,340.0,20851.361569716082,2809.579071383239,5951.242373812233,3486.0588923768632,5014.0,3937.9817776939226,5366.0,5302.829881976617,3677.0,,,,,,
4.000000000000001,2,"binary, binary",binary,4.0,256.1904761904762,79.04761904761905,-10.476190476190473,-2.857142857142858,52.0,0.0,36.0,-2.857142857142858,28.0,,,,,,
4.000000000000001,2,"binary, numeric",mixed,245.0,10017.380952380952,9512.61904761905,5916.991341991342,5444.123376623376,2523.0,6092.2835497835495,2259.0,8505.108225108223,1234.0,,,,,,
4.000000000000001,2,"numeric, numeric",numeric,14541.0,880787.1504978174,59853.801175864704,281717.3034507627,105459.41473581524,371165.0,134701.27086707158,398582.0,151076.68306346316,246985.0,,,,,,
4.000000000000001,3,"binary, binary, binary",binary,64.0,4106.666666666667,1257.1428571428573,-173.3333333333333,-73.33333333333329,672.0,0.0,800.0,-73.33333333333329,384.0,,,,,,
4.000000000000001,3,"binary, binary, numeric",mixed,4552.0,162786.32034632034,209153.9393939394,125942.73809523808,118437.05627705627,45702.0,131200.77922077922,42042.0,201418.18181818182,21544.0,,,,,,
4.000000000000001,3,"binary, numeric, numeric",mixed,184.0,11336.190476190475,4084.761904761905,4918.0952380952385,4543.809523809524,2072.0,4543.809523809524,1624.0,-4595.238095238095,1104.0,,,,,,
4.000000000000001,3,"numeric, numeric, numeric",numeric,449573.0,25859559.32739708,496745.7067725225,9666240.883437756,2638556.6054152413,13526962.0,4367621.148063142,14394294.0,3475846.0472861067,8416104.0,,,,,,
4.000000000000001,4,"binary, binary, binary, numeric",mixed,54820.0,1798932.987012987,2740218.8744588746,1590713.8311688313,1550898.528138528,465720.0,1631279.567099567,439428.0,2716895.9307359303,217380.0,,,,,,
4.000000000000001,4,"binary, binary, numeric, numeric",mixed,2338.0,140980.0,54966.66666666667,64140.0,42567.619047619046,22962.0,48434.28571428571,20606.0,-49256.19047619047,11690.0,,,,,,
4.000000000000001,4,"binary, numeric, numeric, numeric",mixed,1584.0,97765.71428571429,34988.571428571435,40760.0,38794.28571428572,14304.0,38794.28571428572,12456.0,-39308.57142857143,7920.0,,,,,,
4.000000000000001,4,"numeric, numeric, numeric, numeric",numeric,553670.0,32477525.885050863,6902565.88354471,9974589.991285054,5660231.905807415,7961270.0,5732293.637720616,8114621.0,5838254.963676802,4329761.0,,,,,,
5.0,1,binary,binary,4.0,260.95238095238096,74.28571428571429,54.28571428571428,45.71428571428571,23.0,-48.571428571428584,4.0,45.71428571428571,12.0,,,,,,
5.0,1,numeric,numeric,362.0,22452.429735833193,3378.536659520211,6336.293713034239,3650.6267550732,5434.0,4210.283583075842,5577.0,5474.254002183675,4012.0,,,,,,
5.0,2,"binary, binary",binary,64.0,4140.952380952381,1222.857142857143,914.2857142857142,731.4285714285714,632.0,-777.1428571428572,740.0,731.4285714285714,448.0,,,,,,
5.0,2,"binary, numeric",mixed,363.0,17450.833333333332,12768.474025974027,4044.1666666666656,5783.766233766233,3623.0,5121.244588744588,3386.0,9973.44155844156,1951.0,,,,,,
5.0,2,"numeric, numeric",numeric,15471.0,941940.7638817375,72170.97401834061,310750.1587551438,105418.10883989428,395790.0,139301.3387749673,424065.0,148601.0942837611,264965.0,,,,,,
5.0,3,"binary, binary, binary",binary,320.0,20236.190476190477,6582.857142857143,4817.142857142857,3946.666666666667,2864.0,-4053.3333333333335,4128.0,3946.666666666667,1920.0,,,,,,
5.0,3,"binary, binary, numeric",mixed,6154.0,260545.36796536797,267986.5800865801,89974.7186147186,130551.341991342,61703.0,118531.6883116883,61778.0,229428.65800865807,30668.0,,,,,,
5.0,3,"binary, numeric, numeric",mixed,1051.0,65327.619047619046,22756.190476190477,19667.619047619046,9458.095238095239,12149.0,-4939.04761904762,10071.0,5776.190476190476,6306.0,,,,,,
5.0,3,"numeric, numeric, numeric",numeric,482855.0,27954468.445338164,862257.2140852563,10598222.208404548,2499596.655088962,14621503.0,4228793.580612565,15584875.0,3363015.386471668,9128808.0,,,,,,
5.0,4,"binary, binary, binary, binary",binary,512.0,29870.47619047619,13040.0,8864.761904761905,8167.619047619049,3776.0,-7558.0952380952385,5632.0,8167.619047619049,2560.0,,,,,,
5.0,4,"binary, binary, binary, numeric",mixed,63624.0,2347243.4632034632,3202357.748917749,1017188.4848484847,1626671.8614718614,543975.0,1595559.1341991343,542710.0,2896723.54978355,260680.0,,,,,,
5.0,4,"binary, binary, numeric, numeric",mixed,18248.0,1124865.7142857143,404490.4761904762,342208.5714285714,137351.42857142858,180369.0,-118940.00000000001,180560.0,114553.33333333334,91240.0,,,,,,
5.0,4,"binary, numeric, numeric, numeric",mixed,5650.0,346468.5714285714,127055.2380952381,116339.0476190476,48146.666666666664,57256.0,-4040.000000000004,46844.0,9090.47619047619,28250.0,,,,,,
5.0,4,"numeric, numeric, numeric, numeric",numeric,570480.0,33631573.27377093,3292740.1373524377,10849203.250517877,5814929.453973065,8163525.0,6319803.565633977,8374570.0,5970872.9313593935,4462183.0,,,,,,
6.0,1,binary,binary,4.0,260.95238095238096,74.28571428571429,98.0952380952381,-0.9523809523809543,28.0,-48.571428571428584,5.0,73.33333333333333,15.0,,,,,,
6.0,1,numeric,numeric,376.0,23523.347629333202,3975.7057065545278,7173.127138199305,3625.647477139919,5910.0,4500.65363020528,5802.0,5314.753270213453,4264.0,,,,,,
6.0,2,"binary, binary",binary,80.0,5184.761904761905,1520.0,1878.095238095238,-19.0476190476191,830.0,-971.4285714285716,1018.0,1466.6666666666667,560.0,,,,,,
6.0,2,"binary, numeric",mixed,357.0,16791.309523809523,12077.976190476193,7775.56277056277,5726.623376623376,3654.0,5291.926406926407,3380.0,11018.376623376624,1949.0,,,,,,
6.0,2,"numeric, numeric",numeric,16161.0,991627.25185351,90048.46680882032,344899.9609253145,105250.8748483842,415761.0,152995.8439243214,443023.0,144858.43882859623,279726.0,,,,,,
6.0,3,"binary, binary, binary",binary,256.0,16476.190476190477,4979.047619047619,5668.571428571429,-60.95238095238078,2392.0,-3108.5714285714284,3328.0,4693.333333333334,1536.0,,,,,,
6.0,3,"binary, binary, numeric",mixed,6287.0,269482.03463203466,250272.33766233767,169703.19264069264,121858.00865800865,62617.0,124041.60173160174,62116.0,241715.1948051948,30898.0,,,,,,
6.0,3,"binary, numeric, numeric",mixed,1117.0,70400.0,23215.2380952381,27479.04761904762,5480.952380952381,13221.0,-6508.571428571429,10728.0,12180.0,6702.0,,,,,,
6.0,3,"numeric, numeric, numeric",numeric,506731.0,29651469.665951196,900725.2906156743,11663358.488088576,2419861.5819664686,15378929.0,4674289.062797543,16413265.0,3231782.88233087,9678373.0,,,,,,
6.0,4,"binary, binary, binary, binary",binary,1024.0,66335.23809523809,19485.71428571429,21301.904761904763,-243.80952380952345,7520.0,-12434.285714285714,11264.0,18773.333333333336,5120.0,,,,,,
6.0,4,"binary, binary, binary, numeric",mixed,67279.0,2592899.6536796535,3080009.350649351,2028747.857142857,1550483.29004329,573701.0,1607537.0562770562,576029.0,3043314.199134199,276555.0,,,,,,
6.0,4,"binary, binary, numeric, numeric",mixed,21169.0,1325465.7142857143,448698.09523809527,517596.1904761905,58742.85714285714,213164.0,-161518.09523809527,206603.0,241758.09523809524,105845.0,,,,,,
6.0,4,"binary, numeric, numeric, numeric",mixed,6307.0,396126.6666666667,132460.0,156509.52380952382,45761.90476190476,65252.0,-18213.33333333334,52199.0,39001.90476190476,31535.0,,,,,,
6.0,4,"numeric, numeric, numeric, numeric",numeric,584132.0,34435552.696423754,5479407.296984553,13486834.352276571,6122954.261152896,8334591.0,6707065.400525119,8503251.0,6207490.540365465,4526013.0,,,,,,
6.999999999999999,1,binary,binary,4.0,260.95238095238096,74.28571428571429,95.23809523809521,-38.0952380952381,60.0,-48.571428571428584,7.0,1.904761904761909,24.0,,,,,,
6.999999999999999,1,numeric,numeric,384.0,24094.890912945164,4282.17264852224,7553.436787910319,3634.1940378529575,5913.0,4350.414867174997,5873.0,5635.633115520728,4281.0,,,,,,
6.999999999999999,2,"binary, binary",binary,96.0,6245.714285714286,1800.0000000000002,2288.5714285714284,-914.2857142857144,1210.0,-1146.6666666666667,1247.0,45.71428571428573,672.0,,,,,,
6.999999999999999,2,"binary, numeric",mixed,358.0,16776.309523809523,12211.655844155846,6377.229437229436,5145.194805194805,3755.0,5458.192640692641,3338.0,9885.42207792208,1946.0,,,,,,
6.999999999999999,2,"numeric, numeric",numeric,16285.0,1004777.3573386022,121398.54645174171,340953.53151604644,102995.56517216812,417960.0,147272.99259106725,443949.0,154136.7474137332,279773.0,,,,,,
6.999999999999999,3,"binary, binary, binary",binary,768.0,49834.28571428572,14531.428571428572,18330.476190476187,-7314.285714285715,7840.0,-9020.952380952382,9984.0,365.714285714286,4608.0,,,,,,
6.999999999999999,3,"binary, binary, numeric",mixed,7002.0,313515.8441558442,268454.3722943723,144572.65151515152,108864.67532467532,70871.0,120513.13852813854,69757.0,218772.38095238098,35068.0,,,,,,
6.999999999999999,3,"binary, numeric, numeric",mixed,1124.0,69470.47619047618,24731.428571428576,29916.190476190477,4040.952380952381,13168.0,-1330.476190476191,10758.0,2793.3333333333344,6744.0,,,,,,
6.999999999999999,3,"numeric, numeric, numeric",numeric,506419.0,29729241.22706355,2032336.0293194118,11324860.729980698,2308360.9408865194,15405396.0,4607565.749957996,16377758.0,3373287.3212422365,9638640.0,,,,,,
6.999999999999999,4,"binary, binary, binary, binary",binary,2048.0,132590.47619047618,39051.42857142858,48952.38095238095,-19504.761904761905,16000.0,-23649.52380952381,22528.0,975.2380952380963,10240.0,,,,,,
6.999999999999999,4,"binary, binary, binary, numeric",mixed,73487.0,2963109.1774891773,3219531.168831169,1548961.645021645,1452975.6709956708,631713.0,1551041.7316017319,642071.0,2861072.0779220783,307275.0,,,,,,
6.999999999999999,4,"binary, binary, numeric, numeric",mixed,25117.0,1537376.1904761905,567667.619047619,678593.3333333333,36923.80952380953,252304.0,-82218.09523809524,242062.0,81729.52380952382,125585.0,,,,,,
6.999999999999999,4,"binary, numeric, numeric, numeric",mixed,6659.0,410174.28571428574,147913.33333333334,177538.09523809524,59589.52380952381,66409.0,19137.142857142855,55658.0,13700.000000000004,33295.0,,,,,,
6.999999999999999,4,"numeric, numeric, numeric, numeric",numeric,568160.0,33366541.493794844,7710795.126102436,13139404.822264943,6129663.6691118935,8164358.0,6649971.384827811,8337940.0,6313123.791181885,4431481.0,,,,,,
8.000000000000002,1,binary,binary,3.0,185.71428571428572,59.999999999999986,84.76190476190474,-40.00000000000001,19.0,-40.00000000000001,6.0,0.952380952380949,9.0,,,,,,
8.000000000000002,1,numeric,numeric,390.0,24452.710094587273,5612.785504790238,7772.773013991633,3925.892657130282,5862.0,4652.247670256081,5817.0,6016.22399185474,4256.0,,,,,,
8.000000000000002,2,"binary, binary",binary,78.0,4900.0,1499.9999999999998,2080.9523809523807,-1011.4285714285716,723.0,-971.4285714285716,941.0,68.57142857142865,546.0,,,,,,
8.000000000000002,2,"binary, numeric",mixed,443.0,23152.54329004329,9469.080086580085,7522.84632034632,4924.761904761904,4476.0,5598.051948051948,3960.0,10140.616883116882,2337.0,,,,,,
8.000000000000002,2,"numeric, numeric",numeric,16359.0,1007974.9215344462,207877.10115120545,358953.6259814048,111965.81090276928,415670.0,152218.6846776125,441663.0,165758.15838972505,280070.0,,,,,,
8.000000000000002,3,"binary, binary, binary",binary,660.0,41800.0,12411.42857142857,16704.761904761905,-8400.0,5513.0,-7851.428571428572,8422.0,822.8571428571438,3960.0,,,,,,
8.000000000000002,3,"binary, binary, numeric",mixed,8664.0,438200.51948051946,203420.303030303,163659.74025974024,103911.68831168831,84971.0,119418.48484848483,80502.0,227967.09956709956,41808.0,,,,,,
8.000000000000002,3,"binary, numeric, numeric",mixed,1169.0,73157.14285714286,23100.95238095238,30942.85714285714,679.9999999999998,13614.0,-3740.952380952381,10833.0,1668.5714285714294,7014.0,,,,,,
8.000000000000002,3,"numeric, numeric, numeric",numeric,504508.0,29539002.98917048,5984091.216733448,11808500.469319874,2600263.3837864054,15238962.0,4706479.8301763,16163418.0,3640121.8422945845,9575573.0,,,,,,
8.000000000000002,4,"binary, binary, binary, binary",binary,1832.0,116584.76190476191,33952.380952380954,44279.04761904762,-23017.14285714286,12439.0,-21099.04761904762,20140.0,2742.8571428571445,9160.0,,,,,,
8.000000000000002,4,"binary, binary, binary, numeric",mixed,92511.0,4456165.714285715,2338403.0303030303,1804355.1839826838,1412764.0692640692,785374.0,1558114.7186147186,768803.0,2930430.649350649,376795.0,,,,,,
8.000000000000002,4,"binary, binary, numeric, numeric",mixed,26439.0,1645293.3333333333,530555.2380952381,695752.380952381,-56737.14285714286,262014.0,-148046.6666666667,250505.0,69790.4761904762,132195.0,,,,,,
8.000000000000002,4,"binary, numeric, numeric, numeric",mixed,7118.0,445773.3333333333,141364.7619047619,185869.5238095238,43541.90476190476,70992.0,5912.38095238095,57265.0,3454.285714285717,35590.0,,,,,,
8.000000000000002,4,"numeric, numeric, numeric, numeric",numeric,581083.0,34121816.1777508,6288317.194351449,13588035.141662506,6288782.308530303,8230863.0,6910525.6535673635,8429221.0,6680450.665770632,4479338.0,,,,,,
9.000000000000002,1,binary,binary,6.0,398.2142857142857,90.71428571428571,114.4047619047619,-40.00000000000001,112.0,-52.50000000000001,73.0,-12.5,54.0,,,,,,
9.000000000000002,1,numeric,numeric,384.0,23894.755814551198,5596.390439616661,7873.188782937396,3919.2634878342074,5640.0,4955.551504486957,5624.0,6028.914142783838,4087.0,,,,,,
9.000000000000002,2,"binary, binary",binary,131.0,8677.142857142857,2079.047619047619,2497.6190476190477,-954.2857142857144,2172.0,-1178.095238095238,2098.0,-134.76190476190476,1205.0,,,,,,
9.000000000000002,2,"binary, numeric",mixed,406.0,19770.595238095237,13637.80303030303,9107.391774891774,1027.3160173160172,3433.0,5887.521645021646,3490.0,10199.707792207791,2050.0,,,,,,
9.000000000000002,2,"numeric, numeric",numeric,16066.0,985051.2828174873,153575.90763683117,357380.3680466869,111734.31084548432,407539.0,161450.80161946578,429382.0,166920.56933449063,273062.0,,,,,,
9.000000000000002,3,"binary, binary, binary",binary,904.0,59300.95238095238,15571.428571428572,17476.190476190477,-8045.714285714286,11328.0,-8732.380952380954,12899.0,224.76190476190482,6576.0,,,,,,
9.000000000000002,3,"binary, binary, numeric",mixed,7469.0,339987.2727272727,286747.18614718615,191091.94805194804,8119.999999999996,65960.0,123605.28138528139,69541.0,229987.85714285713,35406.0,,,,,,
9.000000000000002,3,"binary, numeric, numeric",mixed,1141.0,71121.90476190476,24504.76190476191,29137.14285714286,909.5238095238094,13140.0,-2278.0952380952385,10773.0,873.3333333333345,6846.0,,,,,,
9.000000000000002,3,"numeric, numeric, numeric",numeric,407817.0,24017182.559981585,2651818.006403062,9111120.761279568,2396187.766689768,11620921.0,3045718.3617451657,12390746.0,3566855.1320033125,7150408.0,,,,,,
9.000000000000002,4,"binary, binary, binary, binary",binary,1968.0,126739.04761904762,38198.095238095244,38600.0,-24182.85714285714,14208.0,-21306.666666666668,21636.0,4525.714285714286,9840.0,,,,,,
9.000000000000002,4,"binary, binary, binary, numeric",mixed,75067.0,3058689.1774891773,3326463.7229437227,2119197.5757575757,130774.19913419907,597281.0,1597103.116883117,635758.0,2961369.6969696963,306215.0,,,,,,
9.000000000000002,4,"binary, binary, numeric, numeric",mixed,25834.0,1600953.3333333333,563907.619047619,647493.3333333334,-50059.04761904762,256622.0,-112988.57142857143,244313.0,52846.666666666664,129170.0,,,,,,
9.000000000000002,4,"binary, numeric, numeric, numeric",mixed,6876.0,428014.28571428574,148260.00000000003,176463.80952380953,45820.0,67654.0,20201.90476190476,58077.0,1713.3333333333376,34380.0,,,,,,
9.000000000000002,4,"numeric, numeric, numeric, numeric",numeric,575677.0,33694454.013492055,8125164.01678908,13832316.913028428,6213936.457821534,8117935.0,7110464.66955872,8318921.0,6412559.683694172,4418724.0,,,,,,
10.0,1,binary,binary,4.0,260.95238095238096,74.28571428571429,95.23809523809523,-48.571428571428584,59.0,-48.571428571428584,7.0,0.0,24.0,,,,,,
10.0,1,numeric,numeric,383.0,23847.465590876716,5765.068866222328,8196.27004554291,3899.1747560126823,5839.0,4903.267648583258,5757.0,6005.403743371652,4169.0,,,,,,
10.0,2,"binary, binary",binary,96.0,6245.714285714286,1800.0000000000002,2201.9047619047615,-1165.7142857142858,1185.0,-1067.6190476190477,1105.0,0.0,672.0,,,,,,
10.0,2,"binary, numeric",mixed,421.0,21545.99567099567,10887.456709956708,9845.443722943723,875.194805194805,4122.0,6051.720779220779,3907.0,10267.19696969697,2297.0,,,,,,
10.0,2,"numeric, numeric",numeric,15977.0,980994.9041037116,202425.72622261982,372691.5513876328,111109.9510570937,406254.0,160973.34332914022,428175.0,168531.55743606505,272043.0,,,,,,
10.0,3,"binary, binary, binary",binary,768.0,49834.28571428572,14531.428571428572,17340.952380952378,-9325.714285714286,7646.0,-7920.0,9876.0,0.0,4608.0,,,,,,
10.0,3,"binary, binary, numeric",mixed,8474.0,424570.0432900433,236172.33766233764,197007.72727272726,6280.90909090909,80357.0,129101.23376623377,80393.0,230025.86580086584,41724.0,,,,,,
10.0,3,"binary, numeric, numeric",mixed,1076.0,66356.19047619047,25194.285714285714,27474.285714285714,1797.1428571428569,12541.0,-160.95238095238153,10114.0,-3127.6190476190473,6456.0,,,,,,
10.0,3,"numeric, numeric, numeric",numeric,402301.0,23696481.30372587,3978533.914026888,9710767.061737616,2365346.08134942,11393911.0,3031905.3315001694,12151915.0,3624701.7474298873,7030251.0,,,,,,
10.0,4,"binary, binary, binary, binary",binary,2048.0,132590.47619047618,39051.42857142858,46345.71428571428,-24868.571428571428,15528.0,-19820.95238095238,22528.0,0.0,10240.0,,,,,,
10.0,4,"binary, binary, binary, numeric",mixed,91838.0,4408327.619047619,2721550.4761904757,2080150.551948052,105731.77489177491,753730.0,1657338.4415584416,770189.0,2966397.8354978357,376630.0,,,,,,
10.0,4,"binary, binary, numeric, numeric",mixed,24102.0,1472324.761904762,565206.6666666667,627146.6666666666,-36123.80952380953,238980.0,-53933.33333333334,226352.0,-25495.2380952381,120510.0,,,,,,
10.0,4,"binary, numeric, numeric, numeric",mixed,6401.0,392298.09523809527,156509.52380952382,165838.09523809524,46093.33333333333,63089.0,32595.23809523809,53195.0,-29690.47619047619,32005.0,,,,,,
10.0,4,"numeric, numeric, numeric, numeric",numeric,584808.0,34385844.18433073,8369957.153685897,15072482.759619923,6227787.187455983,8349202.0,7218998.735806313,8505366.0,6545817.313668259,4515246.0,,,,,,
0.5000000000000001,1,numeric,numeric,326.0,20447.28270651293,-2925.133248961499,3266.4600821000226,,,,,,,1208.2414290380038,4909.0,1516.6088646374217,5646.0,2854.8914710450795,3587.0
0.5000000000000001,2,"binary, numeric",mixed,113.0,7597.294372294373,-1499.6753246753246,-1448.4848484848487,,,,,,,-1433.3333333333333,783.0,-1575.0,759.0,708.1709956709956,434.0
0.5000000000000001,2,"numeric, numeric",numeric,14645.0,895470.4625028055,-258900.62839272685,156228.7702245363,,,,,,,33000.184770019,379808.0,38953.27729152747,423105.0,69157.82197102928,255941.0
0.5000000000000001,3,"binary, binary, numeric",mixed,696.0,48387.22943722944,-15703.896103896106,-17873.48484848485,,,,,,,-18450.0,3996.0,-18300.0,3980.0,3222.5108225108224,2104.0
0.5000000000000001,3,"numeric, numeric, numeric",numeric,357752.0,20801462.24759028,-8947532.012168393,3831842.7371093147,,,,,,,187062.38661021396,10270984.0,126423.47698103145,11140340.0,1575223.973235074,6188198.0
0.5000000000000001,4,"binary, binary, binary, numeric",mixed,4432.0,253291.34199134202,-121329.43722943724,-56768.398268398276,,,,,,,-57488.74458874458,30752.0,-56222.077922077915,31216.0,5961.904761904759,15360.0
0.5000000000000001,4,"numeric, numeric, numeric, numeric",numeric,475236.0,26887392.8712046,5492497.292776503,5653848.626093366,,,,,,,840769.2360598531,6784122.0,521009.8989504605,6951355.0,1164938.7009483865,3634152.0
1.0000000000000002,1,numeric,numeric,313.0,19233.37145901197,-1640.2509051200486,4078.9347476324806,,,,,,,1819.410159950957,4177.0,2445.391441339603,4855.0,4296.692349993836,3272.0
1.0000000000000002,2,"binary, numeric",mixed,209.0,10785.60606060606,5991.666666666666,2338.6363636363635,,,,,,,577.922077922078,2107.0,1556.168831168831,1919.0,5800.378787878788,1010.0
1.0000000000000002,2,"numeric, numeric",numeric,13878.0,834718.7847061711,-185798.02921322384,196779.57774248475,,,,,,,61688.46419341997,358010.0,71136.87309606465,396774.0,112013.38684113565,245813.0
1.0000000000000002,3,"binary, binary, numeric",mixed,2376.0,127721.86147186148,68146.9696969697,26673.86363636364,,,,,,,8775.541125541125,22716.0,17729.65367965368,21212.0,72809.9567099567,10504.0
1.0000000000000002,3,"numeric, numeric, numeric",numeric,345619.0,19736769.348983422,-6607051.66605401,3869433.044154339,,,,,,,676894.6564461166,10184441.0,878578.6078443921,10914163.0,2259715.7738939556,6143665.0
1.0000000000000002,4,"binary, binary, binary, numeric",mixed,24112.0,1138008.658008658,809749.7835497835,385249.6753246754,,,,,,,117931.16883116883,209600.0,196899.13419913416,197312.0,882180.0865800865,94080.0
1.0000000000000002,4,"numeric, numeric, numeric, numeric",numeric,561589.0,32445178.829754435,4032149.8918022616,9616512.037676303,,,,,,,5667950.506360549,9255620.0,6289006.464437328,9551470.0,5012960.048815593,4960290.0
2.0000000000000004,1,numeric,numeric,336.0,20685.8166295108,643.3594017767397,5162.573186413871,,,,,,,2286.33421285783,4884.0,2423.3389047832407,5401.0,4395.9098615945495,3572.0
2.0000000000000004,2,"binary, numeric",mixed,237.0,9525.0,9979.545454545456,6516.558441558442,,,,,,,5057.575757575757,2559.0,5049.242424242424,2295.0,9470.075757575758,1178.0
2.0000000000000004,2,"numeric, numeric",numeric,14404.0,868066.7892036991,-59049.26740429903,227213.74294902748,,,,,,,83845.82849231696,371765.0,79778.12051397897,406643.0,126380.19233705167,250874.0
2.0000000000000004,3,"binary, binary, numeric",mixed,4392.0,150493.9393939394,223015.15151515152,140814.44805194807,,,,,,,116548.48484848485,46716.0,116015.1515151515,41916.0,224954.54545454547,20584.0
2.0000000000000004,3,"numeric, numeric, numeric",numeric,380013.0,22026886.08717857,-4049820.038999998,5529572.169574052,,,,,,,1226999.0388351108,11104570.0,1018047.1090102879,11928691.0,2804773.7502556643,6749341.0
2.0000000000000004,4,"binary, binary, binary, numeric",mixed,54352.0,1772393.9393939395,2913593.9393939395,1823552.5974025975,,,,,,,1544490.909090909,491520.0,1544557.5757575757,445440.0,2965296.96969697,215040.0
2.0000000000000004,4,"numeric, numeric, numeric, numeric",numeric,490156.0,27640948.43376784,1360932.798173504,8917265.072098307,,,,,,,5864936.132872742,6489433.0,5383503.804252147,6694270.0,5147310.553745583,3554097.0
3.0,1,numeric,numeric,343.0,20968.758452811628,1913.8680454989828,5573.8259232842365,,,,,,,2476.931133632089,4979.0,3023.475495882932,5539.0,5132.1013158009255,3679.0
3.0,2,"binary, numeric",mixed,293.0,13920.324675324677,6890.887445887445,3533.3549783549774,,,,,,,5141.385281385281,3323.0,5159.0259740259735,2927.0,8907.478354978357,1518.0
3.0,2,"numeric, numeric",numeric,14872.0,898760.0754165534,-9017.596792494696,256655.81934073596,,,,,,,90474.90356652363,382144.0,96516.33322887182,415584.0,144045.3228046812,257447.0
3.0,3,"binary, binary, numeric",mixed,5576.0,246706.40692640693,150246.49350649354,75997.54329004328,,,,,,,116680.8658008658,60212.0,118093.4199134199,53556.0,209150.0432900433,26536.0
3.0,3,"binary, numeric, numeric",mixed,96.0,6093.333333333333,1952.3809523809525,2299.047619047619,,,,,,,1986.6666666666667,1041.0,1986.6666666666667,880.0,-1780.952380952381,576.0
3.0,3,"numeric, numeric, numeric",numeric,488967.0,28442811.407520846,-2845049.9145265142,9034018.673555534,,,,,,,3190986.6109835654,15032197.0,3374678.448076032,16105717.0,3430506.221523887,9437030.0
3.0,4,"binary, binary, binary, numeric",mixed,68596.0,2903574.8917748923,2046062.510822511,989253.2900432899,,,,,,,1546039.4805194805,621208.0,1554771.0822510822,560280.0,2804092.2077922085,272180.0
3.0,4,"binary, binary, numeric, numeric",mixed,1000.0,65092.380952380954,19602.857142857145,21506.666666666664,,,,,,,10511.42857142857,9436.0,10511.42857142857,8952.0,-19215.238095238095,5000.0
3.0,4,"binary, numeric, numeric, numeric",mixed,864.0,54982.857142857145,17428.57142857143,20989.52380952381,,,,,,,17657.14285714286,7506.0,17657.14285714286,7200.0,-16040.95238095238,4320.0
3.0,4,"numeric, numeric, numeric, numeric",numeric,548977.0,32074475.3741865,5530264.666964611,9936030.219156459,,,,,,,5783566.346172577,7764907.0,5532681.905765237,7949030.0,5905928.2932999255,4231702.0
4.000000000000001,1,numeric,numeric,340.0,20851.361569716086,2809.5790713832384,5951.242373812233,,,,,,,2632.8415622239872,4954.0,3277.428102329306,5437.0,5332.144003403,3680.0
4.000000000000001,2,"binary, binary",binary,4.0,256.1904761904762,79.04761904761905,-10.476190476190473,,,,,,,0.0,52.0,0.0,36.0,-2.857142857142858,28.0
4.000000000000001,2,"binary, numeric",mixed,245.0,10017.380952380952,9512.61904761905,5916.991341991342,,,,,,,5256.623376623376,2523.0,5248.290043290043,2259.0,8517.608225108223,1234.0
4.000000000000001,2,"numeric, numeric",numeric,14541.0,880787.1504978174,59853.801175864704,281717.3034507627,,,,,,,96941.40145446776,368229.0,105354.26660907247,400020.0,152900.69166400947,247421.0
4.000000000000001,3,"binary, binary, numeric",mixed,4504.0,156670.1298701299,212513.9393939394,125188.21428571429,,,,,,,118811.34199134198,45188.0,118312.29437229436,41532.0,205694.3722943723,21256.0
4.000000000000001,3,"binary, numeric, numeric",mixed,184.0,11336.190476190475,4084.761904761905,4918.0952380952385,,,,,,,4543.809523809524,2072.0,4543.809523809524,1625.0,-4492.380952380952,1104.0
4.000000000000001,3,"numeric, numeric, numeric",numeric,449573.0,25859559.32739708,496745.7067725225,9666240.883437756,,,,,,,3307989.258426006,13467772.0,3470423.9192902064,14403747.0,3627621.464795805,8418618.0
4.000000000000001,4,"binary, binary, binary, numeric",mixed,55264.0,1828178.7012987013,2748184.588744589,1588810.974025974,,,,,,,1552007.0995670995,469328.0,1552992.8138528138,443960.0,2715506.4069264065,219600.0
4.000000000000001,4,"binary, binary, numeric, numeric",mixed,2904.0,172499.04761904763,70883.80952380953,67754.28571428571,,,,,,,49130.47619047619,28104.0,49711.42857142857,25818.0,-49510.47619047619,14520.0
4.000000000000001,4,"binary, numeric, numeric, numeric",mixed,1584.0,97765.71428571429,34988.571428571435,40760.0,,,,,,,38794.28571428572,14304.0,38794.28571428572,12456.0,-34820.95238095238,7920.0
4.000000000000001,4,"numeric, numeric, numeric, numeric",numeric,553670.0,32477525.885050863,6902565.88354471,9974589.991285054,,,,,,,5754256.780911367,7906413.0,5706816.873258432,8114681.0,6013748.92283734,4329761.0
5.0,1,binary,binary,4.0,260.95238095238096,74.28571428571429,54.28571428571428,,,,,,,-48.571428571428584,24.0,-48.571428571428584,5.0,45.71428571428571,15.0
5.0,1,numeric,numeric,362.0,22452.429735833186,3378.536659520211,6336.29371303424,,,,,,,2983.2536273831806,5352.0,3230.2336974351924,5640.0,5556.151215376214,4036.0
5.0,2,"binary, binary",binary,80.0,5184.761904761905,1520.0,1131.4285714285713,,,,,,,-971.4285714285716,780.0,-971.4285714285716,948.0,914.2857142857142,560.0
5.0,2,"binary, numeric",mixed,363.0,17600.833333333332,12551.80735930736,4227.499999999999,,,,,,,4128.766233766233,3612.0,4162.099567099566,3358.0,9860.94155844156,1951.0
5.0,2,"numeric, numeric",numeric,15471.0,941940.7638817376,72170.97401834061,310750.1587551438,,,,,,,105464.75292535264,389038.0,103388.56819631322,425417.0,152502.34448792468,265262.0
5.0,3,"binary, binary, binary",binary,512.0,33040.0,9870.47619047619,7384.761904761905,,,,,,,-6217.142857142857,4560.0,-6217.142857142857,6592.0,5851.428571428572,3072.0
5.0,3,"binary, binary, numeric",mixed,6485.0,282208.22510822513,273598.0086580087,95623.29004329004,,,,,,,97236.10389610389,65119.0,97131.34199134198,65329.0,230310.5627705628,32654.0
5.0,3,"binary, numeric, numeric",mixed,1051.0,65327.619047619046,22756.190476190477,19667.619047619046,,,,,,,-4939.04761904762,11960.0,-4939.04761904762,10029.0,5486.666666666667,6306.0
5.0,3,"numeric, numeric, numeric",numeric,482855.0,27954468.445338164,862257.2140852566,10598222.20840455,,,,,,,3440898.30790849,14439881.0,3231443.4983338704,15588913.0,3552269.5283518108,9131095.0
5.0,4,"binary, binary, binary, binary",binary,512.0,29870.47619047619,13040.0,8864.761904761905,,,,,,,-7558.0952380952385,3776.0,-7558.0952380952385,5632.0,8167.619047619049,2560.0
5.0,4,"binary, binary, binary, numeric",mixed,63189.0,2323344.4155844157,3189732.987012987,1007172.2943722942,,,,,,,1448301.3852813852,538266.0,1453656.6233766233,538069.0,2896507.3593073594,258505.0
5.0,4,"binary, binary, numeric, numeric",mixed,17813.0,1098994.2857142857,393904.76190476195,335659.0476190476,,,,,,,-117704.76190476191,173924.0,-110210.4761904762,176562.0,108240.0,89065.0
5.0,4,"binary, numeric, numeric, numeric",mixed,5650.0,346468.5714285714,127055.2380952381,116339.0476190476,,,,,,,-4040.000000000004,56334.0,-4040.000000000004,46844.0,4960.0,28250.0
5.0,4,"numeric, numeric, numeric, numeric",numeric,570480.0,33631573.27377093,3292740.1373524377,10849203.250517877,,,,,,,6496497.360388633,8102784.0,6044933.158006693,8377161.0,6097152.647077138,4462183.0
6.0,1,binary,binary,4.0,260.95238095238096,74.28571428571429,98.0952380952381,,,,,,,-48.571428571428584,34.0,-48.571428571428584,6.0,73.33333333333333,18.0
6.0,1,numeric,numeric,376.0,23523.347629333202,3975.7057065545278,7173.127138199305,,,,,,,2855.1243976072037,5792.0,3434.782831700672,5862.0,5510.087529445006,4273.0
6.0,2,"binary, binary",binary,64.0,4140.952380952381,1222.857142857143,1485.7142857142858,,,,,,,-777.1428571428572,658.0,-777.1428571428572,806.0,1173.3333333333335,448.0
6.0,2,"binary, numeric",mixed,357.0,16791.309523809523,12077.976190476193,7775.56277056277,,,,,,,3728.290043290043,3625.0,4028.290043290043,3367.0,11313.852813852815,1949.0
6.0,2,"numeric, numeric",numeric,16161.0,991627.2518535099,90048.46680882035,344899.9609253145,,,,,,,100881.36552956802,410520.0,111057.11563986479,444510.0,150148.7631191448,279871.0
6.0,3,"binary, binary, binary",binary,512.0,33044.76190476191,9865.714285714286,11417.142857142859,,,,,,,-6217.142857142857,4544.0,-6217.142857142857,6592.0,9386.666666666668,3072.0
6.0,3,"binary, binary, numeric",mixed,6572.0,288822.5108225108,256000.90909090912,176628.5497835498,,,,,,,95683.24675324674,65210.0,98037.05627705627,65214.0,248243.76623376622,32608.0
6.0,3,"binary, numeric, numeric",mixed,1117.0,70400.0,23215.2380952381,27479.04761904762,,,,,,,-6508.571428571429,12836.0,-6508.571428571429,10710.0,11760.952380952382,6702.0
6.0,3,"numeric, numeric, numeric",numeric,506731.0,29651469.665951196,900725.2906156743,11663358.488088576,,,,,,,3326083.8507750034,15282317.0,3574038.4915752504,16419893.0,3417438.4921439323,9679564.0
6.0,4,"binary, binary, binary, binary",binary,512.0,30095.238095238095,12815.238095238095,13603.809523809525,,,,,,,-7558.0952380952385,3760.0,-7558.0952380952385,5632.0,11824.761904761905,2560.0
6.0,4,"binary, binary, binary, numeric",mixed,64139.0,2378226.3203463205,3021320.7792207794,1956666.3095238095,,,,,,,1435068.051948052,544047.0,1440748.051948052,543273.0,3012289.4372294373,260855.0
6.0,4,"binary, binary, numeric, numeric",mixed,19577.0,1222422.857142857,418316.19047619053,478440.95238095237,,,,,,,-162373.33333333334,193253.0,-154660.0,192471.0,224262.85714285716,97885.0
6.0,4,"binary, numeric, numeric, numeric",mixed,6307.0,396126.6666666667,132460.0,156509.52380952382,,,,,,,-18213.33333333334,63508.0,-18213.33333333334,52199.0,36392.380952380954,31535.0
6.0,4,"numeric, numeric, numeric, numeric",numeric,584132.0,34435552.696423754,5479407.296984553,13486834.352276571,,,,,,,6296072.162083195,8246590.0,6319069.131422583,8502090.0,6183027.10218864,4526013.0
6.999999999999999,1,binary,binary,4.0,260.95238095238096,74.28571428571429,95.23809523809521,,,,,,,-48.571428571428584,53.0,-48.571428571428584,4.0,1.904761904761909,24.0
6.999999999999999,1,numeric,numeric,384.0,24094.890912945168,4282.17264852224,7553.436787910319,,,,,,,2767.426856970277,5823.0,3382.2760739774435,5917.0,5670.386186668291,4276.0
6.999999999999999,2,"binary, binary",binary,96.0,6245.714285714286,1800.0000000000002,2288.5714285714284,,,,,,,-1165.7142857142858,1086.0,-1146.6666666666667,1238.0,45.71428571428573,672.0
6.999999999999999,2,"binary, numeric",mixed,358.0,16776.309523809523,12211.655844155846,6377.229437229436,,,,,,,3955.670995670995,3686.0,4313.170995670996,3292.0,9733.39826839827,1946.0
6.999999999999999,2,"numeric, numeric",numeric,16285.0,1004777.3573386022,121398.54645174174,340953.53151604644,,,,,,,94698.70113544707,411427.0,107311.02167778536,445146.0,154725.51075626852,279593.0
6.999999999999999,3,"binary, binary, binary",binary,768.0,49834.28571428572,14531.428571428572,18330.476190476187,,,,,,,-9325.714285714286,7104.0,-9020.952380952382,9984.0,365.714285714286,4608.0
6.999999999999999,3,"binary, binary, numeric",mixed,7002.0,312782.5108225108,269187.70562770567,144497.65151515152,,,,,,,96488.48484848483,69360.0,100409.6753246753,69663.0,218132.8571428572,35068.0
6.999999999999999,3,"binary, numeric, numeric",mixed,1124.0,69470.47619047618,24731.428571428572,29916.190476190473,,,,,,,-2049.5238095238105,12652.0,-1330.476190476191,10746.0,2379.04761904762,6744.0
6.999999999999999,3,"numeric, numeric, numeric",numeric,506419.0,29729241.22706355,2032336.0293194118,11324860.729980698,,,,,,,3122283.9383746833,15227010.0,3483061.2124113636,16382046.0,3439868.2837234233,9633532.0
6.999999999999999,4,"binary, binary, binary, binary",binary,2048.0,132590.47619047618,39051.42857142858,48952.38095238095,,,,,,,-24868.571428571428,14464.0,-23649.52380952381,22528.0,975.2380952380963,10240.0
6.999999999999999,4,"binary, binary, binary, numeric",mixed,73487.0,2965375.8441558443,3217264.5021645026,1548469.9783549781,,,,,,,1375585.1948051946,622582.0,1397845.1948051946,642041.0,2854173.0303030307,307275.0
6.999999999999999,4,"binary, binary, numeric, numeric",mixed,25117.0,1537376.1904761905,567667.619047619,678593.3333333333,,,,,,,-106159.04761904763,242527.0,-82218.09523809525,242000.0,75794.28571428572,125585.0
6.999999999999999,4,"binary, numeric, numeric, numeric",mixed,6659.0,410174.28571428574,147913.33333333334,177538.09523809524,,,,,,,13939.999999999996,64004.0,19137.142857142855,55656.0,10906.66666666667,33295.0
6.999999999999999,4,"numeric, numeric, numeric, numeric",numeric,568160.0,33366541.493794844,7710795.126102436,13139404.822264943,,,,,,,6222789.467211953,8084796.0,6307187.741309975,8339937.0,6397576.045430429,4431481.0
8.000000000000002,1,binary,binary,3.0,185.71428571428572,59.999999999999986,84.76190476190474,,,,,,,-40.00000000000001,30.0,-40.00000000000001,6.0,0.952380952380949,18.0
8.000000000000002,1,numeric,numeric,390.0,24452.71009458727,5612.7855047902385,7772.773013991633,,,,,,,2940.91529890173,5744.0,3490.367042488817,5861.0,6021.419261659824,4279.0
8.000000000000002,2,"binary, binary",binary,78.0,4900.0,1499.9999999999998,2080.9523809523807,,,,,,,-1011.4285714285716,742.0,-971.4285714285716,929.0,68.57142857142865,546.0
8.000000000000002,2,"binary, numeric",mixed,443.0,23152.54329004329,9469.080086580085,7522.84632034632,,,,,,,4238.993506493506,4479.0,4058.658008658008,3937.0,10015.974025974025,2337.0
8.000000000000002,2,"numeric, numeric",numeric,16359.0,1007974.9215344462,207877.10115120542,358953.6259814048,,,,,,,100988.4015638468,411154.0,111394.36639977884,442771.0,166704.50284142332,280270.0
8.000000000000002,3,"binary, binary, binary",binary,660.0,41800.0,12411.42857142857,16704.761904761905,,,,,,,-8400.0,5465.0,-7851.428571428572,8420.0,822.8571428571437,3960.0
8.000000000000002,3,"binary, binary, numeric",mixed,8664.0,438200.51948051946,203420.303030303,163659.74025974024,,,,,,,94965.58441558441,84134.0,96258.25757575757,80365.0,226104.00432900435,41808.0
8.000000000000002,3,"binary, numeric, numeric",mixed,1169.0,73157.14285714286,23100.95238095238,30942.85714285714,,,,,,,-4377.142857142858,13211.0,-3740.952380952381,10819.0,900.0000000000007,7014.0
8.000000000000002,3,"numeric, numeric, numeric",numeric,504508.0,29539002.98917048,5984091.216733448,11808500.469319874,,,,,,,3294956.9339622706,15172359.0,3630255.355048108,16167814.0,3764186.334305382,9577034.0
8.000000000000002,4,"binary, binary, binary, binary",binary,1832.0,116584.76190476191,33952.380952380954,44279.04761904762,,,,,,,-23017.142857142855,12439.0,-21099.04761904762,20140.0,2742.8571428571445,9160.0
8.000000000000002,4,"binary, binary, binary, numeric",mixed,92511.0,4456165.714285715,2338403.0303030303,1804355.1839826838,,,,,,,1353419.567099567,778781.0,1375664.7186147186,768777.0,2922624.9350649347,376795.0
8.000000000000002,4,"binary, binary, numeric, numeric",mixed,26439.0,1645293.3333333333,530555.2380952381,695752.380952381,,,,,,,-176223.80952380953,254622.0,-148046.6666666667,250543.0,60649.52380952382,132195.0
8.000000000000002,4,"binary, numeric, numeric, numeric",mixed,7118.0,445773.3333333333,141364.7619047619,185869.5238095238,,,,,,,2112.380952380948,69348.0,5912.38095238095,57258.0,-3029.523809523807,35590.0
8.000000000000002,4,"numeric, numeric, numeric, numeric",numeric,581083.0,34121816.1777508,6288317.194351449,13588035.141662505,,,,,,,6512197.296711205,8149449.0,6533790.161670026,8429745.0,6798565.471363573,4479338.0
9.000000000000002,1,binary,binary,6.0,398.2142857142857,90.71428571428571,114.4047619047619,,,,,,,-40.00000000000001,123.0,-52.50000000000001,72.0,-37.499999999999986,60.0
9.000000000000002,1,numeric,numeric,384.0,23894.7558145512,5596.390439616661,7873.188782937396,,,,,,,3082.5904864071767,5541.0,3660.0560136132563,5713.0,6191.658184070716,4088.0
9.000000000000002,2,"binary, binary",binary,131.0,8677.142857142857,2079.047619047619,2497.6190476190477,,,,,,,-954.2857142857144,2212.0,-1178.095238095238,2086.0,-484.76190476190453,1205.0
9.000000000000002,2,"binary, numeric",mixed,406.0,19770.595238095237,13637.80303030303,9107.391774891774,,,,,,,3888.5281385281387,3438.0,4528.647186147186,3465.0,10199.707792207791,2050.0
9.000000000000002,2,"numeric, numeric",numeric,16066.0,985051.2828174871,153575.9076368311,357380.3680466869,,,,,,,99882.67056758577,401868.0,111778.51627702848,430560.0,175799.21947916434,273199.0
9.000000000000002,3,"binary, binary, binary",binary,904.0,59300.95238095238,15571.428571428572,17476.190476190477,,,,,,,-8045.714285714286,11456.0,-8732.380952380954,12891.0,-975.2380952380943,6576.0
9.000000000000002,3,"binary, binary, numeric",mixed,7469.0,339987.2727272727,286747.18614718615,191091.94805194804,,,,,,,92570.27056277054,64862.0,99106.58008658008,69429.0,229957.38095238095,35406.0
9.000000000000002,3,"binary, numeric, numeric",mixed,1141.0,71121.90476190476,24504.76190476191,29137.14285714286,,,,,,,-3981.9047619047624,12925.0,-2278.0952380952385,10765.0,741.9047619047631,6846.0
9.000000000000002,3,"numeric, numeric, numeric",numeric,407817.0,24017182.559981585,2651818.0064030616,9111120.761279568,,,,,,,1418530.05160348,11521344.0,1704431.2237125055,12392778.0,3645094.772057967,7151738.0
9.000000000000002,4,"binary, binary, binary, binary",binary,1968.0,126739.04761904762,38198.095238095244,38600.0,,,,,,,-24182.85714285714,14208.0,-21306.666666666668,21636.0,4525.714285714286,9840.0
9.000000000000002,4,"binary, binary, binary, numeric",mixed,75067.0,3058689.1774891773,3326463.7229437227,2119197.5757575757,,,,,,,1348876.147186147,589146.0,1378644.2424242424,635629.0,2960971.601731601,306215.0
9.000000000000002,4,"binary, binary, numeric, numeric",mixed,25834.0,1600953.3333333333,563907.619047619,647493.3333333334,,,,,,,-161360.0,249339.0,-112988.57142857143,244279.0,50390.47619047619,129170.0
9.000000000000002,4,"binary, numeric, numeric, numeric",mixed,6876.0,428014.28571428574,148260.00000000003,176463.80952380953,,,,,,,5792.380952380949,66261.0,20201.90476190476,58082.0,43.80952380952771,34380.0
9.000000000000002,4,"numeric, numeric, numeric, numeric",numeric,575677.0,33694454.013492055,8125164.01678908,13832316.913028428,,,,,,,6394124.254926385,8031392.0,6432365.389336223,8318733.0,6561567.450160092,4418724.0
10.0,1,binary,binary,4.0,260.95238095238096,74.28571428571429,95.23809523809523,,,,,,,-48.571428571428584,58.0,-48.571428571428584,5.0,0.0,24.0
10.0,1,numeric,numeric,383.0,23847.465590876716,5765.068866222329,8196.27004554291,,,,,,,3140.2732185831683,5701.0,3604.8163393580226,5821.0,6099.71875693103,4175.0
10.0,2,"binary, binary",binary,96.0,6245.714285714286,1800.0000000000002,2201.9047619047615,,,,,,,-1165.7142857142858,1168.0,-1067.6190476190477,1103.0,0.0,672.0
10.0,2,"binary, numeric",mixed,421.0,21545.99567099567,10887.456709956708,9845.443722943723,,,,,,,4444.95670995671,4150.0,4624.015151515151,3878.0,10267.19696969697,2297.0
10.0,2,"numeric, numeric",numeric,15977.0,980994.9041037117,202425.7262226198,372691.55138763273,,,,,,,103254.98476633299,400278.0,110382.57889475136,429240.0,176856.64948632885,272180.0
10.0,3,"binary, binary, binary",binary,768.0,49834.28571428572,14531.428571428572,17340.952380952378,,,,,,,-9325.714285714286,7552.0,-7920.0,9876.0,0.0,4608.0
10.0,3,"binary, binary, numeric",mixed,8474.0,424570.0432900433,236172.33766233764,197007.72727272726,,,,,,,99351.51515151514,80151.0,103085.75757575755,80404.0,229945.86580086584,41724.0
10.0,3,"binary, numeric, numeric",mixed,1076.0,66356.19047619047,25194.285714285714,27474.285714285714,,,,,,,-1089.5238095238103,12267.0,-160.9523809523816,10134.0,-3127.6190476190473,6456.0
10.0,3,"numeric, numeric, numeric",numeric,402301.0,23696481.30372587,3978533.914026888,9710767.061737616,,,,,,,1508299.7306807786,11288163.0,1666495.2118785807,12157086.0,3743271.511350267,7031264.0
10.0,4,"binary, binary, binary, binary",binary,2048.0,132590.47619047618,39051.42857142858,46345.71428571428,,,,,,,-24868.571428571428,15360.0,-19820.95238095238,22528.0,0.0,10240.0
10.0,4,"binary, binary, binary, numeric",mixed,91838.0,4408327.619047619,2721550.4761904757,2080150.551948052,,,,,,,1394366.3203463203,750594.0,1419626.147186147,771384.0,2965777.8354978357,376630.0
10.0,4,"binary, binary, numeric, numeric",mixed,24102.0,1472324.761904762,565206.6666666667,627146.6666666666,,,,,,,-94533.33333333334,233649.0,-53933.33333333334,226381.0,-27448.57142857143,120510.0
10.0,4,"binary, numeric, numeric, numeric",mixed,6401.0,392298.09523809527,156509.52380952382,165838.09523809524,,,,,,,23950.476190476187,61684.0,32595.23809523809,53225.0,-29639.04761904762,32005.0
10.0,4,"numeric, numeric, numeric, numeric",numeric,584808.0,34385844.18433073,8369957.153685897,15072482.759619923,,,,,,,6359523.1453233985,8270135.0,6501942.575053857,8504025.0,6561442.829402776,4515246.0
