drift description,tree size,after accuracy decrease,after retrain accuracy,after retrain accuracy increase,before after retrain accuracy,before after retrain accuracy increase,STAT_BARINEL faulty nodes indicies,STAT_BARINEL faulty features,STAT_BARINEL wasted effort,STAT_BARINEL fix accuracy,STAT_BARINEL fix accuracy increase
acute-inflammation__NumericFeature[f5;-2std],7,25.0,70.83333333333334,4.166666666666674,87.5,20.833333333333336,6,target,1,66.66666666666666,0.0
acute-inflammation__NumericFeature[f5;-1std],7,25.0,70.83333333333334,4.166666666666674,100.0,33.333333333333336,6,target,1,66.66666666666666,0.0
acute-inflammation__NumericFeature[f5;+1std],7,33.333333333333336,70.83333333333334,-16.666666666666664,100.0,12.5,2,f5,0,100.0,12.5
acute-inflammation__NumericFeature[f5;+2std],7,33.333333333333336,70.83333333333334,-16.666666666666664,100.0,12.5,2,f5,0,100.0,12.5
acute-inflammation__NumericFeature[f6;-2std],7,33.333333333333336,70.83333333333334,-16.666666666666664,100.0,12.5,5,target,0,95.83333333333334,8.333333333333337
acute-inflammation__NumericFeature[f6;-1std],7,33.333333333333336,70.83333333333334,-16.666666666666664,100.0,12.5,5,target,0,95.83333333333334,8.333333333333337
acute-inflammation__NumericFeature[f4;-2std],7,50.0,70.83333333333334,25.000000000000007,45.83333333333333,0.0,0,f4,0,100.0,54.16666666666667
acute-inflammation__NumericFeature[f4;+2std],7,16.666666666666664,70.83333333333334,4.166666666666674,66.66666666666666,0.0,"4, 5","target, target",2,87.5,20.833333333333336
acute-nephritis__NumericFeature[f1;-2std],5,33.333333333333336,91.66666666666666,33.33333333333333,79.16666666666666,20.833333333333325,0,f1,0,100.0,41.666666666666664
acute-nephritis__NumericFeature[f3;-2std],5,33.333333333333336,91.66666666666666,33.33333333333333,50.0,-8.333333333333337,"1, 3","target, target",1,91.66666666666666,33.33333333333333
acute-nephritis__NumericFeature[f3;-1std],5,33.333333333333336,91.66666666666666,33.33333333333333,100.0,41.666666666666664,"1, 3","target, target",1,91.66666666666666,33.33333333333333
analcatdata_boxing1__NumericFeature[Round;-0.5std],33,25.0,70.83333333333334,4.166666666666674,75.0,8.333333333333337,0,Round,0,58.333333333333336,-8.333333333333325
analcatdata_boxing1__NumericFeature[Round;+0.5std],33,33.333333333333336,70.83333333333334,33.333333333333336,79.16666666666666,41.666666666666664,0,Round,0,54.166666666666664,16.666666666666664
analcatdata_boxing1__NumericFeature[Round;+1std],33,33.333333333333336,70.83333333333334,8.333333333333337,83.33333333333334,20.833333333333336,0,Round,0,66.66666666666666,4.1666666666666625
analcatdata_boxing1__NumericFeature[Round;+2std],33,33.333333333333336,70.83333333333334,8.333333333333337,79.16666666666666,16.666666666666664,0,Round,0,75.0,12.5
analcatdata_lawsuit__NumericFeature[CAP;-2std],3,42.307692307692314,94.23076923076923,63.46153846153846,78.84615384615384,48.07692307692307,1,target,0,92.3076923076923,61.53846153846154
analcatdata_lawsuit__NumericFeature[CAP;-1std],3,23.076923076923084,94.23076923076923,26.923076923076916,86.53846153846155,19.23076923076923,1,target,0,92.3076923076923,25.0
annealing__NumericFeature[f4;+0.5std],27,75.28089887640449,84.35754189944134,63.12849162011174,77.09497206703911,55.865921787709496,2,f4,0,91.62011173184358,70.39106145251397
annealing__NumericFeature[f4;+1std],27,76.40449438202246,84.35754189944134,63.12849162011174,92.17877094972067,70.94972067039106,0,f1,1,21.22905027932961,0.0
annealing__NumericFeature[f4;+2std],27,77.52808988764043,84.35754189944134,63.12849162011174,91.62011173184358,70.39106145251397,0,f1,1,21.22905027932961,0.0
annealing__NumericFeature[f1;-2std],27,73.03370786516854,75.97765363128491,63.128491620111724,90.5027932960894,77.6536312849162,1,target,0,77.6536312849162,64.80446927374301
annealing__NumericFeature[f1;-1std],27,71.91011235955057,75.97765363128491,63.128491620111724,90.5027932960894,77.6536312849162,1,target,0,77.6536312849162,64.80446927374301
annealing__NumericFeature[f1;-0.5std],27,71.91011235955057,84.35754189944134,63.12849162011174,90.5027932960894,69.27374301675978,1,target,0,78.2122905027933,56.98324022346368
annealing__NumericFeature[f12;-2std],27,22.47191011235955,84.35754189944134,15.083798882681565,92.17877094972067,22.905027932960888,"8, 14, 21","f7, f12, target",2,93.85474860335195,24.581005586592177
annealing__NumericFeature[f12;-1std],27,22.47191011235955,84.35754189944134,15.083798882681565,92.17877094972067,22.905027932960888,"8, 14, 21","f7, f12, target",2,93.85474860335195,24.581005586592177
annealing__NumericFeature[f22;-2std],27,21.34831460674157,84.35754189944134,15.083798882681565,92.17877094972067,22.905027932960888,"19, 9, 16","f2, f27, f22",2,94.41340782122904,25.139664804469263
annealing__NumericFeature[f22;-1std],27,21.34831460674157,84.35754189944134,15.083798882681565,90.5027932960894,21.22905027932961,"19, 9, 16","f2, f27, f22",2,94.41340782122904,25.139664804469263
audiology-std__NumericFeature[f57;+1std],43,47.368421052631575,48.717948717948715,-5.128205128205127,74.35897435897436,20.512820512820518,0,f1,1,53.84615384615385,0.0
audiology-std__NumericFeature[f57;+2std],43,52.63157894736842,48.717948717948715,2.5641025641025603,79.48717948717949,33.33333333333333,0,f1,1,46.15384615384615,0.0
audiology-std__NumericFeature[f2;+2std],43,15.78947368421052,48.717948717948715,-20.51282051282051,61.53846153846154,-7.692307692307687,0,f1,1,69.23076923076923,0.0
audiology-std__NumericFeature[f1;-2std],43,15.78947368421052,48.717948717948715,7.6923076923076925,53.84615384615385,12.82051282051282,0,f1,0,82.05128205128204,41.02564102564102
audiology-std__NumericFeature[f1;-1std],43,15.78947368421052,48.717948717948715,-20.51282051282051,82.05128205128204,12.82051282051282,0,f1,0,82.05128205128204,12.82051282051282
audiology-std__NumericFeature[f1;+1std],43,47.368421052631575,48.717948717948715,5.128205128205127,71.7948717948718,28.205128205128204,0,f1,0,82.05128205128204,38.46153846153846
audiology-std__NumericFeature[f1;+2std],43,52.63157894736842,48.717948717948715,5.128205128205127,43.58974358974359,0.0,0,f1,0,82.05128205128204,38.46153846153846
audiology-std__NumericFeature[f15;+2std],43,47.368421052631575,48.717948717948715,25.64102564102564,15.384615384615385,-7.6923076923076925,0,f1,1,23.076923076923077,0.0
bank__NumericFeature[f12;+2std],7,52.212389380530965,88.93805309734513,35.73008849557523,91.48230088495575,38.27433628318584,0,f12,0,92.14601769911505,38.93805309734514
bodyfat__NumericFeature[Density;-2std],3,56.00000000000001,82.0,24.0,90.0,32.00000000000001,1,target,0,44.0,-13.999999999999996
bodyfat__NumericFeature[Density;-1std],3,40.0,82.0,5.999999999999995,80.0,4.0000000000000036,1,target,0,76.0,0.0
bodyfat__NumericFeature[Density;+1std],3,28.000000000000004,82.0,21.999999999999996,60.0,0.0,2,target,0,60.0,0.0
bodyfat__NumericFeature[Density;+2std],3,40.0,82.0,35.99999999999999,46.0,0.0,2,target,0,46.0,0.0
breast-cancer-wisc-diag__NumericFeature[f23;+1std],19,16.07142857142857,93.80530973451327,23.008849557522126,97.34513274336283,26.54867256637168,2,f28,1,69.02654867256636,-1.7699115044247815
breast-cancer-wisc-diag__NumericFeature[f23;+2std],19,19.64285714285714,93.80530973451327,25.663716814159297,97.34513274336283,29.20353982300885,"3, 4","f2, target",2,53.98230088495575,-14.15929203539823
breast-cancer-wisc-diag__NumericFeature[f28;-2std],19,17.85714285714286,92.03539823008849,16.814159292035402,95.57522123893806,20.353982300884965,0,f23,1,75.22123893805309,0.0
breast-cancer-wisc-diag__NumericFeature[f28;+2std],19,21.42857142857143,93.80530973451327,13.27433628318584,94.69026548672566,14.15929203539823,"1, 2","f28, f28",0,91.1504424778761,10.619469026548668
breast-cancer-wisc__NumericFeature[f2;+1std],5,56.52173913043479,88.48920863309353,55.395683453237424,92.08633093525181,58.99280575539569,0,f2,0,92.80575539568345,59.71223021582735
breast-cancer-wisc__NumericFeature[f2;+2std],5,56.52173913043479,88.48920863309353,55.395683453237424,92.08633093525181,58.99280575539569,0,f2,0,92.80575539568345,59.71223021582735
breast-cancer-wisc__NumericFeature[f6;+1std],5,56.52173913043479,88.48920863309353,55.395683453237424,92.08633093525181,58.99280575539569,"1, 6","f6, target",1,92.80575539568345,59.71223021582735
breast-cancer-wisc__NumericFeature[f6;+2std],5,56.52173913043479,88.48920863309353,55.395683453237424,93.5251798561151,60.431654676258994,"1, 6","f6, target",1,92.80575539568345,59.71223021582735
caradiotocography10clases__NumericFeature[f2;-2std],39,36.32075471698113,69.88235294117648,19.529411764705884,65.88235294117646,15.52941176470588,"6, 3, 13, 14, 16, 19, 37, 38","f18, f2, f19, target, target, f10, target, target",7,49.1764705882353,-1.1764705882352955
caradiotocography10clases__NumericFeature[f2;-1std],39,15.094339622641506,69.88235294117648,4.705882352941182,63.294117647058826,-1.8823529411764683,"6, 3, 13, 14, 16, 19, 38","f18, f2, f19, target, target, f10, target",6,60.23529411764705,-4.941176470588237
caradiotocography10clases__NumericFeature[f2;+0.5std],39,28.77358490566038,69.88235294117648,27.529411764705884,67.05882352941175,24.70588235294117,"17, 24, 25, 27","target, target, f7, target",3,56.00000000000001,13.647058823529418
caradiotocography10clases__NumericFeature[f2;+1std],39,28.77358490566038,69.88235294117648,27.529411764705884,44.0,1.6470588235294126,"3, 24","f2, target",1,42.35294117647059,0.0
caradiotocography10clases__NumericFeature[f2;+2std],39,28.77358490566038,69.88235294117648,27.529411764705884,56.00000000000001,13.647058823529418,"3, 24","f2, target",1,42.35294117647059,0.0
caradiotocography10clases__NumericFeature[f8;+2std],39,15.566037735849058,68.94117647058823,6.8235294117647065,72.23529411764706,10.11764705882353,"3, 8, 24, 14, 16, 20","f2, f9, target, target, target, f13",5,71.52941176470588,9.411764705882353
caradiotocography10clases__NumericFeature[f7;+2std],39,25.47169811320754,69.88235294117648,12.235294117647067,82.11764705882352,24.470588235294123,"3, 8, 24, 13, 14, 15, 16","f2, f9, target, f19, target, f9, target",7,61.411764705882355,3.764705882352948
caradiotocography10clases__NumericFeature[f5;-2std],39,19.339622641509436,70.58823529411765,8.000000000000007,72.94117647058823,10.352941176470587,"3, 13, 14, 36, 16, 19, 20","f2, f19, target, target, target, f10, f13",7,61.64705882352941,-0.9411764705882342
caradiotocography10clases__NumericFeature[f5;-1std],39,11.32075471698113,69.88235294117648,0.0,74.82352941176471,4.941176470588237,"3, 24, 13, 14, 36, 16, 19, 20","f2, target, f19, target, target, target, f10, f13",8,68.94117647058823,-0.9411764705882342
caradiotocography10clases__NumericFeature[f5;+1std],39,39.15094339622641,69.88235294117648,28.235294117647065,57.1764705882353,15.529411764705886,"2, 8","f5, f9",1,55.294117647058826,13.647058823529418
caradiotocography10clases__NumericFeature[f5;+2std],39,39.15094339622641,67.05882352941175,25.41176470588235,78.58823529411765,36.94117647058824,"2, 8","f5, f9",1,55.294117647058826,13.647058823529418
caradiotocography10clases__NumericFeature[f11;+2std],39,10.849056603773588,69.88235294117648,2.5882352941176467,80.94117647058823,13.647058823529413,"3, 8, 24, 14, 16, 29, 30, 38","f2, f9, target, target, target, target, target, target",7,78.58823529411765,11.29411764705882
cardiotocography3clases__NumericFeature[f8;+2std],41,16.0377358490566,86.58823529411764,13.17647058823529,90.3529411764706,16.94117647058824,"32, 24","f7, target",1,81.41176470588235,7.9999999999999964
cardiotocography3clases__NumericFeature[f19;+2std],41,15.094339622641506,84.70588235294117,10.82352941176471,92.47058823529412,18.58823529411765,"2, 17, 12, 35","f13, f10, f11, target",4,73.1764705882353,-0.7058823529411673
cardiotocography3clases__NumericFeature[f7;+2std],41,24.52830188679245,84.70588235294117,15.294117647058824,92.47058823529412,23.058823529411764,"2, 28, 12, 24, 10, 23, 22","f13, f18, f11, target, target, target, target",7,89.17647058823529,19.76470588235294
cardiotocography3clases__NumericFeature[f18;-2std],41,21.22641509433962,84.70588235294117,18.352941176470583,90.8235294117647,24.47058823529411,"16, 2, 14","f9, f13, target",3,59.05882352941176,-7.294117647058829
chatfield_4__NumericFeature[col_12;-2std],5,34.78260869565217,82.97872340425532,14.893617021276595,87.2340425531915,19.14893617021277,3,target,0,87.2340425531915,19.14893617021277
chatfield_4__NumericFeature[col_12;-1std],5,26.086956521739125,82.97872340425532,2.127659574468088,87.2340425531915,6.382978723404264,3,target,0,87.2340425531915,6.382978723404264
chatfield_4__NumericFeature[col_11;-2std],5,30.43478260869564,70.2127659574468,0.0,91.48936170212765,21.276595744680847,1,target,0,70.2127659574468,0.0
chatfield_4__NumericFeature[col_11;-1std],5,21.739130434782606,78.72340425531915,0.0,91.48936170212765,12.765957446808507,1,target,0,78.72340425531915,0.0
chscase_vine1__NumericFeature[col_1;-2std],9,60.00000000000001,40.0,30.000000000000004,60.0,50.0,"3, 4","target, target",0,90.0,80.0
chscase_vine1__NumericFeature[col_1;-1std],9,40.0,40.0,0.0,60.0,19.999999999999996,"3, 4","target, target",0,80.0,40.0
chscase_vine1__NumericFeature[col_1;-0.5std],9,20.000000000000007,40.0,-29.999999999999993,60.0,-9.999999999999998,"3, 4","target, target",0,60.0,-9.999999999999998
credit-approval__NumericFeature[f9;-2std],5,42.02898550724638,84.05797101449275,38.405797101449274,45.65217391304348,0.0,0,f9,0,84.05797101449275,38.405797101449274
credit-approval__NumericFeature[f9;+2std],5,34.78260869565217,84.05797101449275,29.71014492753623,54.347826086956516,0.0,0,f9,0,84.05797101449275,29.71014492753623
credit-approval__NumericFeature[f4;+1std],5,11.594202898550732,84.05797101449275,12.318840579710145,84.05797101449275,12.318840579710145,0,f9,1,71.73913043478261,0.0
credit-approval__NumericFeature[f4;+2std],5,11.594202898550732,84.05797101449275,12.318840579710145,84.05797101449275,12.318840579710145,0,f9,1,71.73913043478261,0.0
dermatology__NumericFeature[f15;+1std],17,72.22222222222221,87.67123287671232,54.794520547945204,64.38356164383562,31.506849315068497,0,f22,1,32.87671232876712,0.0
dermatology__NumericFeature[f15;+2std],17,72.22222222222221,65.75342465753424,32.87671232876712,64.38356164383562,31.506849315068497,0,f22,1,32.87671232876712,0.0
dermatology__NumericFeature[f5;+1std],17,25.0,87.67123287671232,10.95890410958904,95.8904109589041,19.17808219178082,3,f5,0,94.52054794520548,17.808219178082197
dermatology__NumericFeature[f5;+2std],17,25.0,87.67123287671232,10.95890410958904,89.04109589041096,12.328767123287676,3,f5,0,94.52054794520548,17.808219178082197
dermatology__NumericFeature[f12;-2std],17,11.111111111111105,87.67123287671232,5.47945205479452,94.52054794520548,12.328767123287676,3,f5,1,82.1917808219178,0.0
dermatology__NumericFeature[f12;+1std],17,41.666666666666664,87.67123287671232,38.35616438356164,95.8904109589041,46.57534246575342,13,target,0,46.57534246575342,-2.73972602739726
dermatology__NumericFeature[f12;+2std],17,41.666666666666664,87.67123287671232,38.35616438356164,97.26027397260275,47.945205479452056,13,target,0,46.57534246575342,-2.73972602739726
dermatology__NumericFeature[f22;-2std],17,22.22222222222222,87.67123287671232,16.43835616438356,97.26027397260275,26.027397260273975,3,f5,1,71.23287671232876,0.0
dermatology__NumericFeature[f22;+0.5std],17,47.22222222222222,87.67123287671232,38.35616438356164,97.26027397260275,47.945205479452056,15,target,1,49.31506849315068,0.0
dermatology__NumericFeature[f22;+1std],17,47.22222222222222,87.67123287671232,38.35616438356164,97.26027397260275,47.945205479452056,15,target,1,49.31506849315068,0.0
dermatology__NumericFeature[f22;+2std],17,47.22222222222222,87.67123287671232,38.35616438356164,97.26027397260275,47.945205479452056,15,target,1,49.31506849315068,0.0
dermatology__NumericFeature[f26;+1std],17,19.444444444444443,87.67123287671232,8.21917808219178,94.52054794520548,15.068493150684937,5,f26,0,94.52054794520548,15.068493150684937
dermatology__NumericFeature[f26;+2std],17,19.444444444444443,87.67123287671232,8.21917808219178,93.15068493150685,13.698630136986301,5,f26,0,94.52054794520548,15.068493150684937
diggle_table_a2__NumericFeature[col_6;-2std],3,38.70967741935484,91.93548387096774,35.48387096774193,80.64516129032258,24.193548387096765,1,target,0,56.451612903225815,0.0
diggle_table_a2__NumericFeature[col_6;-1std],3,32.25806451612904,96.7741935483871,35.483870967741936,79.03225806451613,17.741935483870964,1,target,0,61.29032258064516,0.0
diggle_table_a2__NumericFeature[col_6;+0.5std],3,19.354838709677423,96.7741935483871,9.677419354838712,87.09677419354838,0.0,2,target,0,87.09677419354838,0.0
diggle_table_a2__NumericFeature[col_6;+1std],3,35.483870967741936,95.16129032258065,27.419354838709687,93.54838709677419,25.806451612903224,2,target,0,67.74193548387096,0.0
diggle_table_a2__NumericFeature[col_6;+2std],3,58.06451612903225,88.70967741935483,40.32258064516129,88.70967741935483,40.32258064516129,2,target,0,48.38709677419355,0.0
echocardiogram__NumericFeature[f10;-2std],3,15.384615384615385,69.23076923076923,0.0,88.46153846153845,19.23076923076923,0,f10,0,88.46153846153845,19.23076923076923
echocardiogram__NumericFeature[f10;+2std],3,69.23076923076923,69.23076923076923,38.46153846153846,88.46153846153845,57.692307692307686,0,f10,0,88.46153846153845,57.692307692307686
ecoli__NumericFeature[f2;-2std],11,15.151515151515149,67.16417910447761,-2.985074626865669,77.61194029850746,7.462686567164178,"1, 9","f2, target",0,79.1044776119403,8.955223880597007
ecoli__NumericFeature[f2;+2std],11,36.36363636363637,67.16417910447761,20.895522388059707,83.5820895522388,37.31343283582089,"5, 9","f5, target",2,44.776119402985074,-1.4925373134328346
ecoli__NumericFeature[f1;+2std],11,48.484848484848484,67.16417910447761,29.85074626865672,70.1492537313433,32.83582089552239,"8, 4, 6","f1, target, target",1,85.07462686567165,47.76119402985074
ecoli__NumericFeature[f6;-2std],11,30.303030303030297,67.16417910447761,10.447761194029859,77.61194029850746,20.895522388059707,"5, 3, 4","f5, target, target",3,64.17910447761194,7.462686567164178
ecoli__NumericFeature[f6;-1std],11,24.242424242424242,67.16417910447761,7.462686567164189,77.61194029850746,17.910447761194035,"2, 5","f1, f5",2,59.70149253731343,0.0
ecoli__NumericFeature[f6;+1std],11,18.181818181818176,67.16417910447761,4.477611940298509,74.6268656716418,11.940298507462687,"5, 9","f5, target",2,62.68656716417911,0.0
ecoli__NumericFeature[f6;+2std],11,54.54545454545454,67.16417910447761,35.820895522388064,73.13432835820896,41.7910447761194,9,target,1,44.776119402985074,13.432835820895523
elusage__NumericFeature[average_temperature;-2std],7,40.0,45.45454545454545,0.0,90.9090909090909,45.45454545454545,3,target,0,54.54545454545454,9.090909090909088
elusage__NumericFeature[average_temperature;+1std],7,20.000000000000007,45.45454545454545,-18.181818181818183,63.63636363636363,0.0,"2, 5","target, target",0,63.63636363636363,0.0
elusage__NumericFeature[average_temperature;+2std],7,20.000000000000007,45.45454545454545,-9.090909090909088,45.45454545454545,-9.090909090909088,0,average_temperature,0,81.81818181818183,27.27272727272728
energy-y1__NumericFeature[f2;-2std],59,61.8421052631579,89.54248366013073,45.751633986928105,88.23529411764706,44.44444444444444,0,f2,0,84.31372549019608,40.52287581699346
energy-y1__NumericFeature[f2;-1std],59,39.473684210526315,89.54248366013073,32.67973856209151,88.23529411764706,31.372549019607842,0,f2,0,84.31372549019608,27.450980392156865
energy-y1__NumericFeature[f2;-0.5std],59,18.42105263157895,89.54248366013073,13.725490196078438,88.23529411764706,12.418300653594772,0,f2,0,84.31372549019608,8.496732026143794
energy-y1__NumericFeature[f2;+0.5std],59,14.473684210526317,89.54248366013073,13.07189542483661,90.84967320261438,14.379084967320265,0,f2,0,84.31372549019608,7.843137254901967
energy-y1__NumericFeature[f2;+1std],59,28.947368421052634,89.54248366013073,24.183006535947715,89.54248366013073,24.183006535947715,0,f2,0,84.31372549019608,18.954248366013072
energy-y1__NumericFeature[f2;+2std],59,35.526315789473685,89.54248366013073,39.869281045751634,90.19607843137256,40.52287581699346,0,f2,0,84.31372549019608,34.64052287581699
energy-y1__NumericFeature[f7;-2std],59,19.736842105263154,89.54248366013073,12.418300653594772,84.9673202614379,7.843137254901955,0,f2,1,69.28104575163398,-7.843137254901967
energy-y1__NumericFeature[f7;-1std],59,13.157894736842103,89.54248366013073,3.9215686274509887,96.73202614379085,11.111111111111116,0,f2,1,77.77777777777779,-7.843137254901955
energy-y1__NumericFeature[f7;+2std],59,17.105263157894733,89.54248366013073,9.80392156862745,88.88888888888889,9.15032679738561,0,f2,1,71.89542483660131,-7.843137254901967
energy-y2__NumericFeature[f2;-2std],57,60.526315789473685,86.9281045751634,47.05882352941176,88.88888888888889,49.019607843137244,0,f2,0,79.73856209150327,39.869281045751634
energy-y2__NumericFeature[f2;-1std],57,35.526315789473685,86.9281045751634,33.333333333333336,88.88888888888889,35.29411764705882,0,f2,0,79.73856209150327,26.14379084967321
energy-y2__NumericFeature[f2;-0.5std],57,17.105263157894733,86.9281045751634,15.032679738562093,77.77777777777779,5.882352941176472,0,f2,0,79.73856209150327,7.843137254901967
energy-y2__NumericFeature[f2;+0.5std],57,15.78947368421052,86.9281045751634,13.725490196078438,93.4640522875817,20.261437908496738,0,f2,0,80.3921568627451,7.189542483660139
energy-y2__NumericFeature[f2;+1std],57,22.368421052631582,86.9281045751634,30.718954248366014,94.11764705882352,37.908496732026144,0,f2,0,79.08496732026144,22.87581699346405
energy-y2__NumericFeature[f2;+2std],57,26.315789473684205,86.9281045751634,37.90849673202615,94.11764705882352,45.09803921568628,0,f2,0,79.08496732026144,30.065359477124183
energy-y2__NumericFeature[f7;-2std],57,17.105263157894733,86.9281045751634,22.87581699346406,95.42483660130719,31.372549019607852,"9, 12, 15","target, target, target",1,71.89542483660131,7.843137254901967
energy-y2__NumericFeature[f3;+1std],57,11.842105263157887,86.9281045751634,11.764705882352944,93.4640522875817,18.300653594771244,0,f2,1,67.3202614379085,-7.843137254901955
energy-y2__NumericFeature[f3;+2std],57,11.842105263157887,86.9281045751634,11.764705882352944,93.4640522875817,18.300653594771244,0,f2,1,67.3202614379085,-7.843137254901955
horse-colic__NumericFeature[f23;-2std],19,27.77777777777778,63.013698630136986,13.698630136986301,93.15068493150685,43.83561643835616,0,f1,1,49.31506849315068,0.0
horse-colic__NumericFeature[f23;-1std],19,27.77777777777778,63.013698630136986,12.328767123287665,93.15068493150685,42.46575342465753,0,f1,1,50.68493150684932,0.0
horse-colic__NumericFeature[f23;-0.5std],19,27.77777777777778,63.013698630136986,12.328767123287665,93.15068493150685,42.46575342465753,0,f1,1,50.68493150684932,0.0
horse-colic__NumericFeature[f1;-2std],19,11.111111111111116,63.013698630136986,-8.21917808219178,73.97260273972603,2.73972602739726,"5, 6","f14, f22",2,73.97260273972603,2.73972602739726
horse-colic__NumericFeature[f1;-1std],19,11.111111111111116,63.013698630136986,-8.21917808219178,73.97260273972603,2.73972602739726,"5, 6","f14, f22",2,73.97260273972603,2.73972602739726
horse-colic__NumericFeature[f1;+2std],19,30.555555555555557,63.013698630136986,8.21917808219178,57.534246575342465,2.73972602739726,0,f1,0,75.34246575342466,20.547945205479458
horse-colic__NumericFeature[f12;+2std],19,19.444444444444454,63.013698630136986,1.3698630136986245,87.67123287671232,26.027397260273965,"2, 6","f12, f22",1,83.56164383561644,21.91780821917808
ionosphere__NumericFeature[f26;+0.5std],5,14.28571428571428,85.71428571428571,7.14285714285714,87.14285714285714,8.571428571428575,2,f26,0,85.71428571428571,7.14285714285714
ionosphere__NumericFeature[f26;+1std],5,22.857142857142854,85.71428571428571,21.42857142857142,85.71428571428571,21.42857142857142,4,target,0,85.71428571428571,21.42857142857142
ionosphere__NumericFeature[f26;+2std],5,31.428571428571427,85.71428571428571,45.71428571428571,91.42857142857143,51.42857142857142,2,f26,0,85.71428571428571,45.71428571428571
ionosphere__NumericFeature[f4;-2std],5,37.142857142857146,84.28571428571429,38.57142857142858,84.28571428571429,38.57142857142858,0,f4,0,88.57142857142857,42.857142857142854
iris__NumericFeature[f4;+0.5std],13,20.000000000000007,80.0,6.666666666666677,96.66666666666667,23.33333333333334,"4, 7","f3, target",2,93.33333333333333,20.000000000000007
iris__NumericFeature[f4;+1std],13,26.66666666666667,76.66666666666667,13.333333333333341,96.66666666666667,33.333333333333336,"3, 4","f4, f3",1,93.33333333333333,30.000000000000004
iris__NumericFeature[f4;+2std],13,26.66666666666667,70.0,6.666666666666665,96.66666666666667,33.333333333333336,"3, 4","f4, f3",1,93.33333333333333,30.000000000000004
iris__NumericFeature[f3;-2std],13,60.00000000000001,80.0,40.0,96.66666666666667,56.666666666666664,1,target,0,26.666666666666668,-13.333333333333336
iris__NumericFeature[f3;-1std],13,20.000000000000007,80.0,-3.3333333333333326,96.66666666666667,13.33333333333333,0,f3,0,90.0,6.666666666666665
iris__NumericFeature[f3;+0.5std],13,33.333333333333336,80.0,10.000000000000009,93.33333333333333,23.33333333333334,"4, 5","f3, target",1,66.66666666666666,-3.3333333333333326
iris__NumericFeature[f3;+1std],13,60.00000000000001,80.0,50.0,90.0,60.00000000000001,"4, 5","f3, target",1,73.33333333333333,43.33333333333333
iris__NumericFeature[f3;+2std],13,60.00000000000001,80.0,50.0,90.0,60.00000000000001,0,f3,0,60.0,30.0
low-res-spect__NumericFeature[f29;-2std],59,41.509433962264154,64.15094339622641,21.698113207547166,87.73584905660378,45.28301886792453,0,f25,1,41.509433962264154,-0.9433962264150941
low-res-spect__NumericFeature[f29;-1std],59,28.301886792452834,72.64150943396226,5.660377358490565,87.73584905660378,20.75471698113208,0,f25,1,66.0377358490566,-0.9433962264150941
low-res-spect__NumericFeature[f79;+2std],59,41.509433962264154,78.30188679245283,33.9622641509434,75.47169811320755,31.132075471698116,0,f25,1,44.339622641509436,0.0
low-res-spect__NumericFeature[f25;+2std],59,16.981132075471706,78.30188679245283,16.03773584905661,87.73584905660378,25.47169811320755,0,f25,0,75.47169811320755,13.20754716981133
low-res-spect__NumericFeature[f50;-2std],59,37.735849056603776,78.30188679245283,22.64150943396227,87.73584905660378,32.07547169811321,0,f25,1,56.60377358490566,0.9433962264150941
low-res-spect__NumericFeature[f75;-2std],59,41.509433962264154,78.30188679245283,35.84905660377359,87.73584905660378,45.28301886792453,0,f25,1,42.45283018867924,0.0
low-res-spect__NumericFeature[f75;-1std],59,18.867924528301895,78.30188679245283,6.60377358490567,87.73584905660378,16.03773584905661,0,f25,1,72.64150943396226,0.9433962264150941
lowbwt__NumericFeature[LOW;-2std],7,33.33333333333333,81.08108108108108,21.62162162162162,54.054054054054056,-5.405405405405405,"5, 3","target, target",2,62.16216216216216,2.7027027027026973
lowbwt__NumericFeature[LOW;+2std],7,27.777777777777768,81.08108108108108,32.432432432432435,48.64864864864865,0.0,0,LOW,0,83.78378378378379,35.13513513513513
mammographic__NumericFeature[f5;+1std],17,23.958333333333336,82.8125,25.520833333333336,82.29166666666666,25.0,"4, 5, 9, 12, 14, 16","f2, target, target, target, target, target",5,84.89583333333334,27.604166666666675
mammographic__NumericFeature[f5;+2std],17,25.0,82.8125,26.041666666666664,84.375,27.604166666666664,"4, 5, 6, 9, 14, 16","f2, target, f5, target, target, target",5,83.33333333333334,26.5625
mammographic__NumericFeature[f4;-2std],17,20.833333333333336,82.8125,14.583333333333337,82.29166666666666,14.0625,"2, 9, 13, 14","f4, target, f2, target",3,81.25,13.020833333333337
"meta__CategoricalFeature[Alg_Name_Cascade=True;p=0,3]",19,13.461538461538458,83.80952380952381,8.571428571428575,90.47619047619048,15.238095238095239,"4, 13","target, target",2,62.857142857142854,-12.380952380952381
"meta__CategoricalFeature[Alg_Name_Cascade=True;p=0,5]",19,15.384615384615385,83.80952380952381,16.19047619047619,88.57142857142857,20.952380952380945,13,target,1,57.14285714285714,-10.476190476190483
"meta__CategoricalFeature[Alg_Name_Cascade=True;p=0,7]",19,21.153846153846157,83.80952380952381,21.904761904761905,88.57142857142857,26.66666666666666,13,target,1,48.57142857142857,-13.333333333333336
"meta__CategoricalFeature[Alg_Name_Cascade=True;p=0,9]",19,25.0,83.80952380952381,27.61904761904762,88.57142857142857,32.38095238095238,13,target,1,40.0,-16.19047619047619
mfeat-morphological__NumericFeature[att6;-2std],17,21.999999999999996,98.25,18.000000000000004,100.0,19.75,"3, 6","target, att6",1,34.25,-46.0
molec-biol-splice__NumericFeature[f29;+0.5std],57,23.197492163009404,85.8934169278997,14.106583072100321,92.78996865203762,21.003134796238243,"3, 4, 14, 30, 20, 16, 40","f30, target, target, target, target, f29, f30",2,72.72727272727273,0.9404388714733591
molec-biol-splice__NumericFeature[f29;+1std],57,23.197492163009404,85.8934169278997,14.106583072100321,86.99059561128527,15.2037617554859,"3, 4, 14, 30, 20, 16, 40","f30, target, target, target, target, f29, f30",2,72.72727272727273,0.9404388714733591
molec-biol-splice__NumericFeature[f29;+2std],57,23.197492163009404,85.8934169278997,14.106583072100321,87.14733542319749,15.36050156739812,"1, 14, 30, 20, 16, 40","f29, target, target, target, f29, f30",1,86.83385579937304,15.047021943573668
molec-biol-splice__NumericFeature[f28;+0.5std],57,13.793103448275868,85.8934169278997,7.523510971786839,92.00626959247649,13.636363636363635,"4, 9, 29, 37, 19, 20, 16, 40, 27, 28","target, target, f28, target, f33, target, f29, f30, target, target",7,89.96865203761756,11.598746081504707
molec-biol-splice__NumericFeature[f28;+1std],57,13.793103448275868,85.8934169278997,7.523510971786839,92.00626959247649,13.636363636363635,"4, 9, 29, 37, 19, 20, 16, 40, 27, 28","target, target, f28, target, f33, target, f29, f30, target, target",7,89.96865203761756,11.598746081504707
molec-biol-splice__NumericFeature[f30;-2std],57,25.705329153605017,85.8934169278997,17.24137931034483,86.83385579937304,18.181818181818176,"3, 4, 13, 11, 16, 53, 40","f30, target, f30, f29, f29, target, f30",4,91.37931034482759,22.72727272727273
molec-biol-splice__NumericFeature[f30;-1std],57,27.27272727272727,85.8934169278997,17.868338557993734,92.6332288401254,24.608150470219435,"3, 4, 13, 19, 20, 16, 53, 40","f30, target, f30, f33, target, f29, target, f30",5,90.59561128526646,22.5705329153605
molec-biol-splice__NumericFeature[f30;+1std],57,21.630094043887148,85.8934169278997,13.793103448275868,92.31974921630093,20.219435736677116,"1, 37, 38, 20, 16, 53, 33, 34, 40","f29, target, target, target, f29, target, target, f34, f30",6,76.64576802507837,4.545454545454541
molec-biol-splice__NumericFeature[f30;+2std],57,21.630094043887148,85.8934169278997,14.106583072100321,89.96865203761756,18.181818181818187,"1, 13, 19, 20, 16, 53, 40","f29, f30, f33, target, f29, target, f30",5,71.63009404388715,-0.15673981191222097
molec-biol-splice__NumericFeature[f32;-2std],57,15.36050156739812,85.8934169278997,10.815047021943581,73.04075235109718,-2.037617554858928,0,f32,0,92.16300940438872,17.084639498432608
molec-biol-splice__NumericFeature[f32;-1std],57,15.36050156739812,85.8934169278997,10.815047021943581,86.67711598746082,11.598746081504707,0,f32,0,92.16300940438872,17.084639498432608
molec-biol-splice__NumericFeature[f32;-0.5std],57,15.36050156739812,85.8934169278997,10.815047021943581,92.78996865203762,17.711598746081503,0,f32,0,92.16300940438872,17.084639498432608
molec-biol-splice__NumericFeature[f31;-2std],57,16.300940438871482,85.8934169278997,11.128526645768034,83.69905956112854,8.934169278996873,0,f32,1,74.76489028213166,0.0
molec-biol-splice__NumericFeature[f31;-1std],57,18.181818181818187,85.8934169278997,12.852664576802509,88.40125391849529,15.36050156739811,0,f32,1,73.04075235109718,0.0
molec-biol-splice__NumericFeature[f31;+1std],57,18.49529780564263,85.8934169278997,15.2037617554859,83.69905956112854,13.00940438871474,0,f32,1,70.6896551724138,0.0
molec-biol-splice__NumericFeature[f31;+2std],57,19.749216300940443,85.8934169278997,17.084639498432608,88.87147335423198,20.062695924764895,"4, 9, 8, 51, 25, 41, 42, 50, 43, 44","target, target, f29, target, target, target, target, target, target, f18",10,69.43573667711598,0.6269592476489061
molec-biol-splice__NumericFeature[f35;+0.5std],57,10.344827586206895,85.8934169278997,7.053291536050166,90.9090909090909,12.06896551724138,"4, 9, 11, 37, 15, 53, 51, 25, 32, 43, 46","target, target, f29, target, f34, target, target, target, target, target, target",11,92.00626959247649,13.166144200626961
molec-biol-splice__NumericFeature[f35;+1std],57,10.344827586206895,85.8934169278997,7.053291536050166,89.18495297805643,10.344827586206906,"4, 9, 11, 37, 15, 53, 51, 25, 32, 43, 46","target, target, f29, target, f34, target, target, target, target, target, target",11,92.00626959247649,13.166144200626961
molec-biol-splice__NumericFeature[f35;+2std],57,10.971786833855802,85.8934169278997,7.836990595611293,87.61755485893417,9.561128526645767,"4, 9, 37, 53, 51, 25, 32, 50, 43, 44, 57, 58","target, target, target, target, target, target, target, target, target, f18, target, target",12,90.43887147335423,12.382445141065833
monks-1__NumericFeature[f2;-2std],51,32.72727272727273,67.56756756756756,0.9009009009009028,76.57657657657657,9.909909909909908,"3, 4","f2, f2",0,87.38738738738738,20.72072072072072
monks-1__NumericFeature[f2;-1std],51,27.27272727272727,67.56756756756756,-0.9009009009009028,70.27027027027027,1.8018018018018056,0,f5,1,68.46846846846847,0.0
monks-1__NumericFeature[f2;+1std],51,30.909090909090907,67.56756756756756,-2.7027027027027084,73.87387387387388,3.6036036036036,0,f5,1,70.27027027027027,0.0
monks-1__NumericFeature[f2;+2std],51,34.54545454545455,67.56756756756756,-4.504504504504503,75.67567567567568,3.603603603603611,0,f5,1,72.07207207207207,0.0
monks-1__NumericFeature[f1;-2std],51,23.636363636363633,67.56756756756756,-1.8018018018018056,67.56756756756756,-1.8018018018018056,"12, 23, 24","f1, f1, f1",0,91.8918918918919,22.522522522522525
monks-1__NumericFeature[f1;-1std],51,30.909090909090907,67.56756756756756,-2.7027027027027084,68.46846846846847,-1.8018018018018056,0,f5,1,70.27027027027027,0.0
monks-1__NumericFeature[f1;-0.5std],51,34.54545454545455,67.56756756756756,-13.51351351351352,78.37837837837837,-2.7027027027027084,0,f5,1,81.08108108108108,0.0
monks-1__NumericFeature[f1;+0.5std],51,36.36363636363637,67.56756756756756,-5.405405405405405,78.37837837837837,5.405405405405405,0,f5,1,72.97297297297297,0.0
monks-1__NumericFeature[f1;+1std],51,40.0,67.56756756756756,14.414414414414411,77.47747747747748,24.32432432432432,0,f5,1,53.153153153153156,0.0
monks-1__NumericFeature[f1;+2std],51,36.36363636363637,67.56756756756756,12.612612612612606,63.06306306306306,8.108108108108103,0,f5,1,54.95495495495496,0.0
monks-1__NumericFeature[f5;-2std],51,30.909090909090907,67.56756756756756,19.819819819819816,73.87387387387388,26.126126126126124,0,f5,0,93.69369369369369,45.945945945945944
monks-1__NumericFeature[f5;-1std],51,25.454545454545453,67.56756756756756,-13.51351351351352,73.87387387387388,-7.207207207207212,0,f5,0,95.4954954954955,14.414414414414411
monks-1__NumericFeature[f5;-0.5std],51,23.636363636363633,67.56756756756756,-16.216216216216218,74.77477477477478,-9.009009009009006,0,f5,0,98.1981981981982,14.414414414414411
monks-1__NumericFeature[f5;+0.5std],51,16.36363636363636,67.56756756756756,-12.612612612612617,75.67567567567568,-4.504504504504503,0,f5,0,90.990990990991,10.81081081081081
monks-1__NumericFeature[f5;+1std],51,12.72727272727272,67.56756756756756,-18.918918918918926,85.58558558558559,-0.9009009009009028,0,f5,0,97.2972972972973,10.81081081081081
monks-1__NumericFeature[f5;+2std],51,16.36363636363636,67.56756756756756,-19.819819819819816,76.57657657657657,-10.81081081081081,0,f5,0,98.1981981981982,10.81081081081081
monks-3__NumericFeature[f2;-2std],27,29.09090909090909,90.9090909090909,11.818181818181817,76.36363636363637,-2.7272727272727226,0,f5,1,79.0909090909091,0.0
monks-3__NumericFeature[f2;-1std],27,29.09090909090909,90.9090909090909,9.999999999999998,84.54545454545455,3.6363636363636376,0,f5,1,80.9090909090909,0.0
monks-3__NumericFeature[f2;-0.5std],27,29.09090909090909,91.81818181818183,10.909090909090914,98.18181818181819,17.272727272727273,0,f5,1,80.9090909090909,0.0
monks-3__NumericFeature[f2;+1std],27,27.27272727272727,74.54545454545455,-1.8181818181818188,78.18181818181819,1.8181818181818188,0,f5,1,76.36363636363637,0.0
monks-3__NumericFeature[f2;+2std],27,41.81818181818182,74.54545454545455,20.000000000000007,53.63636363636364,-0.9090909090909038,0,f5,1,54.54545454545454,0.0
monks-3__NumericFeature[f5;-2std],27,18.181818181818176,93.63636363636364,17.272727272727273,87.27272727272727,10.909090909090901,"2, 4","target, target",1,76.36363636363637,0.0
monks-3__NumericFeature[f5;-1std],27,16.36363636363636,91.81818181818183,16.36363636363637,73.63636363636363,-1.8181818181818188,0,f5,0,92.72727272727272,17.272727272727273
monks-3__NumericFeature[f5;-0.5std],27,19.999999999999996,91.81818181818183,18.181818181818187,94.54545454545455,20.90909090909091,0,f5,0,90.9090909090909,17.272727272727273
monks-3__NumericFeature[f5;+1std],27,36.36363636363637,91.81818181818183,12.727272727272732,90.9090909090909,11.818181818181817,"15, 16, 5","target, f5, f4",1,78.18181818181819,-0.9090909090909038
monks-3__NumericFeature[f5;+2std],27,43.63636363636364,91.81818181818183,30.000000000000004,90.0,28.181818181818187,"16, 5","f5, f4",1,63.63636363636363,1.8181818181818188
oocytes_merluccius_states_2f__NumericFeature[f19;+0.5std],21,12.745098039215685,81.37254901960785,11.274509803921573,85.29411764705883,15.19607843137255,"16, 2, 12, 13","f7, f19, target, f10",1,68.13725490196079,-1.9607843137254832
oocytes_merluccius_states_2f__NumericFeature[f19;+1std],21,12.745098039215685,81.37254901960785,11.274509803921573,85.29411764705883,15.19607843137255,"16, 2, 12, 13","f7, f19, target, f10",1,68.13725490196079,-1.9607843137254832
oocytes_merluccius_states_2f__NumericFeature[f19;+2std],21,12.745098039215685,81.37254901960785,11.274509803921573,85.29411764705883,15.19607843137255,"16, 2, 12, 13","f7, f19, target, f10",1,68.13725490196079,-1.9607843137254832
oocytes_merluccius_states_2f__NumericFeature[f7;+1std],21,13.725490196078438,81.37254901960785,8.333333333333337,88.23529411764706,15.19607843137255,"1, 19","f11, target",2,86.27450980392157,13.235294117647067
oocytes_merluccius_states_2f__NumericFeature[f7;+2std],21,29.41176470588236,81.37254901960785,22.058823529411764,88.23529411764706,28.921568627450977,"12, 13, 19, 4, 10, 9","target, f10, target, target, target, target",6,84.80392156862744,25.49019607843137
oocytes_trisopterus_states_5b__NumericFeature[f9;-2std],17,42.85714285714286,77.47252747252747,29.67032967032967,85.16483516483517,37.36263736263736,"2, 3, 8","target, f9, target",2,82.96703296703298,35.16483516483517
oocytes_trisopterus_states_5b__NumericFeature[f9;-1std],17,38.46153846153847,76.92307692307693,24.17582417582418,85.16483516483517,32.417582417582416,"2, 3, 6, 8","target, f9, f27, target",3,83.51648351648352,30.76923076923077
oocytes_trisopterus_states_5b__NumericFeature[f9;-0.5std],17,15.384615384615385,76.92307692307693,-1.6483516483516425,86.26373626373626,7.692307692307699,"2, 9, 6, 8, 15, 16","target, target, f27, target, target, target",5,81.86813186813187,3.296703296703296
oocytes_trisopterus_states_5b__NumericFeature[f30;+1std],17,24.17582417582418,76.92307692307693,12.637362637362637,89.56043956043956,25.274725274725274,0,f30,0,84.06593406593407,19.780219780219777
oocytes_trisopterus_states_5b__NumericFeature[f30;+2std],17,47.252747252747255,76.92307692307693,34.06593406593407,89.56043956043956,46.70329670329671,0,f30,0,83.51648351648352,40.659340659340664
oocytes_trisopterus_states_5b__NumericFeature[f14;-2std],17,24.17582417582418,76.37362637362637,7.692307692307687,88.46153846153845,19.780219780219777,"1, 2","f14, target",0,90.10989010989012,21.42857142857143
oocytes_trisopterus_states_5b__NumericFeature[f14;-1std],17,20.879120879120883,76.92307692307693,4.94505494505495,89.01098901098901,17.03296703296703,"1, 2","f14, target",0,90.10989010989012,18.131868131868135
oocytes_trisopterus_states_5b__NumericFeature[f14;-0.5std],17,17.582417582417587,76.92307692307693,1.6483516483516536,89.56043956043956,14.28571428571429,"2, 3, 6, 8","target, f9, f27, target",4,74.72527472527473,-0.5494505494505475
oocytes_trisopterus_states_5b__NumericFeature[f27;+0.5std],17,20.879120879120883,76.92307692307693,13.186813186813195,89.56043956043956,25.824175824175832,"2, 10, 6, 8","target, f28, f27, target",3,89.56043956043956,25.824175824175832
oocytes_trisopterus_states_5b__NumericFeature[f27;+1std],17,37.362637362637365,76.92307692307693,26.923076923076927,89.56043956043956,39.56043956043956,"2, 10, 8, 12","target, f28, target, target",3,87.91208791208791,37.91208791208791
oocytes_trisopterus_states_5b__NumericFeature[f27;+2std],17,40.65934065934066,76.92307692307693,26.37362637362638,89.56043956043956,39.010989010989015,"2, 10, 6, 8","target, f28, f27, target",3,83.51648351648352,32.96703296703297
parkinsons__NumericFeature[f22;-2std],3,21.052631578947366,84.61538461538461,41.02564102564102,87.17948717948718,43.58974358974359,0,f22,0,87.17948717948718,43.58974358974359
parkinsons__NumericFeature[f22;+1std],3,31.578947368421055,87.17948717948718,10.256410256410254,87.17948717948718,10.256410256410254,2,target,0,76.92307692307693,0.0
parkinsons__NumericFeature[f22;+2std],3,31.578947368421055,87.17948717948718,10.256410256410254,87.17948717948718,10.256410256410254,2,target,0,76.92307692307693,0.0
pittsburg-bridges-MATERIAL__NumericFeature[f4;-2std],5,70.0,76.19047619047619,19.047619047619047,76.19047619047619,19.047619047619047,"1, 3","target, target",1,90.47619047619048,33.333333333333336
pittsburg-bridges-MATERIAL__NumericFeature[f4;-1std],5,40.0,76.19047619047619,19.047619047619047,71.42857142857143,14.28571428571429,"1, 3","target, target",1,90.47619047619048,33.333333333333336
pittsburg-bridges-MATERIAL__NumericFeature[f3;-2std],5,60.0,76.19047619047619,42.857142857142854,47.61904761904761,14.285714285714285,1,target,0,80.95238095238095,47.61904761904762
prnn_synth__NumericFeature[xs;-2std],13,24.0,82.0,19.999999999999996,84.0,21.999999999999996,"2, 9","xs, target",0,86.0,24.0
prnn_synth__NumericFeature[xs;-1std],13,20.000000000000007,80.0,14.000000000000002,84.0,17.999999999999993,2,xs,0,86.0,19.999999999999996
prnn_synth__NumericFeature[ys;-2std],13,32.00000000000001,84.0,34.0,66.0,16.000000000000004,0,ys,0,76.0,26.0
rabe_131__NumericFeature[col_1;-2std],3,80.0,60.0,19.999999999999996,40.0,0.0,1,target,0,60.0,19.999999999999996
rabe_131__NumericFeature[col_1;-1std],3,19.999999999999996,60.0,-9.999999999999998,70.0,0.0,1,target,0,60.0,-9.999999999999998
rabe_131__NumericFeature[col_1;-0.5std],3,19.999999999999996,60.0,-9.999999999999998,70.0,0.0,1,target,0,60.0,-9.999999999999998
rabe_131__NumericFeature[col_1;+1std],3,19.999999999999996,60.0,-20.000000000000007,80.0,0.0,0,col_1,0,70.0,-10.000000000000009
rabe_131__NumericFeature[col_1;+2std],3,19.999999999999996,60.0,0.0,50.0,-9.999999999999998,0,col_1,0,70.0,9.999999999999998
schlvote__NumericFeature[budget;-2std],3,33.33333333333333,85.71428571428571,57.14285714285714,14.285714285714285,-14.285714285714285,"1, 2","target, target",0,85.71428571428571,57.14285714285714
seeds__NumericFeature[f5;-2std],15,19.047619047619047,80.95238095238095,40.476190476190474,88.09523809523809,47.61904761904761,1,target,0,40.476190476190474,0.0
seeds__NumericFeature[f5;+1std],15,33.33333333333333,80.95238095238095,30.952380952380953,90.47619047619048,40.476190476190474,5,f5,0,52.38095238095239,2.3809523809523836
seeds__NumericFeature[f5;+2std],15,52.38095238095237,80.95238095238095,42.85714285714286,85.71428571428571,47.61904761904761,"7, 8","target, f7",1,69.04761904761905,30.952380952380953
seeds__NumericFeature[f7;-1std],15,19.047619047619047,80.95238095238095,19.047619047619047,78.57142857142857,16.666666666666664,0,f5,1,59.523809523809526,-2.3809523809523836
seeds__NumericFeature[f7;+2std],15,19.047619047619047,78.57142857142857,14.28571428571428,83.33333333333334,19.047619047619047,0,f5,1,59.523809523809526,-4.761904761904767
soybean__NumericFeature[f35;+1std],59,27.941176470588236,52.20588235294118,-10.29411764705882,87.5,25.0,0,f13,1,62.5,0.0
soybean__NumericFeature[f35;+2std],59,27.941176470588236,52.20588235294118,5.147058823529416,87.5,40.44117647058824,0,f13,1,47.05882352941176,0.0
soybean__NumericFeature[f22;-2std],59,10.29411764705882,52.20588235294118,-7.352941176470584,75.73529411764706,16.176470588235293,0,f13,1,59.55882352941176,0.0
soybean__NumericFeature[f26;+1std],59,14.70588235294118,52.20588235294118,-14.705882352941169,83.82352941176471,16.91176470588236,"3, 8, 13","f8, f27, f14",3,61.76470588235294,-5.147058823529404
soybean__NumericFeature[f26;+2std],59,27.941176470588236,52.20588235294118,0.7352941176470673,87.5,36.029411764705884,"3, 8, 13","f8, f27, f14",3,46.32352941176471,-5.147058823529404
soybean__NumericFeature[f28;+1std],59,23.52941176470588,52.20588235294118,-13.970588235294112,84.55882352941177,18.38235294117647,0,f13,1,66.17647058823529,0.0
soybean__NumericFeature[f28;+2std],59,23.52941176470588,52.20588235294118,-7.352941176470584,83.08823529411765,23.529411764705888,0,f13,1,59.55882352941176,0.0
soybean__NumericFeature[f13;-2std],59,29.411764705882355,52.20588235294118,5.882352941176472,85.29411764705883,38.970588235294116,"6, 15, 18","f22, f28, target",3,45.588235294117645,-0.7352941176470618
soybean__NumericFeature[f13;-1std],59,11.764705882352944,52.20588235294118,-11.764705882352933,90.44117647058823,26.470588235294123,"3, 16, 51, 20, 29","f8, f12, target, f22, f11",5,57.35294117647059,-6.617647058823528
soybean__NumericFeature[f13;-0.5std],59,11.764705882352944,52.20588235294118,-11.764705882352933,85.29411764705883,21.323529411764707,"3, 16, 51, 20, 29","f8, f12, target, f22, f11",5,57.35294117647059,-6.617647058823528
soybean__NumericFeature[f13;+0.5std],59,22.058823529411764,52.20588235294118,-3.676470588235292,85.29411764705883,29.411764705882348,0,f13,0,77.20588235294117,21.323529411764707
soybean__NumericFeature[f13;+1std],59,22.058823529411764,52.20588235294118,-3.676470588235292,90.44117647058823,34.55882352941176,0,f13,0,77.20588235294117,21.323529411764707
soybean__NumericFeature[f13;+2std],59,39.705882352941174,52.20588235294118,16.176470588235297,90.44117647058823,54.41176470588236,0,f13,0,77.20588235294117,41.1764705882353
soybean__NumericFeature[f24;+1std],59,10.29411764705882,52.20588235294118,-13.235294117647056,85.29411764705883,19.852941176470583,"2, 16, 51, 20","f24, f12, target, f22",0,72.05882352941177,6.617647058823528
soybean__NumericFeature[f24;+2std],59,13.235294117647056,52.20588235294118,-3.676470588235292,81.61764705882352,25.735294117647058,"2, 51, 20, 18","f24, target, f22, target",0,75.73529411764706,19.852941176470583
soybean__NumericFeature[f14;+1std],59,14.70588235294118,52.20588235294118,-11.764705882352933,86.02941176470588,22.058823529411775,0,f13,1,63.970588235294116,0.0
soybean__NumericFeature[f14;+2std],59,20.588235294117652,52.20588235294118,-8.088235294117641,86.02941176470588,25.73529411764707,0,f13,1,60.29411764705882,0.0
soybean__NumericFeature[f18;+2std],59,19.11764705882353,52.20588235294118,-5.147058823529404,87.5,30.147058823529417,"51, 24, 20, 18, 35, 37","target, target, f22, target, f1, target",5,66.17647058823529,8.823529411764708
spect__NumericFeature[f22;+1std],3,34.61538461538462,69.81132075471697,20.75471698113207,77.35849056603774,28.301886792452834,0,f22,0,77.35849056603774,28.301886792452834
spect__NumericFeature[f22;+2std],3,38.46153846153847,69.81132075471697,45.283018867924525,69.81132075471697,45.283018867924525,0,f22,0,77.35849056603774,52.830188679245296
squash-unstored__NumericFeature[flavour;+1std],5,19.999999999999996,80.0,10.000000000000009,70.0,0.0,4,target,0,80.0,10.000000000000009
squash-unstored__NumericFeature[flavour;+2std],5,60.0,80.0,20.000000000000007,70.0,9.999999999999998,4,target,0,80.0,20.000000000000007
squash-unstored__NumericFeature[sweetness;-2std],5,60.0,80.0,30.000000000000004,50.0,0.0,0,sweetness,0,60.0,9.999999999999998
squash-unstored__NumericFeature[sweetness;-1std],5,40.0,80.0,20.000000000000007,60.0,0.0,1,target,0,60.0,0.0
squash-unstored__NumericFeature[sweetness;+2std],5,40.0,80.0,30.000000000000004,40.0,-9.999999999999998,"3, 4","target, target",2,40.0,-9.999999999999998
statlog-image__NumericFeature[f2;-2std],57,13.85281385281385,88.96103896103897,12.987012987012992,88.74458874458875,12.770562770562776,4,f10,1,74.24242424242425,-1.7316017316017285
statlog-image__NumericFeature[f2;-1std],57,13.85281385281385,88.96103896103897,12.987012987012992,80.08658008658008,4.112554112554112,4,f10,1,74.24242424242425,-1.7316017316017285
statlog-image__NumericFeature[f2;+0.5std],57,13.85281385281385,89.17748917748918,7.359307359307355,94.37229437229438,12.554112554112551,"52, 37, 39, 20","f9, target, target, target",4,80.73593073593074,-1.0822510822510845
statlog-image__NumericFeature[f2;+1std],57,30.303030303030308,88.31168831168831,24.458874458874458,90.25974025974025,26.406926406926413,"53, 54, 39, 45, 11","target, target, target, f2, f9",4,71.21212121212122,7.3593073593073655
statlog-image__NumericFeature[f2;+2std],57,48.484848484848484,87.87878787878788,41.55844155844156,88.96103896103897,42.64069264069264,"52, 39","f9, target",2,43.93939393939394,-2.3809523809523836
statlog-image__NumericFeature[f9;-2std],57,16.45021645021645,89.17748917748918,13.41991341991342,95.02164502164501,19.26406926406926,"52, 42, 37, 39, 32, 12","f9, f9, target, target, f5, f1",4,91.34199134199135,15.58441558441559
statlog-image__NumericFeature[f9;-1std],57,16.45021645021645,89.82683982683982,11.904761904761896,95.02164502164501,17.099567099567093,"52, 42, 37, 39, 32, 12","f9, f9, target, target, f5, f1",4,91.34199134199135,13.41991341991342
statlog-image__NumericFeature[f9;+1std],57,12.121212121212121,89.39393939393939,9.956709956709952,95.02164502164501,15.584415584415579,"52, 37, 48, 39, 34, 16, 25","f9, target, target, target, target, f2, f7",5,91.34199134199135,11.904761904761907
statlog-image__NumericFeature[f9;+2std],57,12.121212121212121,87.87878787878788,8.441558441558438,95.02164502164501,15.584415584415579,"52, 37, 48, 39, 34, 16, 25","f9, target, target, target, target, f2, f7",5,91.77489177489177,12.337662337662337
statlog-image__NumericFeature[f15;+2std],57,12.987012987012992,89.39393939393939,10.389610389610393,95.02164502164501,16.01731601731602,"41, 53, 37, 39, 28, 34, 16, 25","f15, target, target, target, f15, target, f2, f7",6,91.34199134199135,12.337662337662348
statlog-image__NumericFeature[f10;+1std],57,13.41991341991342,89.39393939393939,8.441558441558438,95.23809523809523,14.28571428571428,"53, 36","target, f18",2,79.65367965367966,-1.2987012987012991
statlog-image__NumericFeature[f10;+2std],57,13.41991341991342,89.39393939393939,8.441558441558438,95.23809523809523,14.28571428571428,"53, 36","target, f18",2,79.65367965367966,-1.2987012987012991
statlog-image__NumericFeature[f11;-2std],57,16.883116883116887,89.39393939393939,8.658008658008654,95.02164502164501,14.28571428571428,"53, 37, 38, 32, 16, 25","target, target, f18, f5, f2, f7",6,90.47619047619048,9.740259740259738
statlog-image__NumericFeature[f11;+1std],57,16.883116883116887,89.39393939393939,10.606060606060607,95.02164502164501,16.233766233766232,"56, 53, 37, 32, 16, 25","target, target, target, f5, f2, f7",5,77.48917748917748,-1.2987012987012991
statlog-image__NumericFeature[f11;+2std],57,57.14285714285714,89.39393939393939,40.90909090909091,95.02164502164501,46.53679653679653,"56, 31, 25","target, f18, f7",2,48.484848484848484,0.0
statlog-image__NumericFeature[f18;-2std],57,54.54545454545454,86.58008658008657,44.58874458874459,87.01298701298701,45.02164502164502,0,f11,1,41.99134199134199,0.0
statlog-image__NumericFeature[f18;-1std],57,40.692640692640694,89.39393939393939,37.229437229437224,89.17748917748918,37.01298701298701,"53, 36, 6","target, f18, f10",2,56.709956709956714,4.545454545454541
statlog-image__NumericFeature[f18;-0.5std],57,32.467532467532465,90.04329004329004,29.00432900432901,84.4155844155844,23.376623376623375,"53, 6, 37, 11","target, f10, target, f9",3,73.37662337662337,12.337662337662337
statlog-image__NumericFeature[f18;+0.5std],57,17.748917748917748,88.52813852813853,11.255411255411262,89.39393939393939,12.121212121212121,"55, 41, 53","target, f15, target",2,77.92207792207793,0.6493506493506551
statlog-image__NumericFeature[f18;+1std],57,20.346320346320347,87.44588744588745,11.038961038961038,89.17748917748918,12.770562770562766,"55, 41, 53","target, f15, target",2,77.27272727272727,0.8658008658008587
statlog-image__NumericFeature[f18;+2std],57,64.5021645021645,85.28138528138528,56.27705627705628,84.4155844155844,55.4112554112554,"55, 52","target, f9",1,29.87012987012987,0.8658008658008642
synthetic-control__NumericFeature[f44;+2std],39,13.33333333333333,66.66666666666666,-9.166666666666668,90.83333333333333,15.000000000000002,12,f19,1,75.0,-0.8333333333333304
synthetic-control__NumericFeature[f4;-2std],39,11.666666666666659,66.66666666666666,-4.166666666666674,81.66666666666667,10.833333333333329,0,f4,0,86.66666666666667,15.833333333333332
synthetic-control__NumericFeature[f4;+1std],39,19.999999999999996,66.66666666666666,2.499999999999991,86.66666666666667,22.499999999999996,"31, 25, 34, 36","target, target, target, target",4,64.16666666666667,0.0
synthetic-control__NumericFeature[f4;+2std],39,64.99999999999999,66.66666666666666,35.83333333333333,89.16666666666667,58.333333333333336,31,target,1,27.500000000000004,-3.3333333333333326
synthetic-control__NumericFeature[f21;+2std],39,11.666666666666659,66.66666666666666,-10.000000000000009,91.66666666666666,14.999999999999991,"15, 21, 34, 36","f28, target, target, target",4,77.5,0.8333333333333304
synthetic-control__NumericFeature[f25;+2std],39,14.999999999999991,66.66666666666666,-5.833333333333335,90.83333333333333,18.333333333333336,"4, 15, 34, 36","f54, f28, target, target",4,73.33333333333333,0.8333333333333304
synthetic-control__NumericFeature[f55;-2std],39,44.99999999999999,66.66666666666666,15.833333333333332,87.5,36.66666666666667,"25, 26, 24, 34, 36","target, target, target, target, target",5,66.66666666666666,15.833333333333332
synthetic-control__NumericFeature[f55;-1std],39,14.999999999999991,66.66666666666666,-8.333333333333337,87.5,12.5,0,f4,1,75.0,0.0
synthetic-control__NumericFeature[f55;+1std],39,28.333333333333332,66.66666666666666,0.8333333333333304,87.5,21.666666666666668,19,target,1,64.16666666666667,-1.6666666666666607
synthetic-control__NumericFeature[f55;+2std],39,35.0,66.66666666666666,4.999999999999993,87.5,25.83333333333333,19,target,1,61.66666666666667,0.0
synthetic-control__NumericFeature[f54;-2std],39,28.333333333333332,66.66666666666666,1.6666666666666607,90.83333333333333,25.83333333333333,"4, 15, 34, 36","f54, f28, target, target",3,89.16666666666667,24.16666666666667
synthetic-control__NumericFeature[f54;-1std],39,25.0,66.66666666666666,-5.000000000000004,90.83333333333333,19.166666666666664,"4, 15, 34, 36","f54, f28, target, target",3,90.0,18.333333333333336
synthetic-control__NumericFeature[f54;+1std],39,14.999999999999991,66.66666666666666,-5.000000000000004,90.83333333333333,19.166666666666664,"15, 34, 27, 36","f28, target, f54, target",3,72.5,0.8333333333333304
synthetic-control__NumericFeature[f54;+2std],39,14.999999999999991,66.66666666666666,-5.000000000000004,90.83333333333333,19.166666666666664,"15, 34, 36, 37","f28, target, target, target",4,85.83333333333333,14.16666666666666
synthetic-control__NumericFeature[f18;+2std],39,11.666666666666659,66.66666666666666,-10.000000000000009,91.66666666666666,14.999999999999991,"15, 14, 34, 36","f28, target, target, target",3,86.66666666666667,9.999999999999998
tic-tac-toe__NumericFeature[f1;-2std],49,13.684210526315788,71.20418848167539,-9.424083769633507,86.38743455497382,5.759162303664922,"23, 15, 6, 17, 45","f1, target, target, target, target",3,86.38743455497382,5.759162303664922
tic-tac-toe__NumericFeature[f1;+2std],49,15.789473684210531,71.20418848167539,-7.329842931937181,92.14659685863874,13.61256544502617,"19, 35, 43, 9","f4, target, f1, target",3,81.15183246073299,2.617801047120416
tic-tac-toe__NumericFeature[f9;+2std],49,14.73684210526316,71.20418848167539,-11.518324607329845,89.00523560209425,6.282722513089012,"13, 23, 4, 47","f1, f1, f9, target",3,89.00523560209425,6.282722513089012
tic-tac-toe__NumericFeature[f7;-2std],49,10.526315789473683,71.20418848167539,-11.518324607329845,91.09947643979058,8.376963350785338,"3, 24, 28, 11","target, f4, f8, target",4,81.15183246073299,-1.5706806282722474
tic-tac-toe__NumericFeature[f7;+2std],49,16.842105263157904,71.20418848167539,-2.617801047120416,86.91099476439791,13.089005235602102,"19, 48, 16, 40","f4, target, f8, f2",4,69.63350785340315,-4.188481675392664
tic-tac-toe__NumericFeature[f5;-2std],49,21.052631578947366,71.20418848167539,-8.900523560209429,95.81151832460732,15.706806282722507,"3, 10, 15, 20, 17","target, f6, target, target, target",5,76.96335078534031,-3.141361256544506
tic-tac-toe__NumericFeature[f5;-1std],49,21.052631578947366,71.20418848167539,-8.900523560209429,95.28795811518324,15.18324607329843,"3, 10, 15, 20, 17","target, f6, target, target, target",5,76.96335078534031,-3.141361256544506
tic-tac-toe__NumericFeature[f5;+2std],49,26.315789473684216,71.20418848167539,9.947643979057585,92.14659685863874,30.890052356020938,"23, 48, 43","f1, target, f1",3,65.96858638743456,4.712041884816753
tic-tac-toe__NumericFeature[f3;+2std],49,14.73684210526316,71.20418848167539,-12.041884816753933,92.67015706806284,9.424083769633507,"24, 48, 20, 12, 17, 9","f4, target, target, target, target, target",5,82.19895287958116,-1.0471204188481686
transplant__NumericFeature[e;+0.5std],7,30.76923076923077,88.46153846153845,15.384615384615385,92.3076923076923,19.23076923076924,"4, 5","target, target",0,73.07692307692307,0.0
transplant__NumericFeature[e;+1std],7,61.53846153846154,88.46153846153845,38.46153846153846,50.0,0.0,"4, 5","target, target",0,73.07692307692307,23.076923076923073
transplant__NumericFeature[e;+2std],7,84.61538461538461,92.3076923076923,65.3846153846154,76.92307692307693,50.0,4,target,0,73.07692307692307,46.15384615384615
vertebral-column-2clases__NumericFeature[f6;-2std],9,32.25806451612903,70.96774193548387,29.03225806451613,75.80645161290323,33.87096774193548,1,f5,1,38.70967741935484,-3.2258064516129057
vertebral-column-2clases__NumericFeature[f6;-1std],9,22.580645161290324,70.96774193548387,14.516129032258062,64.51612903225806,8.064516129032251,1,f5,1,53.2258064516129,-3.2258064516129115
wall-following__NumericFeature[f19;-2std],41,41.28440366972477,96.60861594867094,38.221814848762605,96.70027497708524,38.313473877176904,"1, 3, 21","target, f12, target",3,57.65352887259395,-0.7332722273143855
wall-following__NumericFeature[f19;-1std],41,36.69724770642202,96.79193400549954,34.097158570119156,97.25022914757103,34.55545371219064,"1, 3, 21","target, f12, target",3,61.96150320806599,-0.7332722273143966
wall-following__NumericFeature[f19;-0.5std],41,36.146788990825684,96.70027497708524,32.53895508707608,98.99175068744272,34.83043079743355,0,f15,1,62.69477543538039,-1.466544454628771
wall-following__NumericFeature[f15;-2std],41,38.899082568807344,97.80018331805684,37.121906507791024,97.15857011915674,36.480293308890936,0,f15,0,95.32538955087077,34.64711274060496
wall-following__NumericFeature[f15;-1std],41,34.678899082568805,97.15857011915674,32.90559120073328,97.34188817598533,33.08890925756187,0,f15,0,95.41704857928505,31.164069660861593
wall-following__NumericFeature[f15;-0.5std],41,26.97247706422018,97.06691109074244,25.756186984417962,89.82584784601283,18.515123739688356,0,f15,0,95.50870760769936,24.197983501374885
wall-following__NumericFeature[f15;+0.5std],41,19.08256880733945,98.07516040329972,16.04032997250229,91.38405132905592,9.349220898258482,"30, 26, 40, 15, 13, 17, 18, 32","target, f18, target, f20, target, target, target, target",8,81.57653528872594,-0.45829514207149646
wall-following__NumericFeature[f15;+1std],41,19.08256880733945,97.06691109074244,15.032080659945002,96.42529789184235,14.39046746104491,"30, 26, 40, 15, 13, 17, 18, 32","target, f18, target, f20, target, target, target, target",8,81.57653528872594,-0.45829514207149646
wall-following__NumericFeature[f15;+2std],41,19.08256880733945,98.07516040329972,16.04032997250229,96.79193400549954,14.757103574702112,"30, 26, 40, 15, 13, 17, 18, 32","target, f18, target, f20, target, target, target, target",8,81.57653528872594,-0.45829514207149646
wall-following__NumericFeature[f12;-2std],41,50.64220183486239,96.05866177818515,48.48762603116407,99.7250229147571,52.15398716773601,"1, 3, 4","target, f12, f12",1,99.54170485792851,51.97066911090742
wall-following__NumericFeature[f12;-1std],41,40.36697247706422,97.43354720439963,39.32172318973418,99.7250229147571,41.61319890009165,"1, 4, 9","target, f12, target",1,96.51695692025665,38.4051329055912
wall-following__NumericFeature[f12;-0.5std],41,21.834862385321095,96.79193400549954,19.523373052245653,99.54170485792851,22.27314390467461,0,f15,1,75.9853345554537,-1.2832263978001857
wall-following__NumericFeature[f14;-2std],41,33.211009174311926,97.15857011915674,32.90559120073328,98.25847846012832,34.00549954170485,0,f15,1,63.61136571952337,-0.6416131989000928
wall-following__NumericFeature[f14;-1std],41,30.825688073394495,97.52520623281393,29.880843263061408,98.99175068744272,31.34738771769019,0,f15,1,67.00274977085243,-0.6416131989000928
wall-following__NumericFeature[f14;-0.5std],41,27.155963302752294,97.70852428964253,26.48945921173236,98.71677360219981,27.497708524289642,0,f15,1,70.48579285059579,-0.7332722273143855
wall-following__NumericFeature[f20;-2std],41,41.8348623853211,98.07516040329972,40.604949587534364,98.99175068744272,41.52153987167736,0,f15,1,55.545371219065075,-1.9248395967002785
wall-following__NumericFeature[f20;-1std],41,37.43119266055046,98.07516040329972,36.02199816681942,98.62511457378552,36.57195233730523,0,f15,1,60.128322639780016,-1.9248395967002785
wall-following__NumericFeature[f20;-0.5std],41,34.678899082568805,98.07516040329972,32.90559120073326,97.98350137488544,32.81393217231897,0,f15,1,63.244729605866176,-1.9248395967002785
wall-following__NumericFeature[f18;-2std],41,43.11926605504587,77.72685609532539,20.714940421631532,79.92667277726856,22.9147571035747,"1, 34, 26, 17, 18","target, f20, f18, target, target",2,94.22548120989917,37.213565536205316
wall-following__NumericFeature[f18;-1std],41,41.467889908256886,89.27589367552704,30.5224564619615,91.4757103574702,32.722273143904665,"1, 34, 26, 17, 18","target, f20, f18, target, target",2,95.32538955087077,36.57195233730523
wall-following__NumericFeature[f18;-0.5std],41,36.88073394495412,95.69202566452796,32.99725022914757,98.62511457378552,35.93033913840513,"1, 34, 26, 15, 17, 18","target, f20, f18, f20, target, target",3,97.80018331805684,35.105407882676445
wine__NumericFeature[f1;-2std],9,17.647058823529406,62.857142857142854,5.714285714285716,91.42857142857143,34.285714285714285,"3, 5","target, target",1,68.57142857142857,11.428571428571432
wine__NumericFeature[f12;-2std],9,11.764705882352933,62.857142857142854,11.428571428571432,91.42857142857143,40.0,3,target,1,51.42857142857142,0.0
wine__NumericFeature[f12;+1std],9,23.529411764705877,62.857142857142854,-5.714285714285716,91.42857142857143,22.857142857142854,"5, 8","target, target",2,51.42857142857142,-17.14285714285715
wine__NumericFeature[f12;+2std],9,35.29411764705882,62.857142857142854,0.0,91.42857142857143,28.57142857142857,"5, 8","target, target",2,48.57142857142857,-14.285714285714285
wine__NumericFeature[f5;-2std],9,11.764705882352933,62.857142857142854,-5.714285714285716,91.42857142857143,22.857142857142854,"3, 5, 7","target, target, target",2,88.57142857142857,19.999999999999996
wine__NumericFeature[f10;-2std],9,17.647058823529406,57.14285714285714,-20.000000000000007,94.28571428571428,17.14285714285714,"1, 4","f10, f1",1,74.28571428571429,-2.857142857142858
zoo__NumericFeature[f4;-2std],15,50.0,75.0,15.000000000000002,95.0,35.0,"6, 13, 14","target, target, target",3,60.0,0.0
zoo__NumericFeature[f4;+2std],15,50.0,75.0,45.0,95.0,64.99999999999999,0,f4,0,90.0,60.00000000000001
zoo__NumericFeature[f2;-2std],15,19.999999999999996,75.0,5.000000000000004,95.0,25.0,13,target,1,90.0,20.000000000000007
zoo__NumericFeature[f2;+2std],15,30.000000000000004,75.0,25.0,95.0,44.99999999999999,1,f2,0,90.0,40.0
zoo__NumericFeature[f12;-2std],15,19.999999999999996,75.0,0.0,80.0,5.000000000000004,0,f4,1,75.0,0.0
