drift description,tree size,after accuracy decrease percentage,after retrain accuracy,after retrain accuracy increase percentage,before after retrain accuracy,before after retrain accuracy increase percentage,STAT faulty node index,STAT faulty feature,STAT wasted effort,STAT fix accuracy percentage,STAT fix accuracy increase percentage,SFLDT faulty node index,SFLDT faulty feature,SFLDT wasted effort,SFLDT fix accuracy percentage,SFLDT fix accuracy increase percentage,STAT_SFLDT faulty node index,STAT_SFLDT faulty feature,STAT_SFLDT wasted effort,STAT_SFLDT fix accuracy percentage,STAT_SFLDT fix accuracy increase percentage
acute-inflammation__NumericFeature[f4;-2std],7,50.0,70.83333333333334,25.000000000000007,45.83333333333333,0.0,0,f4,0,100.0,54.16666666666667,0,f4,0,100.0,54.16666666666667,0,f4,0,100.0,54.16666666666667
acute-inflammation__NumericFeature[f4;+2std],7,16.666666666666664,70.83333333333334,4.166666666666674,66.66666666666666,0.0,5,,1,87.5,20.833333333333336,5,,5,87.5,20.833333333333336,5,,2,87.5,20.833333333333336
acute-inflammation__NumericFeature[f5;-2std],7,25.0,70.83333333333334,4.166666666666674,87.5,20.833333333333336,2,f5,0,100.0,33.333333333333336,6,,2,66.66666666666666,0.0,6,,1,66.66666666666666,0.0
acute-inflammation__NumericFeature[f5;-1std],7,25.0,70.83333333333334,4.166666666666674,100.0,33.333333333333336,2,f5,0,100.0,33.333333333333336,6,,2,66.66666666666666,0.0,6,,1,66.66666666666666,0.0
acute-inflammation__NumericFeature[f5;+1std],7,33.333333333333336,70.83333333333334,-16.666666666666664,100.0,12.5,2,f5,0,100.0,12.5,2,f5,0,100.0,12.5,2,f5,0,100.0,12.5
acute-inflammation__NumericFeature[f5;+2std],7,33.333333333333336,70.83333333333334,-16.666666666666664,100.0,12.5,2,f5,0,100.0,12.5,2,f5,0,100.0,12.5,2,f5,0,100.0,12.5
acute-inflammation__NumericFeature[f6;-2std],7,33.333333333333336,70.83333333333334,-16.666666666666664,100.0,12.5,5,,1,95.83333333333334,8.333333333333337,3,f6,0,100.0,12.5,5,,1,95.83333333333334,8.333333333333337
acute-inflammation__NumericFeature[f6;-1std],7,33.333333333333336,70.83333333333334,-16.666666666666664,100.0,12.5,5,,1,95.83333333333334,8.333333333333337,3,f6,0,100.0,12.5,5,,1,95.83333333333334,8.333333333333337
acute-nephritis__NumericFeature[f3;-2std],5,33.333333333333336,91.66666666666666,33.33333333333333,50.0,-8.333333333333337,3,,1,91.66666666666666,33.33333333333333,2,f3,0,100.0,41.666666666666664,3,,1,91.66666666666666,33.33333333333333
acute-nephritis__NumericFeature[f3;-1std],5,33.333333333333336,91.66666666666666,33.33333333333333,100.0,41.666666666666664,3,,1,91.66666666666666,33.33333333333333,2,f3,0,100.0,41.666666666666664,3,,1,91.66666666666666,33.33333333333333
acute-nephritis__NumericFeature[f1;-2std],5,33.333333333333336,91.66666666666666,33.33333333333333,79.16666666666666,20.833333333333325,0,f1,0,100.0,41.666666666666664,0,f1,0,100.0,41.666666666666664,0,f1,0,100.0,41.666666666666664
analcatdata_boxing1__NumericFeature[Round;-1std],47,16.666666666666675,70.83333333333334,8.333333333333337,83.33333333333334,20.833333333333336,3,,4,79.16666666666666,16.666666666666664,2,Round,0,70.83333333333334,8.333333333333337,3,,3,79.16666666666666,16.666666666666664
analcatdata_boxing1__NumericFeature[Round;-0.5std],47,16.666666666666675,70.83333333333334,8.333333333333337,75.0,12.5,29,,3,62.5,0.0,2,Round,0,62.5,0.0,18,,3,70.83333333333334,8.333333333333337
analcatdata_boxing1__NumericFeature[Round;+0.5std],47,33.333333333333336,70.83333333333334,29.166666666666668,79.16666666666666,37.49999999999999,3,,6,54.166666666666664,12.499999999999995,0,Round,0,54.166666666666664,12.499999999999995,3,,6,54.166666666666664,12.499999999999995
analcatdata_boxing1__NumericFeature[Round;+1std],47,25.0,70.83333333333334,4.166666666666674,83.33333333333334,16.666666666666675,10,,5,66.66666666666666,0.0,6,,2,66.66666666666666,0.0,10,,5,66.66666666666666,0.0
analcatdata_boxing1__NumericFeature[Round;+2std],47,33.333333333333336,70.83333333333334,4.166666666666674,79.16666666666666,12.5,21,Judge_E._Williams,5,66.66666666666666,0.0,0,Round,0,75.0,8.333333333333337,32,,2,70.83333333333334,4.166666666666674
analcatdata_lawsuit__NumericFeature[CAP;-2std],3,42.307692307692314,94.23076923076923,63.46153846153846,78.84615384615384,48.07692307692307,1,,1,92.3076923076923,61.53846153846154,1,,1,92.3076923076923,61.53846153846154,1,,1,92.3076923076923,61.53846153846154
analcatdata_lawsuit__NumericFeature[CAP;-1std],3,23.076923076923084,94.23076923076923,26.923076923076916,86.53846153846155,19.23076923076923,1,,1,92.3076923076923,25.0,1,,1,92.3076923076923,25.0,1,,1,92.3076923076923,25.0
annealing__NumericFeature[f22;-2std],27,21.34831460674157,84.35754189944134,15.083798882681565,92.17877094972067,22.905027932960888,16,f22,0,95.53072625698324,26.256983240223462,13,f8,1,66.4804469273743,-2.7932960893854775,16,f22,0,95.53072625698324,26.256983240223462
annealing__NumericFeature[f22;-1std],27,21.34831460674157,84.35754189944134,15.083798882681565,90.5027932960894,21.22905027932961,16,f22,0,95.53072625698324,26.256983240223462,13,f8,1,66.4804469273743,-2.7932960893854775,16,f22,0,95.53072625698324,26.256983240223462
annealing__NumericFeature[f1;-2std],27,73.03370786516854,75.97765363128491,63.128491620111724,90.5027932960894,77.6536312849162,9,f27,3,12.849162011173185,0.0,1,,1,77.6536312849162,64.80446927374301,1,,1,77.6536312849162,64.80446927374301
annealing__NumericFeature[f1;-1std],27,71.91011235955057,75.97765363128491,63.128491620111724,90.5027932960894,77.6536312849162,9,f27,3,12.849162011173185,0.0,1,,1,77.6536312849162,64.80446927374301,1,,1,77.6536312849162,64.80446927374301
annealing__NumericFeature[f1;-0.5std],27,71.91011235955057,84.35754189944134,63.12849162011174,90.5027932960894,69.27374301675978,9,f27,3,21.22905027932961,0.0,1,,1,78.2122905027933,56.98324022346368,1,,1,78.2122905027933,56.98324022346368
annealing__NumericFeature[f4;+0.5std],27,75.28089887640449,84.35754189944134,63.12849162011174,77.09497206703911,55.865921787709496,23,,1,86.03351955307262,64.80446927374301,23,,1,86.03351955307262,64.80446927374301,23,,1,86.03351955307262,64.80446927374301
annealing__NumericFeature[f4;+1std],27,76.40449438202246,84.35754189944134,63.12849162011174,92.17877094972067,70.94972067039106,26,,2,20.670391061452513,-0.5586592178770944,2,f4,0,91.62011173184358,70.39106145251397,23,,1,86.03351955307262,64.80446927374301
annealing__NumericFeature[f4;+2std],27,77.52808988764043,84.35754189944134,63.12849162011174,91.62011173184358,70.39106145251397,26,,2,20.670391061452513,-0.5586592178770944,2,f4,0,91.62011173184358,70.39106145251397,2,f4,0,91.62011173184358,70.39106145251397
annealing__NumericFeature[f12;-2std],27,22.47191011235955,84.35754189944134,15.083798882681565,92.17877094972067,22.905027932960888,14,f12,0,95.53072625698324,26.256983240223462,13,f8,1,68.71508379888269,-0.5586592178770999,14,f12,0,95.53072625698324,26.256983240223462
annealing__NumericFeature[f12;-1std],27,22.47191011235955,84.35754189944134,15.083798882681565,92.17877094972067,22.905027932960888,14,f12,0,95.53072625698324,26.256983240223462,13,f8,1,68.71508379888269,-0.5586592178770999,14,f12,0,95.53072625698324,26.256983240223462
audiology-std__NumericFeature[f15;+2std],43,47.368421052631575,48.717948717948715,25.64102564102564,15.384615384615385,-7.6923076923076925,35,,9,23.076923076923077,0.0,0,f1,3,23.076923076923077,0.0,26,,2,15.384615384615385,-7.6923076923076925
audiology-std__NumericFeature[f57;+1std],43,47.368421052631575,48.717948717948715,-5.128205128205127,74.35897435897436,20.512820512820518,35,,8,53.84615384615385,0.0,1,f15,2,53.84615384615385,0.0,16,,1,53.84615384615385,0.0
audiology-std__NumericFeature[f57;+2std],43,52.63157894736842,48.717948717948715,2.5641025641025603,79.48717948717949,33.33333333333333,35,,10,46.15384615384615,0.0,1,f15,3,46.15384615384615,0.0,3,f57,0,71.7948717948718,25.64102564102564
audiology-std__NumericFeature[f1;-2std],43,15.78947368421052,48.717948717948715,7.6923076923076925,53.84615384615385,12.82051282051282,35,,13,41.02564102564102,0.0,0,f1,0,82.05128205128204,41.02564102564102,18,,12,41.02564102564102,0.0
audiology-std__NumericFeature[f1;-1std],43,15.78947368421052,48.717948717948715,-20.51282051282051,82.05128205128204,12.82051282051282,35,,17,69.23076923076923,0.0,0,f1,0,82.05128205128204,12.82051282051282,18,,14,69.23076923076923,0.0
audiology-std__NumericFeature[f1;+1std],43,47.368421052631575,48.717948717948715,5.128205128205127,71.7948717948718,28.205128205128204,42,,15,43.58974358974359,0.0,0,f1,0,82.05128205128204,38.46153846153846,38,,1,12.82051282051282,-30.76923076923077
audiology-std__NumericFeature[f1;+2std],43,52.63157894736842,48.717948717948715,5.128205128205127,43.58974358974359,0.0,42,,14,43.58974358974359,0.0,0,f1,0,82.05128205128204,38.46153846153846,0,f1,0,82.05128205128204,38.46153846153846
audiology-std__NumericFeature[f2;+2std],43,15.78947368421052,48.717948717948715,-20.51282051282051,61.53846153846154,-7.692307692307687,35,,11,69.23076923076923,0.0,1,f15,8,69.23076923076923,0.0,18,,9,69.23076923076923,0.0
bank__NumericFeature[f12;+2std],7,52.212389380530965,88.93805309734513,35.73008849557523,91.48230088495575,38.27433628318584,0,f12,0,92.14601769911505,38.93805309734514,8,,1,90.15486725663717,36.946902654867266,0,f12,0,92.14601769911505,38.93805309734514
bodyfat__NumericFeature[Density;-2std],3,56.00000000000001,82.0,24.0,90.0,32.00000000000001,1,,1,44.0,-13.999999999999996,0,Density,0,96.0,38.0,1,,1,44.0,-13.999999999999996
bodyfat__NumericFeature[Density;-1std],3,40.0,82.0,5.999999999999995,80.0,4.0000000000000036,1,,1,76.0,0.0,1,,1,76.0,0.0,1,,1,76.0,0.0
bodyfat__NumericFeature[Density;+1std],3,28.000000000000004,82.0,21.999999999999996,60.0,0.0,0,Density,0,94.0,34.0,2,,1,60.0,0.0,2,,1,60.0,0.0
bodyfat__NumericFeature[Density;+2std],3,40.0,82.0,35.99999999999999,46.0,0.0,0,Density,0,94.0,47.99999999999999,2,,1,46.0,0.0,0,Density,0,94.0,47.99999999999999
breast-cancer-wisc-diag__NumericFeature[f28;-2std],19,17.85714285714286,92.03539823008849,16.814159292035402,95.57522123893806,20.353982300884965,14,,1,92.92035398230088,17.699115044247794,14,,1,92.92035398230088,17.699115044247794,14,,1,92.92035398230088,17.699115044247794
breast-cancer-wisc-diag__NumericFeature[f28;+2std],19,21.42857142857143,93.80530973451327,13.27433628318584,94.69026548672566,14.15929203539823,12,,2,92.03539823008849,11.504424778761058,12,,2,92.03539823008849,11.504424778761058,12,,1,92.03539823008849,11.504424778761058
breast-cancer-wisc-diag__NumericFeature[f23;+1std],19,16.07142857142857,93.80530973451327,23.008849557522126,97.34513274336283,26.54867256637168,16,,3,45.13274336283185,-25.663716814159294,8,f26,13,72.56637168141593,1.7699115044247815,16,,3,45.13274336283185,-25.663716814159294
breast-cancer-wisc-diag__NumericFeature[f23;+2std],19,19.64285714285714,93.80530973451327,25.663716814159297,97.34513274336283,29.20353982300885,5,f14,4,68.14159292035397,0.0,16,,14,39.823008849557525,-28.318584070796454,16,,5,39.823008849557525,-28.318584070796454
breast-cancer-wisc__NumericFeature[f2;+1std],5,56.52173913043479,88.48920863309353,55.395683453237424,92.08633093525181,58.99280575539569,1,f6,1,33.093525179856115,0.0,0,f2,0,92.80575539568345,59.71223021582735,0,f2,0,92.80575539568345,59.71223021582735
breast-cancer-wisc__NumericFeature[f2;+2std],5,56.52173913043479,88.48920863309353,55.395683453237424,92.08633093525181,58.99280575539569,1,f6,1,33.093525179856115,0.0,0,f2,0,92.80575539568345,59.71223021582735,0,f2,0,92.80575539568345,59.71223021582735
breast-cancer-wisc__NumericFeature[f6;+1std],5,56.52173913043479,88.48920863309353,55.395683453237424,92.08633093525181,58.99280575539569,1,f6,0,92.80575539568345,59.71223021582735,1,f6,0,92.80575539568345,59.71223021582735,1,f6,0,92.80575539568345,59.71223021582735
breast-cancer-wisc__NumericFeature[f6;+2std],5,56.52173913043479,88.48920863309353,55.395683453237424,93.5251798561151,60.431654676258994,1,f6,0,92.80575539568345,59.71223021582735,1,f6,0,92.80575539568345,59.71223021582735,1,f6,0,92.80575539568345,59.71223021582735
car__NumericFeature[f6;-2std],59,23.83720930232558,84.63768115942028,13.33333333333333,85.21739130434783,13.913043478260867,2,f6,0,87.53623188405797,16.231884057971012,2,f6,0,87.53623188405797,16.231884057971012,2,f6,0,87.53623188405797,16.231884057971012
car__NumericFeature[f6;-1std],59,16.860465116279066,84.63768115942028,7.246376811594201,93.6231884057971,16.231884057971012,17,,10,79.13043478260869,1.7391304347826098,4,f1,2,77.39130434782608,0.0,17,,7,79.13043478260869,1.7391304347826098
car__NumericFeature[f6;+1std],59,19.186046511627907,84.63768115942028,11.594202898550721,93.33333333333333,20.28985507246377,34,,11,74.4927536231884,1.449275362318836,2,f6,0,87.82608695652175,14.782608695652177,30,,12,71.01449275362319,-2.0289855072463725
car__NumericFeature[f6;+2std],59,22.67441860465116,84.63768115942028,16.231884057971012,78.26086956521739,9.855072463768122,49,,8,68.69565217391305,0.28985507246377384,2,f6,0,87.82608695652175,19.42028985507247,49,,5,68.69565217391305,0.28985507246377384
car__NumericFeature[f1;-2std],59,11.627906976744185,84.63768115942028,2.898550724637672,82.6086956521739,0.8695652173912993,32,,9,81.44927536231884,-0.28985507246377384,4,f1,0,93.04347826086956,11.304347826086946,32,,4,81.44927536231884,-0.28985507246377384
car__NumericFeature[f1;+2std],59,16.279069767441857,84.63768115942028,6.666666666666665,77.10144927536233,-0.8695652173912993,34,,7,77.97101449275362,0.0,4,f1,0,89.85507246376811,11.884057971014494,34,,5,77.97101449275362,0.0
car__NumericFeature[f4;-2std],59,23.83720930232558,84.63768115942028,13.33333333333333,86.66666666666667,15.362318840579714,0,f4,0,94.20289855072464,22.89855072463768,2,f6,31,71.30434782608695,0.0,0,f4,0,94.20289855072464,22.89855072463768
car__NumericFeature[f4;-1std],59,11.046511627906973,84.63768115942028,1.7391304347826098,93.33333333333333,10.43478260869566,23,,3,82.31884057971014,-0.5797101449275366,11,f5,9,82.89855072463767,0.0,23,,3,82.31884057971014,-0.5797101449275366
car__NumericFeature[f4;+1std],59,17.441860465116278,84.63768115942028,4.347826086956519,92.17391304347827,11.884057971014494,34,,6,80.28985507246377,0.0,6,f2,20,80.28985507246377,0.0,34,,6,80.28985507246377,0.0
car__NumericFeature[f4;+2std],59,16.860465116279066,84.63768115942028,4.057971014492745,78.55072463768116,-2.0289855072463836,34,,5,80.57971014492755,0.0,6,f2,19,80.57971014492755,0.0,34,,6,80.57971014492755,0.0
car__NumericFeature[f2;-2std],59,15.116279069767435,84.63768115942028,2.0289855072463725,84.92753623188406,2.3188405797101463,57,,4,82.6086956521739,0.0,4,f1,1,82.6086956521739,0.0,57,,1,82.6086956521739,0.0
caradiotocography10clases__NumericFeature[f5;-2std],39,19.339622641509436,70.58823529411765,8.000000000000007,72.94117647058823,10.352941176470587,16,,10,61.882352941176464,-0.7058823529411784,3,f2,2,62.588235294117645,0.0,16,,6,61.882352941176464,-0.7058823529411784
caradiotocography10clases__NumericFeature[f5;-1std],39,11.32075471698113,69.88235294117648,0.0,74.82352941176471,4.941176470588237,16,,13,69.17647058823529,-0.7058823529411784,3,f2,3,69.88235294117648,0.0,16,,13,69.17647058823529,-0.7058823529411784
caradiotocography10clases__NumericFeature[f5;+1std],39,39.15094339622641,69.88235294117648,28.235294117647065,57.1764705882353,15.529411764705886,25,f7,7,41.647058823529406,0.0,0,f2,2,41.411764705882355,-0.23529411764705577,2,f5,0,66.58823529411765,24.94117647058824
caradiotocography10clases__NumericFeature[f5;+2std],39,39.15094339622641,67.05882352941175,25.41176470588235,78.58823529411765,36.94117647058824,25,f7,7,41.647058823529406,0.0,0,f2,2,41.411764705882355,-0.23529411764705577,2,f5,0,66.58823529411765,24.94117647058824
caradiotocography10clases__NumericFeature[f8;+2std],39,15.566037735849058,68.94117647058823,6.8235294117647065,72.23529411764706,10.11764705882353,16,,3,71.05882352941177,8.94117647058823,11,f8,0,67.76470588235294,5.647058823529405,16,,1,71.05882352941177,8.94117647058823
caradiotocography10clases__NumericFeature[f7;+2std],39,25.47169811320754,69.88235294117648,12.235294117647067,82.11764705882352,24.470588235294123,25,f7,0,80.23529411764706,22.588235294117652,3,f2,1,62.117647058823536,4.470588235294127,25,f7,0,80.23529411764706,22.588235294117652
caradiotocography10clases__NumericFeature[f11;+2std],39,10.849056603773588,69.88235294117648,2.5882352941176467,80.94117647058823,13.647058823529413,16,,1,66.58823529411765,-0.7058823529411784,9,f11,0,80.70588235294117,13.411764705882344,9,f11,0,80.70588235294117,13.411764705882344
caradiotocography10clases__NumericFeature[f2;-2std],39,36.32075471698113,69.88235294117648,19.529411764705884,65.88235294117646,15.52941176470588,16,,7,49.64705882352941,-0.7058823529411784,1,f5,1,50.35294117647059,0.0,0,f2,0,80.23529411764706,29.88235294117647
caradiotocography10clases__NumericFeature[f2;-1std],39,15.094339622641506,69.88235294117648,4.705882352941182,63.294117647058826,-1.8823529411764683,16,,12,64.47058823529412,-0.7058823529411784,1,f5,6,65.17647058823529,0.0,16,,11,64.47058823529412,-0.7058823529411784
caradiotocography10clases__NumericFeature[f2;+0.5std],39,28.77358490566038,69.88235294117648,27.529411764705884,67.05882352941175,24.70588235294117,11,f8,8,42.35294117647059,0.0,17,,1,56.00000000000001,13.647058823529418,0,f2,0,80.70588235294117,38.35294117647059
caradiotocography10clases__NumericFeature[f2;+1std],39,28.77358490566038,69.88235294117648,27.529411764705884,44.0,1.6470588235294126,11,f8,9,42.35294117647059,0.0,0,f2,0,80.47058823529412,38.11764705882353,0,f2,0,80.47058823529412,38.11764705882353
caradiotocography10clases__NumericFeature[f2;+2std],39,28.77358490566038,69.88235294117648,27.529411764705884,56.00000000000001,13.647058823529418,11,f8,9,42.35294117647059,0.0,0,f2,0,80.47058823529412,38.11764705882353,0,f2,0,80.47058823529412,38.11764705882353
cardiotocography3clases__NumericFeature[f19;+2std],41,15.094339622641506,84.70588235294117,10.82352941176471,92.47058823529412,18.58823529411765,24,,2,73.41176470588235,-0.47058823529411153,14,,35,92.70588235294117,18.823529411764707,24,,4,73.41176470588235,-0.47058823529411153
cardiotocography3clases__NumericFeature[f8;+2std],41,16.0377358490566,86.58823529411764,13.17647058823529,90.3529411764706,16.94117647058824,24,,1,81.41176470588235,7.9999999999999964,18,f8,0,79.29411764705883,5.882352941176472,24,,1,81.41176470588235,7.9999999999999964
cardiotocography3clases__NumericFeature[f18;-2std],41,21.22641509433962,84.70588235294117,18.352941176470583,90.8235294117647,24.47058823529411,24,,6,65.88235294117646,-0.47058823529412264,3,,6,37.1764705882353,-29.176470588235297,3,,6,37.1764705882353,-29.176470588235297
cardiotocography3clases__NumericFeature[f7;+2std],41,24.52830188679245,84.70588235294117,15.294117647058824,92.47058823529412,23.058823529411764,6,f7,0,89.64705882352942,20.23529411764706,10,,1,90.8235294117647,21.41176470588235,6,f7,0,89.64705882352942,20.23529411764706
chatfield_4__NumericFeature[col_11;-2std],5,30.43478260869564,70.2127659574468,0.0,91.48936170212765,21.276595744680847,1,,1,70.2127659574468,0.0,1,,1,70.2127659574468,0.0,1,,1,70.2127659574468,0.0
chatfield_4__NumericFeature[col_11;-1std],5,21.739130434782606,78.72340425531915,0.0,91.48936170212765,12.765957446808507,1,,2,78.72340425531915,0.0,1,,2,78.72340425531915,0.0,1,,2,78.72340425531915,0.0
chatfield_4__NumericFeature[col_12;-2std],5,34.78260869565217,82.97872340425532,14.893617021276595,87.2340425531915,19.14893617021277,2,col_12,0,87.2340425531915,19.14893617021277,3,,1,87.2340425531915,19.14893617021277,2,col_12,0,87.2340425531915,19.14893617021277
chatfield_4__NumericFeature[col_12;-1std],5,26.086956521739125,82.97872340425532,2.127659574468088,87.2340425531915,6.382978723404264,3,,1,87.2340425531915,6.382978723404264,3,,1,87.2340425531915,6.382978723404264,3,,1,87.2340425531915,6.382978723404264
chscase_vine1__NumericFeature[col_1;-2std],9,60.00000000000001,40.0,30.000000000000004,60.0,50.0,4,,2,60.0,50.0,0,col_1,0,40.0,30.000000000000004,4,,1,60.0,50.0
chscase_vine1__NumericFeature[col_1;-1std],9,40.0,40.0,0.0,60.0,19.999999999999996,3,,2,80.0,40.0,1,col_1,0,60.0,19.999999999999996,4,,2,80.0,40.0
chscase_vine1__NumericFeature[col_1;-0.5std],9,20.000000000000007,40.0,-29.999999999999993,60.0,-9.999999999999998,3,,2,90.0,20.000000000000007,1,col_1,0,70.0,0.0,3,,2,90.0,20.000000000000007
credit-approval__NumericFeature[f9;-2std],5,42.02898550724638,84.05797101449275,38.405797101449274,45.65217391304348,0.0,4,f4,1,45.65217391304348,0.0,0,f9,0,84.05797101449275,38.405797101449274,0,f9,0,84.05797101449275,38.405797101449274
credit-approval__NumericFeature[f9;+2std],5,34.78260869565217,84.05797101449275,29.71014492753623,54.347826086956516,0.0,0,f9,0,84.05797101449275,29.71014492753623,0,f9,0,84.05797101449275,29.71014492753623,0,f9,0,84.05797101449275,29.71014492753623
credit-approval__NumericFeature[f4;+1std],5,11.594202898550732,84.05797101449275,12.318840579710145,84.05797101449275,12.318840579710145,6,,1,84.05797101449275,12.318840579710145,6,,1,84.05797101449275,12.318840579710145,6,,1,84.05797101449275,12.318840579710145
credit-approval__NumericFeature[f4;+2std],5,11.594202898550732,84.05797101449275,12.318840579710145,84.05797101449275,12.318840579710145,6,,1,84.05797101449275,12.318840579710145,6,,1,84.05797101449275,12.318840579710145,6,,1,84.05797101449275,12.318840579710145
dermatology__NumericFeature[f15;+1std],17,72.22222222222221,87.67123287671232,54.794520547945204,64.38356164383562,31.506849315068497,16,,1,64.38356164383562,31.506849315068497,0,f22,1,32.87671232876712,0.0,16,,1,64.38356164383562,31.506849315068497
dermatology__NumericFeature[f15;+2std],17,72.22222222222221,65.75342465753424,32.87671232876712,64.38356164383562,31.506849315068497,16,,1,64.38356164383562,31.506849315068497,0,f22,1,32.87671232876712,0.0,16,,1,64.38356164383562,31.506849315068497
dermatology__NumericFeature[f26;+1std],17,19.444444444444443,87.67123287671232,8.21917808219178,94.52054794520548,15.068493150684937,5,f26,0,94.52054794520548,15.068493150684937,5,f26,0,94.52054794520548,15.068493150684937,5,f26,0,94.52054794520548,15.068493150684937
dermatology__NumericFeature[f26;+2std],17,19.444444444444443,87.67123287671232,8.21917808219178,93.15068493150685,13.698630136986301,5,f26,0,94.52054794520548,15.068493150684937,5,f26,0,94.52054794520548,15.068493150684937,5,f26,0,94.52054794520548,15.068493150684937
dermatology__NumericFeature[f5;+1std],17,25.0,87.67123287671232,10.95890410958904,95.8904109589041,19.17808219178082,8,f34,4,76.71232876712328,0.0,3,f5,0,94.52054794520548,17.808219178082197,11,,1,79.45205479452055,2.73972602739726
dermatology__NumericFeature[f5;+2std],17,25.0,87.67123287671232,10.95890410958904,89.04109589041096,12.328767123287676,8,f34,4,76.71232876712328,0.0,3,f5,0,94.52054794520548,17.808219178082197,11,,1,79.45205479452055,2.73972602739726
dermatology__NumericFeature[f22;-2std],17,22.22222222222222,87.67123287671232,16.43835616438356,97.26027397260275,26.027397260273975,7,,5,78.08219178082192,6.849315068493156,11,,16,71.23287671232876,0.0,11,,5,71.23287671232876,0.0
dermatology__NumericFeature[f22;+0.5std],17,47.22222222222222,87.67123287671232,38.35616438356164,97.26027397260275,47.945205479452056,8,f34,3,49.31506849315068,0.0,15,,1,49.31506849315068,0.0,0,f22,0,94.52054794520548,45.205479452054796
dermatology__NumericFeature[f22;+1std],17,47.22222222222222,87.67123287671232,38.35616438356164,97.26027397260275,47.945205479452056,8,f34,3,49.31506849315068,0.0,15,,1,49.31506849315068,0.0,0,f22,0,94.52054794520548,45.205479452054796
dermatology__NumericFeature[f22;+2std],17,47.22222222222222,87.67123287671232,38.35616438356164,97.26027397260275,47.945205479452056,8,f34,3,49.31506849315068,0.0,15,,1,49.31506849315068,0.0,0,f22,0,90.41095890410958,41.0958904109589
dermatology__NumericFeature[f12;-2std],17,11.111111111111105,87.67123287671232,5.47945205479452,94.52054794520548,12.328767123287676,11,,2,82.1917808219178,0.0,11,,12,82.1917808219178,0.0,11,,2,82.1917808219178,0.0
dermatology__NumericFeature[f12;+1std],17,41.666666666666664,87.67123287671232,38.35616438356164,95.8904109589041,46.57534246575342,8,f34,5,49.31506849315068,0.0,1,f12,0,94.52054794520548,45.205479452054796,13,,1,46.57534246575342,-2.73972602739726
dermatology__NumericFeature[f12;+2std],17,41.666666666666664,87.67123287671232,38.35616438356164,97.26027397260275,47.945205479452056,8,f34,5,49.31506849315068,0.0,1,f12,0,94.52054794520548,45.205479452054796,13,,1,46.57534246575342,-2.73972602739726
diggle_table_a2__NumericFeature[col_6;-2std],3,38.70967741935484,91.93548387096774,35.48387096774193,80.64516129032258,24.193548387096765,0,col_6,0,96.7741935483871,40.32258064516129,1,,1,56.451612903225815,0.0,0,col_6,0,96.7741935483871,40.32258064516129
diggle_table_a2__NumericFeature[col_6;-1std],3,32.25806451612904,96.7741935483871,35.483870967741936,79.03225806451613,17.741935483870964,0,col_6,0,96.7741935483871,35.483870967741936,1,,1,61.29032258064516,0.0,0,col_6,0,96.7741935483871,35.483870967741936
diggle_table_a2__NumericFeature[col_6;+0.5std],3,19.354838709677423,96.7741935483871,9.677419354838712,87.09677419354838,0.0,2,,1,87.09677419354838,0.0,2,,2,87.09677419354838,0.0,2,,1,87.09677419354838,0.0
diggle_table_a2__NumericFeature[col_6;+1std],3,35.483870967741936,95.16129032258065,27.419354838709687,93.54838709677419,25.806451612903224,2,,1,67.74193548387096,0.0,2,,1,67.74193548387096,0.0,2,,1,67.74193548387096,0.0
diggle_table_a2__NumericFeature[col_6;+2std],3,58.06451612903225,88.70967741935483,40.32258064516129,88.70967741935483,40.32258064516129,2,,1,48.38709677419355,0.0,0,col_6,0,87.09677419354838,38.70967741935484,2,,1,48.38709677419355,0.0
echocardiogram__NumericFeature[f10;-2std],3,15.384615384615385,69.23076923076923,0.0,88.46153846153845,19.23076923076923,0,f10,0,88.46153846153845,19.23076923076923,4,,1,69.23076923076923,0.0,0,f10,0,88.46153846153845,19.23076923076923
echocardiogram__NumericFeature[f10;+2std],3,69.23076923076923,69.23076923076923,38.46153846153846,88.46153846153845,57.692307692307686,0,f10,0,88.46153846153845,57.692307692307686,0,f10,0,88.46153846153845,57.692307692307686,0,f10,0,88.46153846153845,57.692307692307686
ecoli__NumericFeature[f1;+2std],11,48.484848484848484,67.16417910447761,29.85074626865672,70.1492537313433,32.83582089552239,2,f1,0,71.64179104477611,34.328358208955216,0,f6,2,37.3134328358209,0.0,2,f1,0,71.64179104477611,34.328358208955216
ecoli__NumericFeature[f2;-2std],11,15.151515151515149,67.16417910447761,-2.985074626865669,77.61194029850746,7.462686567164178,5,f5,2,70.1492537313433,0.0,4,,1,77.61194029850746,7.462686567164178,5,f5,2,70.1492537313433,0.0
ecoli__NumericFeature[f2;+2std],11,36.36363636363637,67.16417910447761,20.895522388059707,83.5820895522388,37.31343283582089,6,,1,70.1492537313433,23.880597014925375,5,f5,1,44.776119402985074,-1.4925373134328346,6,,1,70.1492537313433,23.880597014925375
ecoli__NumericFeature[f6;-2std],11,30.303030303030297,67.16417910447761,10.447761194029859,77.61194029850746,20.895522388059707,8,f1,3,56.71641791044776,0.0,2,f1,1,56.71641791044776,0.0,8,f1,1,56.71641791044776,0.0
ecoli__NumericFeature[f6;-1std],11,24.242424242424242,67.16417910447761,7.462686567164189,77.61194029850746,17.910447761194035,7,,3,59.70149253731343,0.0,2,f1,3,59.70149253731343,0.0,4,,3,65.67164179104478,5.97014925373135
ecoli__NumericFeature[f6;+1std],11,18.181818181818176,67.16417910447761,4.477611940298509,74.6268656716418,11.940298507462687,6,,4,62.68656716417911,0.0,9,,7,62.68656716417911,0.0,6,,5,62.68656716417911,0.0
ecoli__NumericFeature[f6;+2std],11,54.54545454545454,67.16417910447761,35.820895522388064,73.13432835820896,41.7910447761194,5,f5,2,31.343283582089555,0.0,9,,2,44.776119402985074,13.432835820895523,0,f6,0,82.08955223880598,50.74626865671642
elusage__NumericFeature[average_temperature;-2std],7,40.0,45.45454545454545,0.0,90.9090909090909,45.45454545454545,3,,1,54.54545454545454,9.090909090909088,0,average_temperature,0,90.9090909090909,45.45454545454545,3,,1,54.54545454545454,9.090909090909088
elusage__NumericFeature[average_temperature;+1std],7,20.000000000000007,45.45454545454545,-18.181818181818183,63.63636363636363,0.0,5,,1,63.63636363636363,0.0,1,average_temperature,0,63.63636363636363,0.0,5,,1,63.63636363636363,0.0
elusage__NumericFeature[average_temperature;+2std],7,20.000000000000007,45.45454545454545,-9.090909090909088,45.45454545454545,-9.090909090909088,1,average_temperature,0,54.54545454545454,0.0,0,average_temperature,0,81.81818181818183,27.27272727272728,1,average_temperature,0,54.54545454545454,0.0
energy-y1__NumericFeature[f7;-2std],59,19.736842105263154,89.54248366013073,12.418300653594772,84.9673202614379,7.843137254901955,30,,4,81.04575163398692,3.9215686274509776,8,f4,3,77.12418300653596,0.0,30,,5,81.04575163398692,3.9215686274509776
energy-y1__NumericFeature[f7;-1std],59,13.157894736842103,89.54248366013073,3.9215686274509887,96.73202614379085,11.111111111111116,30,,5,87.58169934640523,1.9607843137254943,48,f6,6,85.62091503267973,0.0,54,,5,87.58169934640523,1.9607843137254943
energy-y1__NumericFeature[f7;+2std],59,17.105263157894733,89.54248366013073,9.80392156862745,88.88888888888889,9.15032679738561,26,,8,79.73856209150327,0.0,21,f4,4,79.73856209150327,0.0,26,,8,79.73856209150327,0.0
energy-y1__NumericFeature[f2;-2std],59,61.8421052631579,89.54248366013073,45.751633986928105,88.23529411764706,44.44444444444444,29,,6,47.05882352941176,3.26797385620915,0,f2,0,84.31372549019608,40.52287581699346,0,f2,0,84.31372549019608,40.52287581699346
energy-y1__NumericFeature[f2;-1std],59,39.473684210526315,89.54248366013073,32.67973856209151,88.23529411764706,31.372549019607842,27,,2,58.82352941176471,1.9607843137254943,1,f7,2,56.86274509803921,0.0,27,,4,58.82352941176471,1.9607843137254943
energy-y1__NumericFeature[f2;-0.5std],59,18.42105263157895,89.54248366013073,13.725490196078438,88.23529411764706,12.418300653594772,28,,9,81.69934640522875,5.882352941176472,25,f2,0,75.81699346405229,0.0,28,,5,81.69934640522875,5.882352941176472
energy-y1__NumericFeature[f2;+0.5std],59,14.473684210526317,89.54248366013073,13.07189542483661,90.84967320261438,14.379084967320265,43,,10,76.47058823529412,0.0,15,f7,12,76.47058823529412,0.0,43,,9,76.47058823529412,0.0
energy-y1__NumericFeature[f2;+1std],59,28.947368421052634,89.54248366013073,24.183006535947715,89.54248366013073,24.183006535947715,34,,13,64.05228758169935,-1.3071895424836666,15,f7,7,65.359477124183,0.0,34,,11,64.05228758169935,-1.3071895424836666
energy-y1__NumericFeature[f2;+2std],59,35.526315789473685,89.54248366013073,39.869281045751634,90.19607843137256,40.52287581699346,43,,5,49.673202614379086,0.0,0,f2,0,84.31372549019608,34.64052287581699,43,,3,49.673202614379086,0.0
energy-y2__NumericFeature[f7;-2std],57,17.105263157894733,86.9281045751634,22.87581699346406,95.42483660130719,31.372549019607852,9,,9,73.8562091503268,9.80392156862746,1,f3,1,64.05228758169935,0.0,9,,2,73.8562091503268,9.80392156862746
energy-y2__NumericFeature[f3;+1std],57,11.842105263157887,86.9281045751634,11.764705882352944,93.4640522875817,18.300653594771244,40,,9,75.81699346405229,0.6535947712418277,1,f3,0,90.19607843137256,15.032679738562093,40,,2,75.81699346405229,0.6535947712418277
energy-y2__NumericFeature[f3;+2std],57,11.842105263157887,86.9281045751634,11.764705882352944,93.4640522875817,18.300653594771244,40,,9,75.81699346405229,0.6535947712418277,1,f3,0,90.19607843137256,15.032679738562093,40,,2,75.81699346405229,0.6535947712418277
energy-y2__NumericFeature[f2;-2std],57,60.526315789473685,86.9281045751634,47.05882352941176,88.88888888888889,49.019607843137244,49,,6,39.869281045751634,0.0,0,f2,0,79.73856209150327,39.869281045751634,0,f2,0,79.73856209150327,39.869281045751634
energy-y2__NumericFeature[f2;-1std],57,35.526315789473685,86.9281045751634,33.333333333333336,88.88888888888889,35.29411764705882,49,,10,53.59477124183007,0.0,3,f7,2,53.59477124183007,0.0,8,,10,69.28104575163398,15.686274509803921
energy-y2__NumericFeature[f2;-0.5std],57,17.105263157894733,86.9281045751634,15.032679738562093,77.77777777777779,5.882352941176472,49,,8,71.89542483660131,0.0,3,f7,1,71.89542483660131,0.0,8,,8,83.00653594771242,11.111111111111116
energy-y2__NumericFeature[f2;+0.5std],57,15.78947368421052,86.9281045751634,13.725490196078438,93.4640522875817,20.261437908496738,35,,14,73.20261437908496,0.0,33,f8,11,73.20261437908496,0.0,35,,14,73.20261437908496,0.0
energy-y2__NumericFeature[f2;+1std],57,22.368421052631582,86.9281045751634,30.718954248366014,94.11764705882352,37.908496732026144,31,,2,62.091503267973856,5.882352941176472,31,,48,62.091503267973856,5.882352941176472,31,,3,62.091503267973856,5.882352941176472
energy-y2__NumericFeature[f2;+2std],57,26.315789473684205,86.9281045751634,37.90849673202615,94.11764705882352,45.09803921568628,31,,2,56.86274509803921,7.8431372549019605,29,,2,49.01960784313725,0.0,31,,2,56.86274509803921,7.8431372549019605
horse-colic__NumericFeature[f23;-2std],19,27.77777777777778,63.013698630136986,13.698630136986301,93.15068493150685,43.83561643835616,10,,1,49.31506849315068,0.0,5,f14,2,49.31506849315068,0.0,1,f23,0,50.68493150684932,1.3698630136986356
horse-colic__NumericFeature[f23;-1std],19,27.77777777777778,63.013698630136986,12.328767123287665,93.15068493150685,42.46575342465753,10,,1,50.68493150684932,0.0,5,f14,2,50.68493150684932,0.0,1,f23,0,50.68493150684932,0.0
horse-colic__NumericFeature[f23;-0.5std],19,27.77777777777778,63.013698630136986,12.328767123287665,93.15068493150685,42.46575342465753,10,,1,50.68493150684932,0.0,5,f14,2,50.68493150684932,0.0,1,f23,0,84.93150684931507,34.246575342465746
horse-colic__NumericFeature[f1;-2std],19,11.111111111111116,63.013698630136986,-8.21917808219178,73.97260273972603,2.73972602739726,3,f22,3,71.23287671232876,0.0,13,,17,73.97260273972603,2.73972602739726,3,f22,5,71.23287671232876,0.0
horse-colic__NumericFeature[f1;-1std],19,11.111111111111116,63.013698630136986,-8.21917808219178,73.97260273972603,2.73972602739726,3,f22,3,71.23287671232876,0.0,13,,17,73.97260273972603,2.73972602739726,3,f22,5,71.23287671232876,0.0
horse-colic__NumericFeature[f1;+2std],19,30.555555555555557,63.013698630136986,8.21917808219178,57.534246575342465,2.73972602739726,10,,4,57.534246575342465,2.73972602739726,3,f22,1,50.68493150684932,-4.109589041095885,10,,2,57.534246575342465,2.73972602739726
horse-colic__NumericFeature[f12;+2std],19,19.444444444444454,63.013698630136986,1.3698630136986245,87.67123287671232,26.027397260273965,2,f12,0,83.56164383561644,21.91780821917808,4,,1,91.78082191780823,30.136986301369863,2,f12,0,83.56164383561644,21.91780821917808
image-segmentation__NumericFeature[f18;-2std],55,45.45454545454546,74.45887445887446,30.735930735930733,77.27272727272727,33.54978354978355,7,f18,0,57.7922077922078,14.06926406926407,0,f2,2,42.857142857142854,-0.8658008658008698,7,f18,0,57.7922077922078,14.06926406926407
image-segmentation__NumericFeature[f18;-1std],55,32.03463203463204,76.83982683982684,18.61471861471862,81.16883116883116,22.943722943722943,29,f15,2,58.658008658008654,0.43290043290042934,1,f10,1,58.22510822510822,0.0,9,f18,0,66.01731601731602,7.792207792207795
image-segmentation__NumericFeature[f18;-0.5std],55,24.242424242424242,78.78787878787878,9.740259740259738,83.11688311688312,14.069264069264076,53,,1,70.56277056277057,1.5151515151515138,9,f18,0,77.48917748917748,8.441558441558438,9,f18,0,77.48917748917748,8.441558441558438
image-segmentation__NumericFeature[f18;+0.5std],55,16.883116883116887,80.08658008658008,6.926406926406925,86.14718614718615,12.987012987012992,29,f15,2,73.16017316017316,0.0,6,f15,1,73.59307359307358,0.43290043290042934,51,f10,2,73.16017316017316,0.0
image-segmentation__NumericFeature[f18;+1std],55,18.181818181818187,79.87012987012987,8.874458874458869,87.22943722943724,16.233766233766232,29,f15,2,70.995670995671,0.0,3,f18,0,77.05627705627705,6.060606060606055,29,f15,2,70.995670995671,0.0
image-segmentation__NumericFeature[f18;+2std],55,21.212121212121215,76.83982683982684,11.688311688311693,88.52813852813853,23.376623376623385,29,f15,3,65.15151515151516,0.0,3,f18,0,68.83116883116884,3.6796536796536827,16,,3,66.45021645021644,1.2987012987012991
image-segmentation__NumericFeature[f14;-2std],55,15.151515151515149,80.08658008658008,-1.0822510822510845,92.42424242424242,11.255411255411252,43,,5,80.51948051948052,-0.649350649350644,37,,1,93.29004329004329,12.121212121212121,37,,4,93.29004329004329,12.121212121212121
image-segmentation__NumericFeature[f14;+2std],55,13.85281385281385,80.08658008658008,0.21645021645021467,93.07359307359307,13.203463203463206,43,,4,79.22077922077922,-0.649350649350644,2,f14,0,93.93939393939394,14.069264069264076,43,,4,79.22077922077922,-0.649350649350644
image-segmentation__NumericFeature[f11;-2std],55,14.28571428571429,75.32467532467533,-6.70995670995671,92.85714285714286,10.822510822510822,43,,5,81.38528138528139,-0.6493506493506551,23,,1,92.42424242424242,10.389610389610382,23,,4,92.42424242424242,10.389610389610382
image-segmentation__NumericFeature[f11;-1std],55,13.85281385281385,77.92207792207793,-4.978354978354971,92.85714285714286,9.956709956709965,43,,5,82.25108225108225,-0.649350649350644,23,,2,92.64069264069265,9.740259740259749,23,,5,92.64069264069265,9.740259740259749
image-segmentation__NumericFeature[f2;-2std],55,20.346320346320347,78.57142857142857,1.2987012987012991,84.84848484848484,7.57575757575758,26,f14,10,77.48917748917748,0.21645021645021467,9,f18,2,77.27272727272727,0.0,26,f14,8,77.48917748917748,0.21645021645021467
image-segmentation__NumericFeature[f2;-1std],55,19.913419913419915,79.004329004329,1.7316017316017285,86.14718614718615,8.87445887445888,37,,9,77.48917748917748,0.21645021645021467,9,f18,2,77.27272727272727,0.0,45,,7,77.92207792207793,0.6493506493506551
image-segmentation__NumericFeature[f2;-0.5std],55,14.28571428571429,79.43722943722943,-1.7316017316017285,89.6103896103896,8.441558441558438,43,,10,81.16883116883116,0.0,9,f18,3,81.16883116883116,0.0,43,,10,81.16883116883116,0.0
image-segmentation__NumericFeature[f2;+0.5std],55,10.822510822510822,80.3030303030303,3.6796536796536716,86.14718614718615,9.523809523809524,37,,4,81.6017316017316,4.978354978354971,37,,4,81.6017316017316,4.978354978354971,37,,4,81.6017316017316,4.978354978354971
image-segmentation__NumericFeature[f2;+1std],55,31.16883116883117,80.73593073593074,22.077922077922086,84.19913419913419,25.541125541125542,20,f18,6,58.658008658008654,0.0,37,,3,64.71861471861472,6.060606060606066,37,,7,64.71861471861472,6.060606060606066
image-segmentation__NumericFeature[f2;+2std],55,54.112554112554115,80.95238095238095,44.15584415584416,82.46753246753246,45.67099567099567,29,f15,7,36.79653679653679,0.0,2,f14,1,37.44588744588744,0.6493506493506496,0,f2,0,86.7965367965368,50.0
image-segmentation__NumericFeature[f10;-2std],55,18.181818181818187,75.97402597402598,-5.411255411255411,91.991341991342,10.606060606060607,52,,3,81.38528138528139,0.0,19,f2,4,80.73593073593074,-0.649350649350644,43,,3,81.81818181818183,0.43290043290044045
image-segmentation__NumericFeature[f10;+0.5std],55,11.255411255411252,78.78787878787878,1.2987012987012991,92.85714285714286,15.367965367965375,52,,3,77.48917748917748,0.0,19,f2,1,77.48917748917748,0.0,52,,3,77.48917748917748,0.0
image-segmentation__NumericFeature[f10;+1std],55,27.27272727272727,78.78787878787878,20.99567099567099,92.85714285714286,35.064935064935064,29,f15,1,57.7922077922078,0.0,24,,2,57.7922077922078,0.0,24,,1,57.7922077922078,0.0
image-segmentation__NumericFeature[f10;+2std],55,27.27272727272727,78.57142857142857,20.779220779220775,92.85714285714286,35.064935064935064,29,f15,1,57.7922077922078,0.0,24,,2,57.7922077922078,0.0,24,,1,57.7922077922078,0.0
ionosphere__NumericFeature[f26;+0.5std],5,14.28571428571428,85.71428571428571,7.14285714285714,87.14285714285714,8.571428571428575,2,f26,0,85.71428571428571,7.14285714285714,4,,1,78.57142857142857,0.0,2,f26,0,85.71428571428571,7.14285714285714
ionosphere__NumericFeature[f26;+1std],5,22.857142857142854,85.71428571428571,21.42857142857142,85.71428571428571,21.42857142857142,2,f26,0,85.71428571428571,21.42857142857142,4,,1,85.71428571428571,21.42857142857142,2,f26,0,85.71428571428571,21.42857142857142
ionosphere__NumericFeature[f26;+2std],5,31.428571428571427,85.71428571428571,45.71428571428571,91.42857142857143,51.42857142857142,2,f26,0,85.71428571428571,45.71428571428571,4,,1,85.71428571428571,45.71428571428571,2,f26,0,85.71428571428571,45.71428571428571
ionosphere__NumericFeature[f4;-2std],5,37.142857142857146,84.28571428571429,38.57142857142858,84.28571428571429,38.57142857142858,2,f26,1,41.42857142857143,-4.285714285714281,0,f4,0,88.57142857142857,42.857142857142854,0,f4,0,88.57142857142857,42.857142857142854
iris__NumericFeature[f3;-2std],13,60.00000000000001,80.0,40.0,96.66666666666667,56.666666666666664,3,f4,4,40.0,0.0,0,f3,0,90.0,50.0,1,,1,26.666666666666668,-13.333333333333336
iris__NumericFeature[f3;-1std],13,20.000000000000007,80.0,-3.3333333333333326,96.66666666666667,13.33333333333333,8,,2,90.0,6.666666666666665,8,,2,90.0,6.666666666666665,8,,2,90.0,6.666666666666665
iris__NumericFeature[f3;+0.5std],13,33.333333333333336,80.0,10.000000000000009,93.33333333333333,23.33333333333334,5,,4,63.33333333333333,-6.666666666666665,2,f3,0,73.33333333333333,3.3333333333333326,5,,4,63.33333333333333,-6.666666666666665
iris__NumericFeature[f3;+1std],13,60.00000000000001,80.0,50.0,90.0,60.00000000000001,5,,4,60.0,30.0,0,f3,0,60.0,30.0,5,,1,60.0,30.0
iris__NumericFeature[f3;+2std],13,60.00000000000001,80.0,50.0,90.0,60.00000000000001,5,,5,53.333333333333336,23.333333333333332,0,f3,0,60.0,30.0,12,,1,36.666666666666664,6.666666666666665
iris__NumericFeature[f4;+0.5std],13,20.000000000000007,80.0,6.666666666666677,96.66666666666667,23.33333333333334,9,f2,2,73.33333333333333,0.0,6,f2,2,76.66666666666667,3.3333333333333437,7,,1,93.33333333333333,20.000000000000007
iris__NumericFeature[f4;+1std],13,26.66666666666667,76.66666666666667,13.333333333333341,96.66666666666667,33.333333333333336,3,f4,0,93.33333333333333,30.000000000000004,3,f4,0,93.33333333333333,30.000000000000004,3,f4,0,93.33333333333333,30.000000000000004
iris__NumericFeature[f4;+2std],13,26.66666666666667,70.0,6.666666666666665,96.66666666666667,33.333333333333336,3,f4,0,93.33333333333333,30.000000000000004,3,f4,0,93.33333333333333,30.000000000000004,3,f4,0,93.33333333333333,30.000000000000004
low-res-spect__NumericFeature[f25;+2std],59,16.981132075471706,78.30188679245283,16.03773584905661,87.73584905660378,25.47169811320755,36,,17,61.32075471698113,-0.9433962264150941,36,,2,61.32075471698113,-0.9433962264150941,36,,10,61.32075471698113,-0.9433962264150941
low-res-spect__NumericFeature[f79;+2std],59,41.509433962264154,78.30188679245283,33.9622641509434,75.47169811320755,31.132075471698116,36,,5,84.90566037735849,40.56603773584906,0,f25,1,44.339622641509436,0.0,36,,1,84.90566037735849,40.56603773584906
low-res-spect__NumericFeature[f50;-2std],59,37.735849056603776,78.30188679245283,22.64150943396227,87.73584905660378,32.07547169811321,37,,5,84.90566037735849,29.24528301886793,0,f25,3,56.60377358490566,0.9433962264150941,37,,1,84.90566037735849,29.24528301886793
low-res-spect__NumericFeature[f75;-2std],59,41.509433962264154,78.30188679245283,35.84905660377359,87.73584905660378,45.28301886792453,18,,5,42.45283018867924,0.0,0,f25,1,42.45283018867924,0.0,2,f75,0,84.90566037735849,42.45283018867924
low-res-spect__NumericFeature[f75;-1std],59,18.867924528301895,78.30188679245283,6.60377358490567,87.73584905660378,16.03773584905661,18,,6,71.69811320754717,0.0,11,,5,84.90566037735849,13.20754716981133,11,,6,84.90566037735849,13.20754716981133
low-res-spect__NumericFeature[f29;-2std],59,41.509433962264154,64.15094339622641,21.698113207547166,87.73584905660378,45.28301886792453,18,,5,42.45283018867924,0.0,0,f25,3,41.509433962264154,-0.9433962264150941,57,,1,84.90566037735849,42.45283018867924
low-res-spect__NumericFeature[f29;-1std],59,28.301886792452834,72.64150943396226,5.660377358490565,87.73584905660378,20.75471698113208,18,,5,66.98113207547169,0.0,55,f8,5,79.24528301886792,12.264150943396235,57,,1,84.90566037735849,17.9245283018868
lowbwt__NumericFeature[LOW;-2std],7,33.33333333333333,81.08108108108108,21.62162162162162,54.054054054054056,-5.405405405405405,3,,1,62.16216216216216,2.7027027027026973,0,LOW,0,83.78378378378379,24.32432432432432,3,,1,62.16216216216216,2.7027027027026973
lowbwt__NumericFeature[LOW;+2std],7,27.777777777777768,81.08108108108108,32.432432432432435,48.64864864864865,0.0,0,LOW,0,83.78378378378379,35.13513513513513,0,LOW,0,83.78378378378379,35.13513513513513,0,LOW,0,83.78378378378379,35.13513513513513
mammographic__NumericFeature[f5;+1std],17,23.958333333333336,82.8125,25.520833333333336,82.29166666666666,25.0,6,f5,0,81.77083333333334,24.479166666666675,2,f4,2,57.291666666666664,0.0,6,f5,0,81.77083333333334,24.479166666666675
mammographic__NumericFeature[f5;+2std],17,25.0,82.8125,26.041666666666664,84.375,27.604166666666664,6,f5,0,81.77083333333334,25.0,2,f4,2,56.770833333333336,0.0,6,f5,0,81.77083333333334,25.0
mammographic__NumericFeature[f4;-2std],17,20.833333333333336,82.8125,14.583333333333337,82.29166666666666,14.0625,4,f2,1,68.22916666666666,0.0,5,,1,82.8125,14.583333333333337,2,f4,0,81.77083333333334,13.541666666666675
"meta__CategoricalFeature[Alg_Name_Cascade=True;p=0,3]",19,13.461538461538458,83.80952380952381,8.571428571428575,90.47619047619048,15.238095238095239,13,,1,66.66666666666666,-8.571428571428575,13,,15,66.66666666666666,-8.571428571428575,13,,3,66.66666666666666,-8.571428571428575
"meta__CategoricalFeature[Alg_Name_Cascade=True;p=0,5]",19,15.384615384615385,83.80952380952381,16.19047619047619,88.57142857142857,20.952380952380945,13,,1,57.14285714285714,-10.476190476190483,13,,15,57.14285714285714,-10.476190476190483,13,,2,57.14285714285714,-10.476190476190483
"meta__CategoricalFeature[Alg_Name_Cascade=True;p=0,7]",19,21.153846153846157,83.80952380952381,21.904761904761905,88.57142857142857,26.66666666666666,13,,1,48.57142857142857,-13.333333333333336,13,,15,48.57142857142857,-13.333333333333336,13,,1,48.57142857142857,-13.333333333333336
"meta__CategoricalFeature[Alg_Name_Cascade=True;p=0,9]",19,25.0,83.80952380952381,27.61904761904762,88.57142857142857,32.38095238095238,13,,1,40.0,-16.19047619047619,13,,14,40.0,-16.19047619047619,13,,1,40.0,-16.19047619047619
mfeat-morphological__NumericFeature[att6;-2std],17,21.999999999999996,98.25,18.000000000000004,100.0,19.75,7,att1,1,79.25,-1.0000000000000009,3,,13,34.25,-46.0,7,att1,3,79.25,-1.0000000000000009
molec-biol-splice__NumericFeature[f28;+0.5std],57,13.793103448275868,85.8934169278997,7.523510971786839,92.00626959247649,13.636363636363635,27,,2,90.59561128526646,12.225705329153602,27,,1,90.59561128526646,12.225705329153602,27,,1,90.59561128526646,12.225705329153602
molec-biol-splice__NumericFeature[f28;+1std],57,13.793103448275868,85.8934169278997,7.523510971786839,92.00626959247649,13.636363636363635,27,,2,90.59561128526646,12.225705329153602,27,,1,90.59561128526646,12.225705329153602,27,,1,90.59561128526646,12.225705329153602
molec-biol-splice__NumericFeature[f32;-2std],57,15.36050156739812,85.8934169278997,10.815047021943581,73.04075235109718,-2.037617554858928,22,f30,14,75.07836990595611,0.0,23,f21,55,74.92163009404389,-0.15673981191222097,51,,20,78.0564263322884,2.9780564263322873
molec-biol-splice__NumericFeature[f32;-1std],57,15.36050156739812,85.8934169278997,10.815047021943581,86.67711598746082,11.598746081504707,22,f30,14,75.07836990595611,0.0,23,f21,55,74.92163009404389,-0.15673981191222097,51,,20,78.0564263322884,2.9780564263322873
molec-biol-splice__NumericFeature[f32;-0.5std],57,15.36050156739812,85.8934169278997,10.815047021943581,92.78996865203762,17.711598746081503,22,f30,14,75.07836990595611,0.0,23,f21,55,74.92163009404389,-0.15673981191222097,51,,20,78.0564263322884,2.9780564263322873
molec-biol-splice__NumericFeature[f35;+0.5std],57,10.344827586206895,85.8934169278997,7.053291536050166,90.9090909090909,12.06896551724138,51,,3,78.84012539184953,0.0,7,f35,0,78.68338557993731,-0.15673981191222097,51,,1,78.84012539184953,0.0
molec-biol-splice__NumericFeature[f35;+1std],57,10.344827586206895,85.8934169278997,7.053291536050166,89.18495297805643,10.344827586206906,51,,3,78.84012539184953,0.0,7,f35,0,78.68338557993731,-0.15673981191222097,51,,1,78.84012539184953,0.0
molec-biol-splice__NumericFeature[f35;+2std],57,10.971786833855802,85.8934169278997,7.836990595611293,87.61755485893417,9.561128526645767,51,,3,78.0564263322884,0.0,7,f35,0,78.68338557993731,0.6269592476489061,12,f35,0,91.53605015673982,13.479623824451414
molec-biol-splice__NumericFeature[f30;-2std],57,25.705329153605017,85.8934169278997,17.24137931034483,86.83385579937304,18.181818181818176,40,f30,0,73.51097178683386,4.858934169278994,3,f30,0,82.13166144200626,13.479623824451403,3,f30,0,82.13166144200626,13.479623824451403
molec-biol-splice__NumericFeature[f30;-1std],57,27.27272727272727,85.8934169278997,17.868338557993734,92.6332288401254,24.608150470219435,40,f30,0,72.72727272727273,4.702194357366773,3,f30,0,82.13166144200626,14.10658307210031,3,f30,0,82.13166144200626,14.10658307210031
molec-biol-splice__NumericFeature[f30;+1std],57,21.630094043887148,85.8934169278997,13.793103448275868,92.31974921630093,20.219435736677116,37,,4,72.88401253918495,0.7836990595611271,10,f30,0,86.20689655172413,14.10658307210031,10,f30,0,86.20689655172413,14.10658307210031
molec-biol-splice__NumericFeature[f30;+2std],57,21.630094043887148,85.8934169278997,14.106583072100321,89.96865203761756,18.181818181818187,9,,2,71.78683385579937,0.0,3,f30,0,72.88401253918495,1.0971786833855801,10,f30,0,85.42319749216301,13.636363636363635
molec-biol-splice__NumericFeature[f31;-2std],57,16.300940438871482,85.8934169278997,11.128526645768034,83.69905956112854,8.934169278996873,51,,2,74.76489028213166,0.0,2,f31,0,91.69278996865204,16.927899686520377,2,f31,0,91.69278996865204,16.927899686520377
molec-biol-splice__NumericFeature[f31;-1std],57,18.181818181818187,85.8934169278997,12.852664576802509,88.40125391849529,15.36050156739811,51,,5,73.04075235109718,0.0,2,f31,0,91.69278996865204,18.65203761755485,51,,2,73.04075235109718,0.0
molec-biol-splice__NumericFeature[f31;+1std],57,18.49529780564263,85.8934169278997,15.2037617554859,83.69905956112854,13.00940438871474,51,,3,70.6896551724138,0.0,8,f29,1,70.6896551724138,0.0,6,f31,0,90.12539184952978,19.43573667711599
molec-biol-splice__NumericFeature[f31;+2std],57,19.749216300940443,85.8934169278997,17.084639498432608,88.87147335423198,20.062695924764895,51,,6,68.80877742946709,0.0,2,f31,0,72.72727272727273,3.9184952978056464,6,f31,0,87.14733542319749,18.338557993730408
molec-biol-splice__NumericFeature[f29;+0.5std],57,23.197492163009404,85.8934169278997,14.106583072100321,92.78996865203762,21.003134796238243,9,,6,71.78683385579937,0.0,11,f29,0,72.5705329153605,0.7836990595611271,9,,4,71.78683385579937,0.0
molec-biol-splice__NumericFeature[f29;+1std],57,23.197492163009404,85.8934169278997,14.106583072100321,86.99059561128527,15.2037617554859,9,,6,71.78683385579937,0.0,11,f29,0,72.5705329153605,0.7836990595611271,9,,4,71.78683385579937,0.0
molec-biol-splice__NumericFeature[f29;+2std],57,23.197492163009404,85.8934169278997,14.106583072100321,87.14733542319749,15.36050156739812,10,f30,4,71.78683385579937,0.0,11,f29,0,72.5705329153605,0.7836990595611271,10,f30,2,71.78683385579937,0.0
monks-1__NumericFeature[f5;-2std],51,30.909090909090907,67.56756756756756,19.819819819819816,73.87387387387388,26.126126126126124,9,,3,42.34234234234234,-5.405405405405405,1,,1,47.74774774774775,0.0,9,,4,42.34234234234234,-5.405405405405405
monks-1__NumericFeature[f5;-1std],51,25.454545454545453,67.56756756756756,-13.51351351351352,73.87387387387388,-7.207207207207212,20,,2,84.68468468468468,3.6036036036036,4,f2,1,81.08108108108108,0.0,20,,3,84.68468468468468,3.6036036036036
monks-1__NumericFeature[f5;-0.5std],51,23.636363636363633,67.56756756756756,-16.216216216216218,74.77477477477478,-9.009009009009006,20,,2,83.78378378378379,0.0,4,f2,1,83.78378378378379,0.0,20,,3,83.78378378378379,0.0
monks-1__NumericFeature[f5;+0.5std],51,16.36363636363636,67.56756756756756,-12.612612612612617,75.67567567567568,-4.504504504504503,19,,12,86.48648648648648,6.3063063063063085,17,f5,0,80.18018018018019,0.0,19,,12,86.48648648648648,6.3063063063063085
monks-1__NumericFeature[f5;+1std],51,12.72727272727272,67.56756756756756,-18.918918918918926,85.58558558558559,-0.9009009009009028,19,,11,86.48648648648648,0.0,17,f5,0,86.48648648648648,0.0,19,,11,86.48648648648648,0.0
monks-1__NumericFeature[f5;+2std],51,16.36363636363636,67.56756756756756,-19.819819819819816,76.57657657657657,-10.81081081081081,41,,2,87.38738738738738,0.0,4,f2,1,87.38738738738738,0.0,41,,4,87.38738738738738,0.0
monks-1__NumericFeature[f1;-2std],51,23.636363636363633,67.56756756756756,-1.8018018018018056,67.56756756756756,-1.8018018018018056,34,f1,0,69.36936936936937,0.0,23,f1,0,83.78378378378379,14.414414414414411,34,f1,0,69.36936936936937,0.0
monks-1__NumericFeature[f1;-1std],51,30.909090909090907,67.56756756756756,-2.7027027027027084,68.46846846846847,-1.8018018018018056,16,,2,70.27027027027027,0.0,2,f1,0,74.77477477477478,4.504504504504503,28,,3,67.56756756756756,-2.7027027027027084
monks-1__NumericFeature[f1;-0.5std],51,34.54545454545455,67.56756756756756,-13.51351351351352,78.37837837837837,-2.7027027027027084,22,,4,94.5945945945946,13.513513513513509,2,f1,0,88.28828828828829,7.2072072072072,22,,4,94.5945945945946,13.513513513513509
monks-1__NumericFeature[f1;+0.5std],51,36.36363636363637,67.56756756756756,-5.405405405405405,78.37837837837837,5.405405405405405,16,,6,74.77477477477478,1.8018018018018056,11,f1,0,72.97297297297297,0.0,28,,6,64.86486486486487,-8.108108108108103
monks-1__NumericFeature[f1;+1std],51,40.0,67.56756756756756,14.414414414414411,77.47747747747748,24.32432432432432,14,,5,63.06306306306306,9.909909909909908,2,f1,0,62.16216216216216,9.009009009009006,28,,5,53.153153153153156,0.0
monks-1__NumericFeature[f1;+2std],51,36.36363636363637,67.56756756756756,12.612612612612606,63.06306306306306,8.108108108108103,14,,3,59.45945945945946,4.504504504504503,2,f1,0,64.86486486486487,9.909909909909908,14,,3,59.45945945945946,4.504504504504503
monks-1__NumericFeature[f2;-2std],51,32.72727272727273,67.56756756756756,0.9009009009009028,76.57657657657657,9.909909909909908,34,f1,6,66.66666666666666,0.0,3,f2,0,81.98198198198197,15.315315315315313,25,,2,72.07207207207207,5.405405405405405
monks-1__NumericFeature[f2;-1std],51,27.27272727272727,67.56756756756756,-0.9009009009009028,70.27027027027027,1.8018018018018056,28,,11,63.96396396396396,-4.504504504504503,11,f1,1,68.46846846846847,0.0,28,,8,63.96396396396396,-4.504504504504503
monks-1__NumericFeature[f2;+1std],51,30.909090909090907,67.56756756756756,-2.7027027027027084,73.87387387387388,3.6036036036036,32,,10,66.66666666666666,-3.603603603603611,2,f1,2,70.27027027027027,0.0,27,,5,77.47747747747748,7.2072072072072
monks-1__NumericFeature[f2;+2std],51,34.54545454545455,67.56756756756756,-4.504504504504503,75.67567567567568,3.603603603603611,32,,6,68.46846846846847,-3.6036036036036,2,f1,1,72.07207207207207,0.0,32,,3,68.46846846846847,-3.6036036036036
monks-3__NumericFeature[f5;-2std],27,18.181818181818176,93.63636363636364,17.272727272727273,87.27272727272727,10.909090909090901,9,f2,2,74.54545454545455,-1.8181818181818188,14,f5,0,76.36363636363637,0.0,20,f1,2,76.36363636363637,0.0
monks-3__NumericFeature[f5;-1std],27,16.36363636363636,91.81818181818183,16.36363636363637,73.63636363636363,-1.8181818181818188,6,,5,80.0,4.545454545454552,6,,1,80.0,4.545454545454552,6,,5,80.0,4.545454545454552
monks-3__NumericFeature[f5;-0.5std],27,19.999999999999996,91.81818181818183,18.181818181818187,94.54545454545455,20.90909090909091,15,,7,72.72727272727273,-0.9090909090909038,15,,1,72.72727272727273,-0.9090909090909038,15,,7,72.72727272727273,-0.9090909090909038
monks-3__NumericFeature[f5;+1std],27,36.36363636363637,91.81818181818183,12.727272727272732,90.9090909090909,11.818181818181817,6,,8,79.0909090909091,0.0,15,,1,78.18181818181819,-0.9090909090909038,15,,8,78.18181818181819,-0.9090909090909038
monks-3__NumericFeature[f5;+2std],27,43.63636363636364,91.81818181818183,30.000000000000004,90.0,28.181818181818187,6,,2,62.727272727272734,0.909090909090915,14,f5,0,61.81818181818181,0.0,6,,1,62.727272727272734,0.909090909090915
monks-3__NumericFeature[f2;-2std],27,29.09090909090909,90.9090909090909,11.818181818181817,76.36363636363637,-2.7272727272727226,21,,1,79.0909090909091,0.0,1,f2,0,94.54545454545455,15.454545454545453,21,,1,79.0909090909091,0.0
monks-3__NumericFeature[f2;-1std],27,29.09090909090909,90.9090909090909,9.999999999999998,84.54545454545455,3.6363636363636376,21,,5,80.9090909090909,0.0,1,f2,0,94.54545454545455,13.636363636363635,21,,5,80.9090909090909,0.0
monks-3__NumericFeature[f2;-0.5std],27,29.09090909090909,91.81818181818183,10.909090909090914,98.18181818181819,17.272727272727273,21,,5,80.9090909090909,0.0,1,f2,0,94.54545454545455,13.636363636363635,21,,6,80.9090909090909,0.0
monks-3__NumericFeature[f2;+1std],27,27.27272727272727,74.54545454545455,-1.8181818181818188,78.18181818181819,1.8181818181818188,27,,3,76.36363636363637,0.0,3,f5,5,76.36363636363637,0.0,27,,3,76.36363636363637,0.0
monks-3__NumericFeature[f2;+2std],27,41.81818181818182,74.54545454545455,20.000000000000007,53.63636363636364,-0.9090909090909038,27,,1,54.54545454545454,0.0,1,f2,0,96.36363636363636,41.81818181818182,27,,1,54.54545454545454,0.0
oocytes_merluccius_states_2f__NumericFeature[f19;+0.5std],21,12.745098039215685,81.37254901960785,11.274509803921573,85.29411764705883,15.19607843137255,3,f9,1,70.09803921568627,0.0,1,f11,1,69.11764705882352,-0.9803921568627416,3,f9,1,70.09803921568627,0.0
oocytes_merluccius_states_2f__NumericFeature[f19;+1std],21,12.745098039215685,81.37254901960785,11.274509803921573,85.29411764705883,15.19607843137255,3,f9,1,70.09803921568627,0.0,1,f11,1,69.11764705882352,-0.9803921568627416,3,f9,1,70.09803921568627,0.0
oocytes_merluccius_states_2f__NumericFeature[f19;+2std],21,12.745098039215685,81.37254901960785,11.274509803921573,85.29411764705883,15.19607843137255,3,f9,1,70.09803921568627,0.0,1,f11,1,69.11764705882352,-0.9803921568627416,3,f9,1,70.09803921568627,0.0
oocytes_merluccius_states_2f__NumericFeature[f7;+1std],21,13.725490196078438,81.37254901960785,8.333333333333337,88.23529411764706,15.19607843137255,19,,1,86.27450980392157,13.235294117647067,19,,17,86.27450980392157,13.235294117647067,19,,1,86.27450980392157,13.235294117647067
oocytes_merluccius_states_2f__NumericFeature[f7;+2std],21,29.41176470588236,81.37254901960785,22.058823529411764,88.23529411764706,28.921568627450977,16,f7,0,85.29411764705883,25.98039215686274,19,,1,86.27450980392157,26.960784313725494,16,f7,0,85.29411764705883,25.98039215686274
oocytes_trisopterus_states_5b__NumericFeature[f27;+0.5std],17,20.879120879120883,76.92307692307693,13.186813186813195,89.56043956043956,25.824175824175832,16,,1,60.43956043956044,-3.296703296703296,12,,1,87.91208791208791,24.17582417582418,16,,1,60.43956043956044,-3.296703296703296
oocytes_trisopterus_states_5b__NumericFeature[f27;+1std],17,37.362637362637365,76.92307692307693,26.923076923076927,89.56043956043956,39.56043956043956,6,f27,0,88.46153846153845,38.46153846153846,12,,1,87.91208791208791,37.91208791208791,6,f27,0,88.46153846153845,38.46153846153846
oocytes_trisopterus_states_5b__NumericFeature[f27;+2std],17,40.65934065934066,76.92307692307693,26.37362637362638,89.56043956043956,39.010989010989015,6,f27,0,83.51648351648352,32.96703296703297,6,f27,0,83.51648351648352,32.96703296703297,6,f27,0,83.51648351648352,32.96703296703297
oocytes_trisopterus_states_5b__NumericFeature[f9;-2std],17,42.85714285714286,77.47252747252747,29.67032967032967,85.16483516483517,37.36263736263736,6,f27,1,47.8021978021978,0.0,1,f14,2,47.8021978021978,0.0,4,f9,0,84.06593406593407,36.26373626373626
oocytes_trisopterus_states_5b__NumericFeature[f9;-1std],17,38.46153846153847,76.92307692307693,24.17582417582418,85.16483516483517,32.417582417582416,8,,1,82.96703296703298,30.219780219780223,8,,3,82.96703296703298,30.219780219780223,8,,1,82.96703296703298,30.219780219780223
oocytes_trisopterus_states_5b__NumericFeature[f9;-0.5std],17,15.384615384615385,76.92307692307693,-1.6483516483516425,86.26373626373626,7.692307692307699,16,,5,75.82417582417582,-2.7472527472527486,8,,2,86.26373626373626,7.692307692307699,8,,5,86.26373626373626,7.692307692307699
oocytes_trisopterus_states_5b__NumericFeature[f30;+1std],17,24.17582417582418,76.92307692307693,12.637362637362637,89.56043956043956,25.274725274725274,16,,2,62.637362637362635,-1.6483516483516536,2,,1,64.28571428571429,0.0,16,,1,62.637362637362635,-1.6483516483516536
oocytes_trisopterus_states_5b__NumericFeature[f30;+2std],17,47.252747252747255,76.92307692307693,34.06593406593407,89.56043956043956,46.70329670329671,8,,3,48.35164835164835,5.494505494505497,0,f30,0,83.51648351648352,40.659340659340664,0,f30,0,83.51648351648352,40.659340659340664
oocytes_trisopterus_states_5b__NumericFeature[f14;-2std],17,24.17582417582418,76.37362637362637,7.692307692307687,88.46153846153845,19.780219780219777,1,f14,0,90.10989010989012,21.42857142857143,3,f9,2,68.68131868131869,0.0,1,f14,0,90.10989010989012,21.42857142857143
oocytes_trisopterus_states_5b__NumericFeature[f14;-1std],17,20.879120879120883,76.92307692307693,4.94505494505495,89.01098901098901,17.03296703296703,1,f14,0,90.10989010989012,18.131868131868135,3,f9,3,71.97802197802197,0.0,13,,1,81.86813186813187,9.890109890109889
oocytes_trisopterus_states_5b__NumericFeature[f14;-0.5std],17,17.582417582417587,76.92307692307693,1.6483516483516536,89.56043956043956,14.28571428571429,8,,2,75.27472527472527,0.0,13,,4,84.61538461538461,9.340659340659341,8,,2,75.27472527472527,0.0
parkinsons__NumericFeature[f22;-2std],3,21.052631578947366,84.61538461538461,41.02564102564102,87.17948717948718,43.58974358974359,0,f22,0,87.17948717948718,43.58974358974359,1,,1,43.58974358974359,0.0,0,f22,0,87.17948717948718,43.58974358974359
parkinsons__NumericFeature[f22;+1std],3,31.578947368421055,87.17948717948718,10.256410256410254,87.17948717948718,10.256410256410254,2,,1,76.92307692307693,0.0,0,f22,0,76.92307692307693,0.0,2,,1,76.92307692307693,0.0
parkinsons__NumericFeature[f22;+2std],3,31.578947368421055,87.17948717948718,10.256410256410254,87.17948717948718,10.256410256410254,2,,1,76.92307692307693,0.0,0,f22,0,76.92307692307693,0.0,2,,1,76.92307692307693,0.0
pittsburg-bridges-MATERIAL__NumericFeature[f3;-2std],5,60.0,76.19047619047619,42.857142857142854,47.61904761904761,14.285714285714285,1,,1,80.95238095238095,47.61904761904762,1,,1,80.95238095238095,47.61904761904762,1,,1,80.95238095238095,47.61904761904762
pittsburg-bridges-MATERIAL__NumericFeature[f4;-2std],5,70.0,76.19047619047619,19.047619047619047,76.19047619047619,19.047619047619047,3,,1,90.47619047619048,33.333333333333336,0,f3,1,57.14285714285714,0.0,3,,1,90.47619047619048,33.333333333333336
pittsburg-bridges-MATERIAL__NumericFeature[f4;-1std],5,40.0,76.19047619047619,19.047619047619047,71.42857142857143,14.28571428571429,3,,2,90.47619047619048,33.333333333333336,3,,2,90.47619047619048,33.333333333333336,3,,1,90.47619047619048,33.333333333333336
prnn_synth__NumericFeature[xs;-2std],13,24.0,82.0,19.999999999999996,84.0,21.999999999999996,14,xs,0,62.0,0.0,3,,1,86.0,24.0,3,,1,86.0,24.0
prnn_synth__NumericFeature[xs;-1std],13,20.000000000000007,80.0,14.000000000000002,84.0,17.999999999999993,3,,1,86.0,19.999999999999996,3,,1,86.0,19.999999999999996,3,,1,86.0,19.999999999999996
prnn_synth__NumericFeature[ys;-2std],13,32.00000000000001,84.0,34.0,66.0,16.000000000000004,9,,2,52.0,2.0000000000000018,0,ys,0,76.0,26.0,15,,2,48.0,-2.0000000000000018
rabe_131__NumericFeature[col_1;-2std],3,80.0,60.0,19.999999999999996,40.0,0.0,1,,1,60.0,19.999999999999996,0,col_1,0,80.0,40.0,1,,1,60.0,19.999999999999996
rabe_131__NumericFeature[col_1;-1std],3,19.999999999999996,60.0,-9.999999999999998,70.0,0.0,1,,1,60.0,-9.999999999999998,1,,1,60.0,-9.999999999999998,1,,1,60.0,-9.999999999999998
rabe_131__NumericFeature[col_1;-0.5std],3,19.999999999999996,60.0,-9.999999999999998,70.0,0.0,1,,1,60.0,-9.999999999999998,1,,1,60.0,-9.999999999999998,1,,1,60.0,-9.999999999999998
rabe_131__NumericFeature[col_1;+1std],3,19.999999999999996,60.0,-20.000000000000007,80.0,0.0,0,col_1,0,70.0,-10.000000000000009,1,,1,60.0,-20.000000000000007,0,col_1,0,70.0,-10.000000000000009
rabe_131__NumericFeature[col_1;+2std],3,19.999999999999996,60.0,0.0,50.0,-9.999999999999998,0,col_1,0,70.0,9.999999999999998,1,,1,60.0,0.0,0,col_1,0,70.0,9.999999999999998
schlvote__NumericFeature[budget;-2std],3,33.33333333333333,85.71428571428571,57.14285714285714,14.285714285714285,-14.285714285714285,1,,2,85.71428571428571,57.14285714285714,0,budget,0,28.57142857142857,0.0,1,,2,85.71428571428571,57.14285714285714
seeds__NumericFeature[f7;-1std],15,19.047619047619047,80.95238095238095,19.047619047619047,78.57142857142857,16.666666666666664,10,,1,64.28571428571429,2.3809523809523836,5,f5,1,64.28571428571429,2.3809523809523836,10,,1,64.28571428571429,2.3809523809523836
seeds__NumericFeature[f7;+2std],15,19.047619047619047,78.57142857142857,14.28571428571428,83.33333333333334,19.047619047619047,3,f6,3,64.28571428571429,0.0,2,f7,0,83.33333333333334,19.047619047619047,3,f6,3,64.28571428571429,0.0
seeds__NumericFeature[f5;-2std],15,19.047619047619047,80.95238095238095,40.476190476190474,88.09523809523809,47.61904761904761,3,f6,1,40.476190476190474,0.0,1,,1,40.476190476190474,0.0,3,f6,1,40.476190476190474,0.0
seeds__NumericFeature[f5;+1std],15,33.33333333333333,80.95238095238095,30.952380952380953,90.47619047619048,40.476190476190474,7,,3,64.28571428571429,14.28571428571429,7,,1,64.28571428571429,14.28571428571429,7,,2,64.28571428571429,14.28571428571429
seeds__NumericFeature[f5;+2std],15,52.38095238095237,80.95238095238095,42.85714285714286,85.71428571428571,47.61904761904761,9,,2,47.61904761904761,9.523809523809524,5,f5,0,52.38095238095239,14.28571428571429,9,,1,47.61904761904761,9.523809523809524
socmob__NumericFeature[counts_for_sons_first_occupation;-2std],37,12.173913043478258,76.19047619047619,-3.463203463203468,24.675324675324674,-54.97835497835498,4,counts_for_sons_first_occupation,0,79.65367965367966,0.0,6,sons_occupation_Salesman-Nonretail,1,80.51948051948052,0.8658008658008698,4,counts_for_sons_first_occupation,0,79.65367965367966,0.0
socmob__NumericFeature[counts_for_sons_first_occupation;+0.5std],37,53.91304347826087,76.19047619047619,38.96103896103896,87.87878787878788,50.64935064935065,9,sons_occupation_Manager,11,37.22943722943723,0.0,23,,1,38.52813852813853,1.2987012987012991,0,counts_for_sons_first_occupation,0,68.83116883116884,31.601731601731604
socmob__NumericFeature[counts_for_sons_first_occupation;+1std],37,55.65217391304348,76.19047619047619,47.18614718614718,87.87878787878788,58.87445887445888,9,sons_occupation_Manager,11,29.004329004329005,0.0,3,counts_for_sons_first_occupation,0,29.004329004329005,0.0,0,counts_for_sons_first_occupation,0,68.3982683982684,39.3939393939394
socmob__NumericFeature[counts_for_sons_first_occupation;+2std],37,55.65217391304348,76.19047619047619,47.18614718614718,70.995670995671,41.991341991342,9,sons_occupation_Manager,11,29.004329004329005,0.0,3,counts_for_sons_first_occupation,0,38.095238095238095,9.090909090909088,0,counts_for_sons_first_occupation,0,66.66666666666666,37.662337662337656
soybean__NumericFeature[f28;+1std],59,23.52941176470588,52.20588235294118,-13.970588235294112,84.55882352941177,18.38235294117647,17,,7,64.70588235294117,-1.4705882352941124,0,f13,1,66.17647058823529,0.0,21,,3,69.11764705882352,2.941176470588236
soybean__NumericFeature[f28;+2std],59,23.52941176470588,52.20588235294118,-7.352941176470584,83.08823529411765,23.529411764705888,17,,7,60.29411764705882,0.7352941176470562,0,f13,1,59.55882352941176,0.0,21,,3,63.23529411764706,3.676470588235292
soybean__NumericFeature[f35;+1std],59,27.941176470588236,52.20588235294118,-10.29411764705882,87.5,25.0,52,,5,65.44117647058823,2.941176470588236,0,f13,1,62.5,0.0,52,,1,65.44117647058823,2.941176470588236
soybean__NumericFeature[f35;+2std],59,27.941176470588236,52.20588235294118,5.147058823529416,87.5,40.44117647058824,52,,5,51.470588235294116,4.411764705882348,0,f13,1,47.05882352941176,0.0,52,,1,51.470588235294116,4.411764705882348
soybean__NumericFeature[f13;-2std],59,29.411764705882355,52.20588235294118,5.882352941176472,85.29411764705883,38.970588235294116,41,f29,15,46.32352941176471,0.0,15,f28,3,46.32352941176471,0.0,0,f13,0,77.20588235294117,30.88235294117647
soybean__NumericFeature[f13;-1std],59,11.764705882352944,52.20588235294118,-11.764705882352933,90.44117647058823,26.470588235294123,22,,17,61.029411764705884,-2.941176470588225,15,f28,5,63.970588235294116,0.0,22,,11,61.029411764705884,-2.941176470588225
soybean__NumericFeature[f13;-0.5std],59,11.764705882352944,52.20588235294118,-11.764705882352933,85.29411764705883,21.323529411764707,22,,17,61.029411764705884,-2.941176470588225,15,f28,5,63.970588235294116,0.0,22,,11,61.029411764705884,-2.941176470588225
soybean__NumericFeature[f13;+0.5std],59,22.058823529411764,52.20588235294118,-3.676470588235292,85.29411764705883,29.411764705882348,54,,15,55.14705882352941,-0.7352941176470562,3,f8,2,55.88235294117647,0.0,49,,6,56.61764705882353,0.7352941176470562
soybean__NumericFeature[f13;+1std],59,22.058823529411764,52.20588235294118,-3.676470588235292,90.44117647058823,34.55882352941176,54,,15,55.14705882352941,-0.7352941176470562,3,f8,2,55.88235294117647,0.0,49,,6,56.61764705882353,0.7352941176470562
soybean__NumericFeature[f13;+2std],59,39.705882352941174,52.20588235294118,16.176470588235297,90.44117647058823,54.41176470588236,54,,18,35.294117647058826,-0.7352941176470562,3,f8,1,36.029411764705884,0.0,0,f13,0,77.20588235294117,41.1764705882353
soybean__NumericFeature[f26;+1std],59,14.70588235294118,52.20588235294118,-14.705882352941169,83.82352941176471,16.91176470588236,9,,8,65.44117647058823,-1.4705882352941124,9,,7,65.44117647058823,-1.4705882352941124,9,,5,65.44117647058823,-1.4705882352941124
soybean__NumericFeature[f26;+2std],59,27.941176470588236,52.20588235294118,0.7352941176470673,87.5,36.029411764705884,9,,3,51.470588235294116,0.0,0,f13,2,51.470588235294116,0.0,9,,1,51.470588235294116,0.0
soybean__NumericFeature[f24;+1std],59,10.29411764705882,52.20588235294118,-13.235294117647056,85.29411764705883,19.852941176470583,35,f1,5,64.70588235294117,-0.7352941176470562,2,f24,0,77.20588235294117,11.764705882352944,47,,1,65.44117647058823,0.0
soybean__NumericFeature[f24;+2std],59,13.235294117647056,52.20588235294118,-3.676470588235292,81.61764705882352,25.735294117647058,41,f29,6,55.88235294117647,0.0,47,,1,55.88235294117647,0.0,2,f24,0,77.20588235294117,21.323529411764707
soybean__NumericFeature[f22;-2std],59,10.29411764705882,52.20588235294118,-7.352941176470584,75.73529411764706,16.176470588235293,52,,2,60.29411764705882,0.7352941176470562,3,f8,7,59.55882352941176,0.0,52,,2,60.29411764705882,0.7352941176470562
soybean__NumericFeature[f18;+2std],59,19.11764705882353,52.20588235294118,-5.147058823529404,87.5,30.147058823529417,24,,3,66.17647058823529,8.823529411764708,3,f8,2,57.35294117647059,0.0,24,,1,66.17647058823529,8.823529411764708
soybean__NumericFeature[f14;+1std],59,14.70588235294118,52.20588235294118,-11.764705882352933,86.02941176470588,22.058823529411775,52,,5,64.70588235294117,0.7352941176470673,3,f8,2,63.970588235294116,0.0,49,,1,67.64705882352942,3.6764705882353033
soybean__NumericFeature[f14;+2std],59,20.588235294117652,52.20588235294118,-8.088235294117641,86.02941176470588,25.73529411764707,52,,3,61.029411764705884,0.7352941176470673,3,f8,3,60.29411764705882,0.0,49,,1,63.970588235294116,3.676470588235292
spect__NumericFeature[f22;+1std],3,34.61538461538462,69.81132075471697,20.75471698113207,77.35849056603774,28.301886792452834,0,f22,0,77.35849056603774,28.301886792452834,0,f22,0,77.35849056603774,28.301886792452834,0,f22,0,77.35849056603774,28.301886792452834
spect__NumericFeature[f22;+2std],3,38.46153846153847,69.81132075471697,45.283018867924525,69.81132075471697,45.283018867924525,0,f22,0,77.35849056603774,52.830188679245296,0,f22,0,77.35849056603774,52.830188679245296,0,f22,0,77.35849056603774,52.830188679245296
squash-unstored__NumericFeature[flavour;+1std],5,19.999999999999996,80.0,10.000000000000009,70.0,0.0,4,,3,80.0,10.000000000000009,4,,1,80.0,10.000000000000009,4,,1,80.0,10.000000000000009
squash-unstored__NumericFeature[flavour;+2std],5,60.0,80.0,20.000000000000007,70.0,9.999999999999998,4,,1,80.0,20.000000000000007,2,flavour,0,80.0,20.000000000000007,4,,1,80.0,20.000000000000007
squash-unstored__NumericFeature[sweetness;-2std],5,60.0,80.0,30.000000000000004,50.0,0.0,2,flavour,1,50.0,0.0,0,sweetness,0,60.0,9.999999999999998,0,sweetness,0,60.0,9.999999999999998
squash-unstored__NumericFeature[sweetness;-1std],5,40.0,80.0,20.000000000000007,60.0,0.0,1,,2,60.0,0.0,1,,1,60.0,0.0,1,,1,60.0,0.0
squash-unstored__NumericFeature[sweetness;+2std],5,40.0,80.0,30.000000000000004,40.0,-9.999999999999998,4,,1,40.0,-9.999999999999998,4,,1,40.0,-9.999999999999998,4,,1,40.0,-9.999999999999998
statlog-image__NumericFeature[f15;+2std],57,12.987012987012992,89.39393939393939,10.389610389610393,95.02164502164501,16.01731601731602,42,f9,2,79.004329004329,0.0,41,f15,0,92.42424242424242,13.41991341991342,41,f15,0,92.42424242424242,13.41991341991342
statlog-image__NumericFeature[f18;-2std],57,54.54545454545454,86.58008658008657,44.58874458874459,87.01298701298701,45.02164502164502,51,,3,42.2077922077922,0.21645021645021467,1,f18,0,55.62770562770562,13.636363636363635,36,f18,0,42.2077922077922,0.21645021645021467
statlog-image__NumericFeature[f18;-1std],57,40.692640692640694,89.39393939393939,37.229437229437224,89.17748917748918,37.01298701298701,42,f9,2,52.16450216450217,0.0,4,f10,1,52.16450216450217,0.0,36,f18,0,52.38095238095239,0.21645021645021467
statlog-image__NumericFeature[f18;-0.5std],57,32.467532467532465,90.04329004329004,29.00432900432901,84.4155844155844,23.376623376623375,36,f18,0,61.038961038961034,0.0,4,f10,1,61.038961038961034,0.0,36,f18,0,61.038961038961034,0.0
statlog-image__NumericFeature[f18;+0.5std],57,17.748917748917748,88.52813852813853,11.255411255411262,89.39393939393939,12.121212121212121,6,f10,1,77.27272727272727,0.0,43,f5,8,77.05627705627705,-0.21645021645021467,6,f10,1,77.27272727272727,0.0
statlog-image__NumericFeature[f18;+1std],57,20.346320346320347,87.44588744588745,11.038961038961038,89.17748917748918,12.770562770562766,6,f10,1,76.40692640692642,0.0,43,f5,4,76.19047619047619,-0.21645021645022577,6,f10,1,76.40692640692642,0.0
statlog-image__NumericFeature[f18;+2std],57,64.5021645021645,85.28138528138528,56.27705627705628,84.4155844155844,55.4112554112554,52,f9,5,29.004329004329005,0.0,1,f18,0,79.43722943722943,50.43290043290043,1,f18,0,79.43722943722943,50.43290043290043
statlog-image__NumericFeature[f9;-2std],57,16.45021645021645,89.17748917748918,13.41991341991342,95.02164502164501,19.26406926406926,52,f9,0,90.9090909090909,15.151515151515149,52,f9,0,90.9090909090909,15.151515151515149,52,f9,0,90.9090909090909,15.151515151515149
statlog-image__NumericFeature[f9;-1std],57,16.45021645021645,89.82683982683982,11.904761904761896,95.02164502164501,17.099567099567093,52,f9,0,90.9090909090909,12.98701298701298,52,f9,0,90.9090909090909,12.98701298701298,52,f9,0,90.9090909090909,12.98701298701298
statlog-image__NumericFeature[f9;+1std],57,12.121212121212121,89.39393939393939,9.956709956709952,95.02164502164501,15.584415584415579,42,f9,0,91.991341991342,12.554112554112551,42,f9,0,91.991341991342,12.554112554112551,42,f9,0,91.991341991342,12.554112554112551
statlog-image__NumericFeature[f9;+2std],57,12.121212121212121,87.87878787878788,8.441558441558438,95.02164502164501,15.584415584415579,42,f9,0,91.77489177489177,12.337662337662337,42,f9,0,91.77489177489177,12.337662337662337,42,f9,0,91.77489177489177,12.337662337662337
statlog-image__NumericFeature[f11;-2std],57,16.883116883116887,89.39393939393939,8.658008658008654,95.02164502164501,14.28571428571428,37,,21,91.34199134199135,10.606060606060607,37,,55,91.34199134199135,10.606060606060607,37,,27,91.34199134199135,10.606060606060607
statlog-image__NumericFeature[f11;+1std],57,16.883116883116887,89.39393939393939,10.606060606060607,95.02164502164501,16.233766233766232,37,,18,78.57142857142857,-0.21645021645021467,56,,54,78.78787878787878,0.0,37,,23,78.57142857142857,-0.21645021645021467
statlog-image__NumericFeature[f11;+2std],57,57.14285714285714,89.39393939393939,40.90909090909091,95.02164502164501,46.53679653679653,26,,4,48.701298701298704,0.21645021645021467,56,,1,48.484848484848484,0.0,56,,1,48.484848484848484,0.0
statlog-image__NumericFeature[f2;-2std],57,13.85281385281385,88.96103896103897,12.987012987012992,88.74458874458875,12.770562770562776,37,,4,77.48917748917748,1.5151515151515138,36,f18,11,75.97402597402598,0.0,37,,5,77.48917748917748,1.5151515151515138
statlog-image__NumericFeature[f2;-1std],57,13.85281385281385,88.96103896103897,12.987012987012992,80.08658008658008,4.112554112554112,37,,4,77.48917748917748,1.5151515151515138,36,f18,11,75.97402597402598,0.0,37,,5,77.48917748917748,1.5151515151515138
statlog-image__NumericFeature[f2;+0.5std],57,13.85281385281385,89.17748917748918,7.359307359307355,94.37229437229438,12.554112554112551,25,f7,8,81.6017316017316,-0.21645021645022577,53,,14,86.7965367965368,4.978354978354971,53,,9,86.7965367965368,4.978354978354971
statlog-image__NumericFeature[f2;+1std],57,30.303030303030308,88.31168831168831,24.458874458874458,90.25974025974025,26.406926406926413,31,f18,1,63.85281385281385,0.0,52,f9,2,61.471861471861466,-2.3809523809523836,53,,1,70.56277056277057,6.70995670995671
statlog-image__NumericFeature[f2;+2std],57,48.484848484848484,87.87878787878788,41.55844155844156,88.96103896103897,42.64069264069264,42,f9,5,46.320346320346324,0.0,52,f9,1,43.93939393939394,-2.3809523809523836,2,f2,0,88.96103896103897,42.64069264069264
statlog-image__NumericFeature[f10;+1std],57,13.41991341991342,89.39393939393939,8.441558441558438,95.23809523809523,14.28571428571428,6,f10,0,80.95238095238095,0.0,38,f18,2,81.16883116883116,0.21645021645021467,6,f10,0,80.95238095238095,0.0
statlog-image__NumericFeature[f10;+2std],57,13.41991341991342,89.39393939393939,8.441558441558438,95.23809523809523,14.28571428571428,6,f10,0,80.95238095238095,0.0,38,f18,2,81.16883116883116,0.21645021645021467,6,f10,0,80.95238095238095,0.0
synthetic-control__NumericFeature[f21;+2std],39,11.666666666666659,66.66666666666666,-10.000000000000009,91.66666666666666,14.999999999999991,34,,4,77.5,0.8333333333333304,6,f21,0,87.5,10.833333333333329,34,,4,77.5,0.8333333333333304
synthetic-control__NumericFeature[f18;+2std],39,11.666666666666659,66.66666666666666,-10.000000000000009,91.66666666666666,14.999999999999991,34,,3,77.5,0.8333333333333304,7,f18,0,87.5,10.833333333333329,14,,1,85.83333333333333,9.166666666666657
synthetic-control__NumericFeature[f25;+2std],39,14.999999999999991,66.66666666666666,-5.833333333333335,90.83333333333333,18.333333333333336,34,,1,73.33333333333333,0.8333333333333304,5,f25,0,87.5,15.000000000000002,5,f25,0,87.5,15.000000000000002
synthetic-control__NumericFeature[f54;-2std],39,28.333333333333332,66.66666666666666,1.6666666666666607,90.83333333333333,25.83333333333333,34,,5,65.83333333333333,0.8333333333333304,4,f54,0,88.33333333333333,23.33333333333333,34,,1,65.83333333333333,0.8333333333333304
synthetic-control__NumericFeature[f54;-1std],39,25.0,66.66666666666666,-5.000000000000004,90.83333333333333,19.166666666666664,34,,5,72.5,0.8333333333333304,5,f25,1,71.66666666666667,0.0,34,,3,72.5,0.8333333333333304
synthetic-control__NumericFeature[f54;+1std],39,14.999999999999991,66.66666666666666,-5.000000000000004,90.83333333333333,19.166666666666664,34,,5,72.5,0.8333333333333304,27,f54,0,71.66666666666667,0.0,34,,5,72.5,0.8333333333333304
synthetic-control__NumericFeature[f54;+2std],39,14.999999999999991,66.66666666666666,-5.000000000000004,90.83333333333333,19.166666666666664,34,,3,72.5,0.8333333333333304,27,f54,0,71.66666666666667,0.0,34,,3,72.5,0.8333333333333304
synthetic-control__NumericFeature[f55;-2std],39,44.99999999999999,66.66666666666666,15.833333333333332,87.5,36.66666666666667,24,,8,60.0,9.166666666666668,12,f19,3,51.66666666666667,0.8333333333333415,24,,1,60.0,9.166666666666668
synthetic-control__NumericFeature[f55;-1std],39,14.999999999999991,66.66666666666666,-8.333333333333337,87.5,12.5,24,,9,80.83333333333333,5.833333333333335,12,f19,35,75.83333333333333,0.8333333333333304,24,,11,80.83333333333333,5.833333333333335
synthetic-control__NumericFeature[f55;+1std],39,28.333333333333332,66.66666666666666,0.8333333333333304,87.5,21.666666666666668,23,f42,8,65.83333333333333,0.0,19,,3,64.16666666666667,-1.6666666666666607,19,,7,64.16666666666667,-1.6666666666666607
synthetic-control__NumericFeature[f55;+2std],39,35.0,66.66666666666666,4.999999999999993,87.5,25.83333333333333,23,f42,6,61.66666666666667,0.0,19,,2,61.66666666666667,0.0,19,,5,61.66666666666667,0.0
synthetic-control__NumericFeature[f4;-2std],39,11.666666666666659,66.66666666666666,-4.166666666666674,81.66666666666667,10.833333333333329,14,,13,68.33333333333333,-2.500000000000002,9,,37,70.83333333333334,0.0,14,,17,68.33333333333333,-2.500000000000002
synthetic-control__NumericFeature[f4;+1std],39,19.999999999999996,66.66666666666666,2.499999999999991,86.66666666666667,22.499999999999996,34,,9,64.16666666666667,0.0,2,f53,34,63.33333333333333,-0.8333333333333415,34,,9,64.16666666666667,0.0
synthetic-control__NumericFeature[f4;+2std],39,64.99999999999999,66.66666666666666,35.83333333333333,89.16666666666667,58.333333333333336,13,f13,5,30.833333333333336,0.0,2,f53,2,30.0,-0.8333333333333359,31,,1,27.500000000000004,-3.3333333333333326
synthetic-control__NumericFeature[f44;+2std],39,13.33333333333333,66.66666666666666,-9.166666666666668,90.83333333333333,15.000000000000002,23,f42,1,75.83333333333333,0.0,16,f44,0,87.5,11.66666666666667,16,f44,0,87.5,11.66666666666667
tic-tac-toe__NumericFeature[f5;-2std],49,21.052631578947366,71.20418848167539,-8.900523560209429,95.81151832460732,15.706806282722507,44,f2,15,80.10471204188482,0.0,3,,47,80.10471204188482,0.0,44,f2,17,80.10471204188482,0.0
tic-tac-toe__NumericFeature[f5;-1std],49,21.052631578947366,71.20418848167539,-8.900523560209429,95.28795811518324,15.18324607329843,44,f2,15,80.10471204188482,0.0,3,,47,80.10471204188482,0.0,44,f2,17,80.10471204188482,0.0
tic-tac-toe__NumericFeature[f5;+2std],49,26.315789473684216,71.20418848167539,9.947643979057585,92.14659685863874,30.890052356020938,31,f3,2,61.25654450261781,0.0,48,,33,65.96858638743456,4.712041884816753,48,,4,65.96858638743456,4.712041884816753
tic-tac-toe__NumericFeature[f7;-2std],49,10.526315789473683,71.20418848167539,-11.518324607329845,91.09947643979058,8.376963350785338,44,f2,11,82.72251308900523,0.0,24,f4,40,82.72251308900523,0.0,44,f2,12,82.72251308900523,0.0
tic-tac-toe__NumericFeature[f7;+2std],49,16.842105263157904,71.20418848167539,-2.617801047120416,86.91099476439791,13.089005235602102,31,f3,6,73.82198952879581,0.0,16,f8,41,73.82198952879581,0.0,41,,13,75.91623036649214,2.0942408376963373
tic-tac-toe__NumericFeature[f9;+2std],49,14.73684210526316,71.20418848167539,-11.518324607329845,89.00523560209425,6.282722513089012,31,f3,2,82.72251308900523,0.0,47,,2,82.19895287958116,-0.5235602094240788,31,f3,2,82.72251308900523,0.0
tic-tac-toe__NumericFeature[f3;+2std],49,14.73684210526316,71.20418848167539,-12.041884816753933,92.67015706806284,9.424083769633507,44,f2,1,83.24607329842932,0.0,36,f3,0,87.95811518324608,4.712041884816753,44,f2,1,83.24607329842932,0.0
tic-tac-toe__NumericFeature[f1;-2std],49,13.684210526315788,71.20418848167539,-9.424083769633507,86.38743455497382,5.759162303664922,31,f3,4,80.6282722513089,0.0,23,f1,0,86.38743455497382,5.759162303664922,25,,2,80.10471204188482,-0.5235602094240788
tic-tac-toe__NumericFeature[f1;+2std],49,15.789473684210531,71.20418848167539,-7.329842931937181,92.14659685863874,13.61256544502617,21,,4,69.63350785340315,-8.900523560209429,13,f1,0,86.38743455497382,7.853403141361248,21,,1,69.63350785340315,-8.900523560209429
transplant__NumericFeature[e;+0.5std],7,30.76923076923077,88.46153846153845,15.384615384615385,92.3076923076923,19.23076923076924,5,,2,65.38461538461539,-7.692307692307687,2,e,0,65.38461538461539,-7.692307692307687,5,,2,65.38461538461539,-7.692307692307687
transplant__NumericFeature[e;+1std],7,61.53846153846154,88.46153846153845,38.46153846153846,50.0,0.0,4,,2,65.38461538461539,15.384615384615385,2,e,0,50.0,0.0,4,,2,65.38461538461539,15.384615384615385
transplant__NumericFeature[e;+2std],7,84.61538461538461,92.3076923076923,65.3846153846154,76.92307692307693,50.0,4,,1,73.07692307692307,46.15384615384615,0,e,0,53.84615384615385,26.923076923076923,4,,1,73.07692307692307,46.15384615384615
vertebral-column-2clases__NumericFeature[f6;-2std],9,32.25806451612903,70.96774193548387,29.03225806451613,75.80645161290323,33.87096774193548,7,,2,37.096774193548384,-4.838709677419356,1,f5,1,38.70967741935484,-3.2258064516129057,7,,2,37.096774193548384,-4.838709677419356
vertebral-column-2clases__NumericFeature[f6;-1std],9,22.580645161290324,70.96774193548387,14.516129032258062,64.51612903225806,8.064516129032251,7,,2,51.61290322580645,-4.838709677419361,1,f5,1,53.2258064516129,-3.2258064516129115,7,,2,51.61290322580645,-4.838709677419361
wall-following__NumericFeature[f15;-2std],41,38.899082568807344,97.80018331805684,37.121906507791024,97.15857011915674,36.480293308890936,35,,4,60.67827681026581,0.0,1,,1,60.67827681026581,0.0,35,,2,60.67827681026581,0.0
wall-following__NumericFeature[f15;-1std],41,34.678899082568805,97.15857011915674,32.90559120073328,97.34188817598533,33.08890925756187,35,,5,64.25297891842347,0.0,1,,1,64.25297891842347,0.0,35,,4,64.25297891842347,0.0
wall-following__NumericFeature[f15;-0.5std],41,26.97247706422018,97.06691109074244,25.756186984417962,89.82584784601283,18.515123739688356,35,,7,71.31072410632447,0.0,1,,20,71.31072410632447,0.0,35,,7,71.31072410632447,0.0
wall-following__NumericFeature[f15;+0.5std],41,19.08256880733945,98.07516040329972,16.04032997250229,91.38405132905592,9.349220898258482,35,,10,82.03483043079743,0.0,15,f20,1,81.85151237396883,-0.18331805682859637,35,,15,82.03483043079743,0.0
wall-following__NumericFeature[f15;+1std],41,19.08256880733945,97.06691109074244,15.032080659945002,96.42529789184235,14.39046746104491,35,,10,82.03483043079743,0.0,15,f20,1,81.85151237396883,-0.18331805682859637,35,,15,82.03483043079743,0.0
wall-following__NumericFeature[f15;+2std],41,19.08256880733945,98.07516040329972,16.04032997250229,96.79193400549954,14.757103574702112,35,,10,82.03483043079743,0.0,15,f20,1,81.85151237396883,-0.18331805682859637,35,,15,82.03483043079743,0.0
wall-following__NumericFeature[f19;-2std],41,41.28440366972477,96.60861594867094,38.221814848762605,96.70027497708524,38.313473877176904,29,,2,60.03666361136572,1.6498625114573784,3,f12,1,57.65352887259395,-0.7332722273143855,2,f19,0,93.58386801099908,35.197066911090744
wall-following__NumericFeature[f19;-1std],41,36.69724770642202,96.79193400549954,34.097158570119156,97.25022914757103,34.55545371219064,29,,2,64.25297891842347,1.5582034830430747,3,f12,1,61.96150320806599,-0.7332722273143966,30,,1,76.993583868011,14.298808432630604
wall-following__NumericFeature[f19;-0.5std],41,36.146788990825684,96.70027497708524,32.53895508707608,98.99175068744272,34.83043079743355,19,,3,65.26122823098075,1.0999083409715893,3,f12,1,63.15307057745188,-1.0082493125572856,30,,2,77.4518790100825,13.29055912007333
wall-following__NumericFeature[f18;-2std],41,43.11926605504587,77.72685609532539,20.714940421631532,79.92667277726856,22.9147571035747,35,,2,57.011915673693856,0.0,14,f18,0,60.128322639780016,3.1164069660861604,17,,1,94.22548120989917,37.213565536205316
wall-following__NumericFeature[f18;-1std],41,41.467889908256886,89.27589367552704,30.5224564619615,91.4757103574702,32.722273143904665,35,,2,58.75343721356554,0.0,14,f18,0,74.88542621448214,16.13198900091659,17,,1,95.32538955087077,36.57195233730523
wall-following__NumericFeature[f18;-0.5std],41,36.88073394495412,95.69202566452796,32.99725022914757,98.62511457378552,35.93033913840513,35,,2,62.69477543538039,0.0,14,f18,0,92.942254812099,30.2474793767186,17,,1,97.89184234647112,35.19706691109074
wall-following__NumericFeature[f14;-2std],41,33.211009174311926,97.15857011915674,32.90559120073328,98.25847846012832,34.00549954170485,35,,3,64.25297891842347,0.0,11,,1,87.16773602199817,22.9147571035747,11,,2,87.16773602199817,22.9147571035747
wall-following__NumericFeature[f14;-1std],41,30.825688073394495,97.52520623281393,29.880843263061408,98.99175068744272,31.34738771769019,35,,3,67.64436296975252,0.0,11,,1,89.18423464711273,21.53987167736021,11,,3,89.18423464711273,21.53987167736021
wall-following__NumericFeature[f14;-0.5std],41,27.155963302752294,97.70852428964253,26.48945921173236,98.71677360219981,27.497708524289642,35,,3,71.21906507791017,0.0,11,,1,89.73418881759854,18.515123739688367,11,,3,89.73418881759854,18.515123739688367
wall-following__NumericFeature[f20;-2std],41,41.8348623853211,98.07516040329972,40.604949587534364,98.99175068744272,41.52153987167736,39,,3,57.37855178735105,-0.09165902841430373,6,f18,3,57.470210815765356,0.0,13,,1,88.08432630614116,30.614115490375802
wall-following__NumericFeature[f20;-1std],41,37.43119266055046,98.07516040329972,36.02199816681942,98.62511457378552,36.57195233730523,39,,3,61.96150320806599,-0.09165902841430373,6,f18,2,62.0531622364803,0.0,13,,1,92.1173235563703,30.064161319890005
wall-following__NumericFeature[f20;-0.5std],41,34.678899082568805,98.07516040329972,32.90559120073326,97.98350137488544,32.81393217231897,39,,5,65.07791017415215,-0.09165902841430373,13,,2,92.942254812099,27.772685609532534,13,,1,92.942254812099,27.772685609532534
wall-following__NumericFeature[f12;-2std],41,50.64220183486239,96.05866177818515,48.48762603116407,99.7250229147571,52.15398716773601,9,,1,56.82859761686526,9.257561869844178,2,f19,1,47.571035747021085,0.0,33,,1,72.96058661778186,25.389550870760768
wall-following__NumericFeature[f12;-1std],41,40.36697247706422,97.43354720439963,39.32172318973418,99.7250229147571,41.61319890009165,40,,3,58.111824014665444,0.0,2,f19,1,57.83684692942255,-0.2749770852429001,33,,2,75.06874427131073,16.95692025664528
wall-following__NumericFeature[f12;-0.5std],41,21.834862385321095,96.79193400549954,19.523373052245653,99.54170485792851,22.27314390467461,35,,4,77.2685609532539,0.0,5,f12,0,77.91017415215399,0.6416131989000928,35,,4,77.2685609532539,0.0
wine__NumericFeature[f10;-2std],9,17.647058823529406,57.14285714285714,-20.000000000000007,94.28571428571428,17.14285714285714,2,,1,82.85714285714286,5.714285714285716,2,,2,82.85714285714286,5.714285714285716,2,,1,82.85714285714286,5.714285714285716
wine__NumericFeature[f1;-2std],9,17.647058823529406,62.857142857142854,5.714285714285716,91.42857142857143,34.285714285714285,5,,1,68.57142857142857,11.428571428571432,4,f1,0,68.57142857142857,11.428571428571432,5,,1,68.57142857142857,11.428571428571432
wine__NumericFeature[f5;-2std],9,11.764705882352933,62.857142857142854,-5.714285714285716,91.42857142857143,22.857142857142854,6,f5,0,91.42857142857143,22.857142857142854,4,f1,2,62.857142857142854,-5.714285714285716,6,f5,0,91.42857142857143,22.857142857142854
wine__NumericFeature[f12;-2std],9,11.764705882352933,62.857142857142854,11.428571428571432,91.42857142857143,40.0,0,f12,0,82.85714285714286,31.428571428571438,3,,1,51.42857142857142,0.0,0,f12,0,82.85714285714286,31.428571428571438
wine__NumericFeature[f12;+1std],9,23.529411764705877,62.857142857142854,-5.714285714285716,91.42857142857143,22.857142857142854,5,,3,51.42857142857142,-17.14285714285715,4,f1,1,60.0,-8.571428571428575,5,,3,51.42857142857142,-17.14285714285715
wine__NumericFeature[f12;+2std],9,35.29411764705882,62.857142857142854,0.0,91.42857142857143,28.57142857142857,5,,2,48.57142857142857,-14.285714285714285,0,f12,0,82.85714285714286,20.000000000000007,5,,2,48.57142857142857,-14.285714285714285
zoo__NumericFeature[f4;-2std],15,50.0,75.0,15.000000000000002,95.0,35.0,7,f14,2,60.0,0.0,9,f8,5,60.0,0.0,5,f10,3,60.0,0.0
zoo__NumericFeature[f4;+2std],15,50.0,75.0,45.0,95.0,64.99999999999999,7,f14,4,30.0,0.0,0,f4,0,90.0,60.00000000000001,0,f4,0,90.0,60.00000000000001
zoo__NumericFeature[f2;-2std],15,19.999999999999996,75.0,5.000000000000004,95.0,25.0,7,f14,5,70.0,0.0,9,f8,4,70.0,0.0,9,f8,5,70.0,0.0
zoo__NumericFeature[f2;+2std],15,30.000000000000004,75.0,25.0,95.0,44.99999999999999,7,f14,2,50.0,0.0,1,f2,0,90.0,40.0,1,f2,0,90.0,40.0
zoo__NumericFeature[f12;-2std],15,19.999999999999996,75.0,0.0,80.0,5.000000000000004,12,,6,90.0,15.000000000000002,7,f14,2,75.0,0.0,12,,6,90.0,15.000000000000002
