,fixed acidity,volatile acidity,citric acid,residual sugar,chlorides,free sulfur dioxide,total sulfur dioxide,density,pH,sulphates,alcohol,quality
2002,7.6,0.17,0.35,1.6,0.047,43.0,154.0,0.9934,3.4355002998075332,0.69,9.869379432242681,6
2004,7.4,0.26,0.31,2.4,0.043,58.0,178.0,0.9941,3.4955002998075333,0.68,9.369379432242681,6
2005,7.0,0.28,0.33,14.6,0.043,47.0,168.0,0.9994,3.4155002998075332,0.67,7.569379432242682,6
2006,8.4,0.2,0.38,11.8,0.055,51.0,170.0,1.0004,3.4155002998075332,0.82,7.669379432242682,6
2007,5.6,0.18,0.31,1.5,0.038,16.0,84.0,0.9924,3.4155002998075332,0.58,8.869379432242681,6
2010,7.0,0.25,0.56,2.0,0.035,20.0,95.0,0.9918,3.3055002998075333,0.53,9.769379432242681,6
2015,6.9,0.19,0.39,8.0,0.027999999999999997,22.0,84.0,0.9940000000000001,3.1855002998075332,0.66,9.569379432242682,6
2020,7.7,0.26,0.34,6.4,0.05,36.0,163.0,0.9937,3.2655002998075333,0.7,10.269379432242681,6
2026,6.4,0.26,0.4,1.7,0.179,5.0,60.0,0.9925,3.1655002998075332,0.54,8.869379432242681,5
2032,6.5,0.25,0.2,1.4,0.024,29.0,101.0,0.9916,3.3155002998075336,0.54,9.569379432242682,6
2040,6.7,0.3,0.45,10.6,0.032,56.0,212.0,0.997,3.2955002998075336,0.59,8.269379432242681,6
2043,7.4,0.18,0.34,2.7,0.03,30.0,107.0,0.992,3.0455002998075336,0.53,9.769379432242681,6
2049,6.3,0.28,0.24,8.45,0.031,32.0,172.0,0.9958,3.4655002998075335,0.57,8.46937943224268,7
2050,11.8,0.23,0.38,11.1,0.034,15.0,123.0,0.9997,3.0055002998075335,0.55,8.46937943224268,3
2060,6.8,0.28,0.44,11.5,0.04,58.0,223.0,0.9969,3.2955002998075336,0.56,8.269379432242681,5
2064,6.6,0.22,0.28,4.9,0.042,51.0,180.0,0.9952,3.375500299807533,0.75,8.269379432242681,6
2071,6.5,0.19,0.26,5.2,0.04,31.0,140.0,0.995,3.335500299807533,0.68,8.269379432242681,6
2072,6.6,0.23,0.27,5.6,0.043,43.0,164.0,0.9953,3.3455002998075334,0.76,8.269379432242681,5
2073,6.6,0.27,0.29,5.3,0.045,57.0,189.0,0.9953,3.3855002998075334,0.79,8.569379432242682,5
2074,6.6,0.22,0.28,4.9,0.042,51.0,180.0,0.9952,3.375500299807533,0.75,8.269379432242681,6
2077,7.0,0.22,0.39,2.1,0.055,39.0,198.0,0.9951,3.5955002998075334,0.54,8.96937943224268,6
2078,5.9,0.17,0.3,1.4,0.042,25.0,119.0,0.9931,3.7555002998075335,0.72,9.269379432242681,6
2084,7.9,0.17,0.32,1.6,0.053,47.0,150.0,0.9948,3.3655002998075334,0.76,8.369379432242681,6
2085,7.9,0.17,0.32,1.6,0.053,47.0,150.0,0.9948,3.3655002998075334,0.76,8.369379432242681,6
2086,8.2,0.17,0.32,1.5,0.05,17.0,101.0,0.9940000000000001,3.2155002998075335,0.58,8.269379432242681,5
2087,8.3,0.17,0.31,1.5,0.049,48.0,153.0,0.9942,3.1955002998075335,0.58,8.169379432242682,6
2089,7.9,0.17,0.32,1.6,0.053,47.0,150.0,0.9948,3.3655002998075334,0.76,8.369379432242681,6
2106,8.5,0.24,0.47,15.2,0.057,40.0,234.0,1.0005,3.0955002998075334,0.66,7.7693794322426815,5
2109,7.7,0.23,0.31,10.7,0.038,59.0,186.0,0.9969,3.1955002998075335,0.55,8.269379432242681,6
2114,7.7,0.23,0.31,10.7,0.038,59.0,186.0,0.9969,3.1955002998075335,0.55,8.269379432242681,6
2117,7.7,0.26,0.32,1.2,0.04,26.0,117.0,0.993,3.2855002998075333,0.56,9.569379432242682,5
2129,6.8,0.28,0.39,1.4,0.036000000000000004,15.0,115.0,0.9918,3.3455002998075334,0.72,10.46937943224268,5
2134,6.8,0.26,0.32,7.0,0.040999999999999995,38.0,118.0,0.9939,3.3255002998075334,0.52,9.569379432242682,6
2135,7.2,0.16,0.26,7.1,0.054000000000000006,41.0,224.0,0.9966,3.4555002998075333,0.55,8.869379432242681,5
2136,7.9,0.18,0.36,5.9,0.057999999999999996,31.0,132.0,0.995,3.3255002998075334,0.52,9.669379432242682,6
2137,7.2,0.16,0.26,7.1,0.054000000000000006,41.0,224.0,0.9966,3.4555002998075333,0.55,8.869379432242681,5
2140,7.7,0.28,0.35,15.3,0.055999999999999994,31.0,117.0,0.9998,3.3455002998075334,0.5,8.369379432242681,5
2141,7.7,0.28,0.35,15.3,0.055999999999999994,31.0,117.0,0.9998,3.3455002998075334,0.5,8.369379432242681,5
2143,6.5,0.14,0.32,2.7,0.037000000000000005,18.0,89.0,0.9924,3.4755002998075333,0.74,10.269379432242681,7
2147,6.4,0.29,0.2,15.6,0.04,20.0,142.0,0.9962,3.1755002998075335,0.54,9.369379432242681,5
2151,7.7,0.28,0.35,15.3,0.055999999999999994,31.0,117.0,0.9998,3.3455002998075334,0.5,8.369379432242681,5
2158,7.4,0.18,0.27,1.3,0.048,26.0,105.0,0.9940000000000001,3.5955002998075334,0.66,9.369379432242681,6
2167,7.4,0.19,0.3,12.8,0.053,48.5,229.0,0.9986,3.2155002998075335,0.49,7.869379432242681,7
2168,7.4,0.19,0.3,12.8,0.053,48.5,229.0,0.9986,3.2155002998075335,0.49,7.869379432242681,7
2169,7.4,0.19,0.3,12.8,0.053,48.5,229.0,0.9986,3.2155002998075335,0.49,7.869379432242681,7
2170,7.4,0.19,0.3,12.8,0.053,48.5,229.0,0.9986,3.2155002998075335,0.49,7.869379432242681,7
2171,7.4,0.19,0.3,12.8,0.053,48.5,229.0,0.9986,3.2155002998075335,0.49,7.869379432242681,7
2174,7.4,0.19,0.3,12.8,0.053,48.5,229.0,0.9986,3.2155002998075335,0.49,7.869379432242681,7
2175,7.4,0.19,0.3,12.8,0.053,48.5,212.0,0.9986,3.2155002998075335,0.49,7.869379432242681,7
2179,7.7,0.24,0.31,1.3,0.047,33.0,106.0,0.993,3.2955002998075336,0.55,9.569379432242682,6
2188,6.4,0.18,0.32,9.6,0.052000000000000005,24.0,90.0,0.9963,3.4255002998075335,0.49,8.169379432242682,6
2189,7.1,0.18,0.32,12.2,0.048,36.0,125.0,0.9967,2.9955002998075333,0.54,8.169379432242682,6
2192,7.9,0.28,0.41,4.9,0.057999999999999996,31.0,153.0,0.9966,3.3455002998075334,0.51,8.46937943224268,6
2193,7.1,0.18,0.32,12.2,0.048,36.0,125.0,0.9967,2.9955002998075333,0.54,8.169379432242682,6
2194,6.4,0.18,0.32,9.6,0.052000000000000005,24.0,90.0,0.9963,3.4255002998075335,0.49,8.169379432242682,6
2198,7.1,0.26,0.19,8.2,0.051,53.0,187.0,0.996,3.2355002998075335,0.52,8.46937943224268,5
2199,6.6,0.25,0.42,11.3,0.049,77.0,231.0,0.9966,3.3155002998075336,0.52,8.269379432242681,6
2200,6.4,0.24,0.23,7.3,0.069,31.0,157.0,0.9962,3.3255002998075334,0.53,7.869379432242681,5
2201,6.0,0.28,0.27,2.3,0.051,23.0,147.0,0.9940000000000001,3.3055002998075333,0.67,9.069379432242682,6
2202,7.1,0.26,0.19,8.2,0.051,53.0,187.0,0.996,3.2355002998075335,0.52,8.46937943224268,5
2203,7.8,0.24,0.38,2.1,0.057999999999999996,14.0,167.0,0.9940000000000001,3.2855002998075333,0.55,8.669379432242682,5
2204,7.6,0.27,0.33,2.0,0.059000000000000004,19.0,175.0,0.9944,3.2955002998075336,0.56,8.669379432242682,5
2207,6.6,0.23,0.24,3.9,0.045,36.0,138.0,0.9922,3.2255002998075333,0.64,10.069379432242682,7
2208,7.1,0.26,0.3,2.0,0.031,13.0,128.0,0.9917,3.2655002998075333,0.49,10.169379432242682,5
2210,7.4,0.24,0.26,1.6,0.057999999999999996,53.0,150.0,0.9936,3.2555002998075335,0.5,8.669379432242682,7
2211,6.9,0.21,0.33,1.4,0.055999999999999994,35.0,136.0,0.9938,3.7055002998075333,0.78,9.069379432242682,6
2213,7.4,0.17,0.29,1.4,0.047,23.0,107.0,0.9939,3.5955002998075334,0.65,9.169379432242682,6
2214,7.1,0.26,0.3,2.0,0.031,13.0,128.0,0.9917,3.2655002998075333,0.49,10.169379432242682,5
2216,7.8,0.3,0.37,1.3,0.051,16.0,96.0,0.9941,3.395500299807533,0.62,8.769379432242681,5
2218,7.7,0.28,0.29,6.9,0.040999999999999995,29.0,163.0,0.9952,3.5155002998075333,0.6,9.269379432242681,6
2228,7.1,0.2,0.36,11.6,0.042,45.0,124.0,0.997,2.9955002998075333,0.59,8.269379432242681,7
2230,7.1,0.2,0.36,11.6,0.042,45.0,124.0,0.997,2.9955002998075333,0.59,8.269379432242681,7
2234,7.2,0.23,0.38,6.1,0.067,20.0,90.0,0.9949600000000001,3.2455002998075333,0.79,8.46937943224268,5
2236,7.1,0.28,0.19,7.8,0.04,48.0,184.0,0.99579,3.2355002998075335,0.5,8.169379432242682,5
2240,7.2,0.29,0.18,8.2,0.042,41.0,180.0,0.99644,3.2355002998075335,0.49,7.869379432242681,5
2241,7.1,0.28,0.19,7.8,0.04,48.0,184.0,0.99579,3.2355002998075335,0.5,8.169379432242682,5
2242,6.1,0.23,0.45,10.6,0.094,49.0,169.0,0.9969899999999999,3.125500299807533,0.54,7.569379432242682,5
2243,6.7,0.23,0.42,11.2,0.047,52.0,171.0,0.9975799999999999,3.6155002998075334,0.74,9.169379432242682,5
2251,7.4,0.18,0.29,1.4,0.042,34.0,101.0,0.99384,3.6155002998075334,0.6,9.269379432242681,7
2252,7.2,0.29,0.2,7.7,0.046,51.0,174.0,0.99582,3.2355002998075335,0.52,8.269379432242681,5
2256,7.1,0.14,0.35,1.4,0.039,24.0,128.0,0.9921200000000001,3.0455002998075336,0.68,9.169379432242682,5
2264,6.6,0.19,0.43,10.9,0.045,53.0,154.0,0.9975200000000001,3.5955002998075334,0.77,9.169379432242682,6
2267,6.6,0.19,0.43,10.9,0.045,53.0,154.0,0.9975200000000001,3.5955002998075334,0.77,9.169379432242682,6
2269,8.5,0.19,0.56,17.3,0.055,47.0,169.0,1.00047,3.145500299807533,0.67,8.069379432242682,6
2270,7.3,0.19,0.25,1.4,0.051,41.0,107.0,0.99382,3.605500299807533,0.66,9.269379432242681,7
2274,7.3,0.19,0.25,1.4,0.051,41.0,107.0,0.99382,3.605500299807533,0.66,9.269379432242681,7
2275,7.5,0.29,0.26,14.95,0.067,47.0,178.0,0.9983799999999999,3.1155002998075334,0.49,7.969379432242681,4
2280,6.4,0.16,0.25,1.3,0.047,20.0,77.0,0.9933,3.6855002998075332,0.54,8.96937943224268,6
2281,6.3,0.16,0.22,1.3,0.046,18.0,66.0,0.9930700000000001,3.6855002998075332,0.55,9.069379432242682,6
2290,7.4,0.18,0.24,1.4,0.047,21.0,106.0,0.9938299999999999,3.5955002998075334,0.64,9.269379432242681,7
2291,8.6,0.17,0.28,2.7,0.047,38.0,150.0,0.99365,3.1755002998075335,0.56,9.569379432242682,6
2296,6.9,0.28,0.31,7.2,0.04,47.0,168.0,0.9946,3.3655002998075334,0.57,9.369379432242681,7
2297,6.5,0.29,0.42,10.6,0.042,66.0,202.0,0.99674,3.3155002998075336,0.53,8.269379432242681,6
2306,5.6,0.295,0.2,2.2,0.049,18.0,134.0,0.9937799999999999,3.2855002998075333,0.68,8.769379432242681,5
2308,9.4,0.28,0.3,1.6,0.045,36.0,139.0,0.99534,3.1855002998075332,0.49,8.069379432242682,5
2309,8.1,0.28,0.34,1.3,0.035,11.0,126.0,0.9923200000000001,3.2155002998075335,0.5,8.569379432242682,6
2312,9.4,0.28,0.3,1.6,0.045,36.0,139.0,0.99534,3.1855002998075332,0.49,8.069379432242682,5
2320,8.0,0.2,0.3,8.1,0.037000000000000005,42.0,130.0,0.99379,3.1755002998075335,0.67,10.569379432242682,6
2323,7.6,0.2,0.34,1.8,0.040999999999999995,42.0,148.0,0.99335,3.4255002998075335,0.66,9.869379432242681,6
2329,7.6,0.3,0.4,2.2,0.054000000000000006,29.0,175.0,0.99445,3.2655002998075333,0.53,8.569379432242682,5
2335,8.3,0.27,0.34,10.2,0.048,50.0,118.0,0.99716,3.2555002998075335,0.51,9.069379432242682,5
2336,6.8,0.26,0.22,4.8,0.040999999999999995,110.0,198.0,0.9943700000000001,3.3655002998075334,0.67,9.369379432242681,5
2337,6.5,0.28,0.35,9.8,0.067,61.0,180.0,0.9972,3.2255002998075333,0.57,7.7693794322426815,4
2339,7.0,0.23,0.26,7.2,0.040999999999999995,21.0,90.0,0.9950899999999999,3.2955002998075336,0.55,8.269379432242681,6
2340,7.7,0.29,0.29,4.8,0.06,27.0,156.0,0.99572,3.5655002998075336,0.59,9.069379432242682,6
2343,6.7,0.17,0.27,1.4,0.032,39.0,149.0,0.99254,3.4755002998075333,0.52,9.269379432242681,5
2344,7.0,0.23,0.26,7.2,0.040999999999999995,21.0,90.0,0.9950899999999999,3.2955002998075336,0.55,8.269379432242681,6
2345,8.1,0.24,0.26,11.0,0.043,41.0,211.0,0.9967600000000001,3.1855002998075332,0.49,8.769379432242681,6
2347,7.5,0.23,0.29,2.6,0.031,24.0,98.0,0.9919399999999999,3.0755002998075334,0.54,9.669379432242682,6
2351,7.9,0.25,0.34,11.4,0.04,53.0,202.0,0.99708,3.1855002998075332,0.57,8.369379432242681,6
2360,8.1,0.25,0.34,10.1,0.05,30.0,121.0,0.99724,3.2455002998075333,0.49,8.869379432242681,6
2361,8.2,0.25,0.46,3.75,0.05,14.0,102.0,0.99524,3.355500299807533,0.58,8.46937943224268,5
2362,6.5,0.18,0.29,1.7,0.035,39.0,144.0,0.9927,3.5655002998075336,0.5,9.269379432242681,6
2367,7.2,0.3,0.3,8.1,0.05,40.0,188.0,0.9965200000000001,3.2255002998075333,0.49,7.869379432242681,6
2370,6.3,0.1,0.24,6.0,0.039,25.0,107.0,0.99511,3.6655002998075332,0.49,9.269379432242681,7
2378,9.4,0.23,0.56,16.45,0.063,52.5,282.0,1.00098,3.1755002998075335,0.51,8.069379432242682,5
2379,6.4,0.27,0.19,2.0,0.084,21.0,191.0,0.99516,3.5655002998075336,0.63,8.369379432242681,4
2380,6.4,0.27,0.19,1.9,0.085,21.0,196.0,0.99516,3.5655002998075336,0.64,8.269379432242681,4
2381,7.0,0.23,0.42,5.1,0.042,37.0,144.0,0.99518,3.5755002998075334,0.59,8.96937943224268,6
2383,6.7,0.26,0.29,5.8,0.025,26.0,74.0,0.9929,3.355500299807533,0.53,9.769379432242681,6
2386,6.9,0.3,0.29,1.3,0.053,24.0,189.0,0.9936200000000001,3.3655002998075334,0.54,8.669379432242682,4
2387,6.9,0.3,0.3,1.3,0.053,24.0,186.0,0.99361,3.3655002998075334,0.54,8.669379432242682,4
2390,7.0,0.28,0.26,1.7,0.042,34.0,130.0,0.9925,3.5055002998075335,0.5,9.46937943224268,8
2391,6.5,0.24,0.29,8.2,0.043,32.0,156.0,0.9945299999999999,3.2055002998075333,0.7,8.869379432242681,6
2392,6.4,0.17,0.34,1.5,0.091,42.0,135.0,0.9938,3.3255002998075334,0.49,8.369379432242681,7
2393,6.4,0.17,0.34,1.5,0.09300000000000001,43.0,136.0,0.9938,3.3255002998075334,0.49,8.369379432242681,6
2395,7.0,0.27,0.29,3.9,0.059000000000000004,28.0,199.0,0.9961,3.6155002998075334,0.59,9.069379432242682,5
2399,6.1,0.16,0.24,1.4,0.046,17.0,77.0,0.99319,3.7355002998075335,0.57,9.069379432242682,6
2400,9.2,0.19,0.42,2.0,0.047,16.0,104.0,0.9951700000000001,3.1655002998075332,0.66,8.769379432242681,4
2401,9.2,0.16,0.49,2.0,0.044000000000000004,18.0,107.0,0.9951399999999999,3.1755002998075335,0.53,8.96937943224268,4
2402,8.0,0.26,0.28,8.2,0.038,72.0,202.0,0.99566,3.1955002998075335,0.56,8.769379432242681,6
2404,9.8,0.16,0.46,1.8,0.046,23.0,130.0,0.99587,3.1155002998075334,0.67,8.369379432242681,5
2405,6.6,0.23,0.18,8.5,0.044000000000000004,59.0,188.0,0.9955799999999999,3.2355002998075335,0.49,8.269379432242681,5
2409,7.1,0.21,0.28,2.7,0.034,23.0,111.0,0.99405,3.4255002998075335,0.64,8.96937943224268,4
2410,7.0,0.16,0.26,7.3,0.047,30.0,220.0,0.9962200000000001,3.4555002998075333,0.58,8.869379432242681,6
2413,7.1,0.21,0.28,2.7,0.034,23.0,111.0,0.99405,3.4255002998075335,0.64,8.96937943224268,4
2415,8.2,0.24,0.3,2.3,0.05,23.0,106.0,0.99397,3.0555002998075333,0.5,8.769379432242681,5
2416,7.0,0.16,0.26,6.85,0.047,30.0,220.0,0.9962200000000001,3.4555002998075333,0.58,8.869379432242681,6
2421,6.8,0.26,0.43,11.75,0.045,53.0,198.0,0.9969,3.335500299807533,0.55,8.269379432242681,5
2423,7.2,0.24,0.29,3.0,0.036000000000000004,17.0,117.0,0.99411,3.4355002998075332,0.68,8.869379432242681,6
2425,7.2,0.24,0.29,3.0,0.036000000000000004,17.0,117.0,0.99411,3.4355002998075332,0.68,8.869379432242681,6
2434,8.3,0.28,0.27,17.5,0.045,48.0,253.0,1.00014,3.0955002998075334,0.56,7.869379432242681,6
2437,8.0,0.26,0.28,4.8,0.05,34.0,150.0,0.9943700000000001,3.2055002998075333,0.5,8.769379432242681,6
2439,7.3,0.27,0.37,9.7,0.042,36.0,130.0,0.9979,3.5555002998075333,0.75,8.669379432242682,6
2441,7.2,0.2,0.28,1.6,0.027999999999999997,13.0,168.0,0.99203,3.2455002998075333,1.06,10.269379432242681,6
2447,6.5,0.27,0.26,8.2,0.042,21.0,133.0,0.9961200000000001,3.5055002998075335,0.64,8.569379432242682,6
2448,6.6,0.26,0.27,1.5,0.04,19.0,114.0,0.99295,3.4355002998075332,0.62,9.269379432242681,6
2449,6.7,0.27,0.26,2.3,0.043,61.0,181.0,0.9939399999999999,3.5255002998075335,0.63,9.369379432242681,6
2452,7.3,0.19,0.27,1.6,0.027000000000000003,35.0,136.0,0.9924799999999999,3.4555002998075333,0.54,9.769379432242681,7
2453,6.3,0.2,0.26,1.6,0.027000000000000003,36.0,141.0,0.9926799999999999,3.605500299807533,0.56,9.569379432242682,6
2454,7.1,0.29,0.3,16.0,0.036000000000000004,58.0,201.0,0.99954,3.375500299807533,0.67,7.7693794322426815,5
2461,8.2,0.26,0.33,2.6,0.053,11.0,71.0,0.9940200000000001,2.9655002998075335,0.49,8.269379432242681,5
2463,7.0,0.26,0.26,10.8,0.039,37.0,184.0,0.99787,3.5455002998075336,0.58,9.069379432242682,7
2467,7.0,0.28,0.32,1.7,0.038,27.0,128.0,0.99375,3.2755002998075335,0.62,8.96937943224268,6
2468,5.2,0.16,0.34,0.8,0.028999999999999998,26.0,77.0,0.99155,3.3255002998075334,0.51,8.869379432242681,6
2470,7.6,0.25,0.34,1.3,0.055999999999999994,34.0,176.0,0.99434,3.1755002998075335,0.51,8.269379432242681,5
2473,6.0,0.29,0.21,15.55,0.043,20.0,142.0,0.9965799999999999,3.1855002998075332,0.54,8.869379432242681,6
2476,6.8,0.29,0.49,1.4,0.142,52.0,148.0,0.9937,3.1555002998075334,0.49,7.7693794322426815,6
2479,6.6,0.24,0.3,13.0,0.052000000000000005,18.0,143.0,0.99825,3.4455002998075335,0.49,8.169379432242682,6
2484,6.4,0.3,0.16,7.5,0.05,55.0,191.0,0.9959,3.2455002998075333,0.49,7.7693794322426815,5
2485,8.0,0.28,0.32,7.6,0.045,61.0,204.0,0.9954299999999999,3.1755002998075335,0.55,8.869379432242681,6
2499,6.9,0.26,0.31,7.0,0.039,37.0,175.0,0.9937600000000001,3.395500299807533,0.49,10.169379432242682,6
2509,8.0,0.27,0.57,10.4,0.053,18.0,134.0,0.9973200000000001,3.1955002998075335,0.68,7.7693794322426815,5
2511,6.2,0.3,0.49,11.2,0.057999999999999996,68.0,215.0,0.99656,3.2655002998075333,0.6,8.169379432242682,6
2519,6.3,0.24,0.55,8.1,0.04,67.0,216.0,0.9959600000000001,3.3155002998075336,0.5,7.969379432242681,5
2521,6.5,0.18,0.33,1.4,0.028999999999999998,35.0,138.0,0.9911399999999999,3.4355002998075332,0.6,10.269379432242681,7
2526,6.5,0.18,0.33,1.4,0.028999999999999998,35.0,138.0,0.9911399999999999,3.4355002998075332,0.6,10.269379432242681,7
2527,7.3,0.16,0.35,1.5,0.036000000000000004,29.0,108.0,0.9934200000000001,3.3455002998075334,0.51,8.96937943224268,6
2528,6.4,0.16,0.37,1.5,0.037000000000000005,27.0,109.0,0.99345,3.4555002998075333,0.5,8.569379432242682,6
2530,5.8,0.3,0.12,1.6,0.036000000000000004,57.0,163.0,0.99239,3.4555002998075333,0.59,9.269379432242681,6
2535,9.0,0.26,0.34,6.7,0.028999999999999998,21.0,162.0,0.99497,3.1555002998075334,0.5,9.369379432242681,6
2539,6.2,0.27,0.18,1.5,0.027999999999999997,20.0,111.0,0.9922799999999999,3.4855002998075335,0.5,8.769379432242681,5
2541,9.0,0.26,0.34,6.7,0.028999999999999998,21.0,162.0,0.99497,3.1555002998075334,0.5,9.369379432242681,6
2545,7.2,0.22,0.24,1.4,0.040999999999999995,17.0,159.0,0.9919600000000001,3.3255002998075334,0.53,9.96937943224268,6
2548,6.3,0.26,0.42,7.1,0.045,62.0,209.0,0.99544,3.2755002998075335,0.53,8.269379432242681,6
2549,7.5,0.2,0.47,16.9,0.052000000000000005,51.0,188.0,0.99944,3.1655002998075332,0.62,8.069379432242682,5
2551,6.3,0.26,0.42,7.1,0.045,62.0,209.0,0.99544,3.2755002998075335,0.53,8.269379432242681,6
2553,6.3,0.13,0.42,1.1,0.043,63.0,146.0,0.99066,3.2055002998075333,0.72,9.96937943224268,7
2554,6.4,0.15,0.44,1.2,0.043,67.0,150.0,0.9907,3.2155002998075335,0.73,9.96937943224268,7
2555,6.3,0.13,0.42,1.1,0.043,63.0,146.0,0.99066,3.2055002998075333,0.72,9.96937943224268,7
2556,7.6,0.23,0.64,12.9,0.033,54.0,170.0,0.998,3.0755002998075334,0.53,7.569379432242682,5
2557,6.4,0.15,0.44,1.2,0.043,67.0,150.0,0.9907,3.2155002998075335,0.73,9.96937943224268,7
2558,6.3,0.13,0.42,1.1,0.043,63.0,146.0,0.99066,3.2055002998075333,0.72,9.96937943224268,7
2568,6.8,0.28,0.36,7.0,0.043,60.0,207.0,0.99556,3.2355002998075335,0.49,8.369379432242681,6
2569,6.6,0.24,0.24,8.6,0.034,25.0,135.0,0.99582,3.4055002998075334,0.59,9.069379432242682,6
2574,6.8,0.26,0.24,1.9,0.043,70.0,154.0,0.9927299999999999,3.2555002998075335,0.52,9.269379432242681,5
2576,6.5,0.27,0.4,10.0,0.039,74.0,227.0,0.99582,3.2555002998075335,0.5,8.169379432242682,5
2577,6.7,0.25,0.36,8.6,0.037000000000000005,63.0,206.0,0.9955299999999999,3.2555002998075335,0.5,8.369379432242681,5
2581,6.8,0.18,0.3,12.8,0.062,19.0,171.0,0.99808,3.0755002998075334,0.52,7.7693794322426815,7
2582,6.8,0.18,0.3,12.8,0.062,19.0,171.0,0.99808,3.0755002998075334,0.52,7.7693794322426815,7
2583,6.8,0.18,0.3,12.8,0.062,19.0,171.0,0.99808,3.0755002998075334,0.52,7.7693794322426815,7
2584,6.8,0.18,0.3,12.8,0.062,19.0,171.0,0.99808,3.0755002998075334,0.52,7.7693794322426815,7
2585,6.8,0.18,0.3,12.8,0.062,19.0,171.0,0.99808,3.0755002998075334,0.52,7.7693794322426815,7
2586,6.8,0.18,0.3,12.8,0.062,19.0,171.0,0.99808,3.0755002998075334,0.52,7.7693794322426815,7
2588,6.8,0.18,0.3,12.8,0.062,19.0,171.0,0.99808,3.0755002998075334,0.52,7.7693794322426815,7
2596,7.8,0.28,0.31,2.1,0.046,28.0,208.0,0.99434,3.3055002998075333,0.64,8.569379432242682,5
2597,6.4,0.22,0.34,1.4,0.023,56.0,115.0,0.9895799999999999,3.2555002998075335,0.7,10.46937943224268,6
2598,7.8,0.28,0.31,2.1,0.046,28.0,208.0,0.99434,3.3055002998075333,0.64,8.569379432242682,5
2600,6.8,0.11,0.42,1.1,0.042,51.0,132.0,0.99059,3.2555002998075335,0.74,10.069379432242682,7
2601,6.2,0.26,0.32,15.3,0.031,64.0,185.0,0.99835,3.3855002998075334,0.61,8.169379432242682,5
2602,6.4,0.22,0.34,1.4,0.023,56.0,115.0,0.9895799999999999,3.2555002998075335,0.7,10.46937943224268,6
2603,6.7,0.3,0.29,2.8,0.025,37.0,107.0,0.99159,3.3855002998075334,0.63,10.069379432242682,7
2604,6.7,0.3,0.29,2.8,0.025,37.0,107.0,0.99159,3.3855002998075334,0.63,10.069379432242682,7
2606,7.2,0.2,0.36,2.5,0.027999999999999997,22.0,157.0,0.9938,3.5555002998075333,0.49,9.369379432242681,6
2610,6.3,0.27,0.46,11.1,0.053,44.0,177.0,0.9969100000000001,3.2555002998075335,0.67,8.169379432242682,5
2611,6.5,0.3,0.39,7.8,0.038,61.0,219.0,0.9959,3.2655002998075333,0.5,8.169379432242682,5
2612,6.7,0.3,0.29,2.8,0.025,37.0,107.0,0.99159,3.3855002998075334,0.63,10.069379432242682,7
2615,6.5,0.18,0.41,14.2,0.039,47.0,129.0,0.9967799999999999,3.355500299807533,0.72,9.069379432242682,7
2616,6.5,0.18,0.41,14.2,0.039,47.0,129.0,0.9967799999999999,3.355500299807533,0.72,9.069379432242682,7
2617,6.5,0.18,0.41,14.2,0.039,47.0,129.0,0.9967799999999999,3.355500299807533,0.72,9.069379432242682,7
2623,6.5,0.18,0.41,14.2,0.039,47.0,129.0,0.9967799999999999,3.355500299807533,0.72,9.069379432242682,7
2626,8.0,0.24,0.26,1.7,0.033,36.0,136.0,0.99316,3.5155002998075333,0.51,9.169379432242682,7
2638,7.5,0.13,0.38,1.1,0.023,42.0,104.0,0.9911200000000001,3.355500299807533,0.53,10.569379432242682,6
2639,9.2,0.14,0.37,1.1,0.034,36.0,84.0,0.99136,3.125500299807533,0.55,10.369379432242681,6
2640,7.4,0.2,0.37,1.2,0.027999999999999997,28.0,89.0,0.9913200000000001,3.2155002998075335,0.61,10.569379432242682,6
2642,7.6,0.23,0.4,5.2,0.066,14.0,91.0,0.9948799999999999,3.2455002998075333,0.8,8.46937943224268,5
2646,5.7,0.18,0.36,1.2,0.046,9.0,71.0,0.9919899999999999,3.7755002998075335,0.68,9.669379432242682,7
2647,5.8,0.15,0.28,0.8,0.037000000000000005,43.0,127.0,0.99198,3.3155002998075336,0.51,8.069379432242682,5
2648,6.6,0.23,0.29,14.45,0.057,29.0,144.0,0.99756,3.4055002998075334,0.54,8.96937943224268,6
2655,6.8,0.19,0.23,5.1,0.034,71.0,204.0,0.9942,3.3055002998075333,0.69,8.869379432242681,5
2656,7.1,0.23,0.24,5.4,0.039,60.0,196.0,0.9948,3.2655002998075333,0.78,8.769379432242681,4
2657,6.45,0.14,0.42,1.2,0.05,51.0,129.0,0.99116,3.3455002998075334,0.69,9.869379432242681,7
2658,6.5,0.15,0.44,12.6,0.052000000000000005,65.0,158.0,0.9968799999999999,3.335500299807533,0.7,9.069379432242682,7
2661,7.2,0.3,0.26,1.5,0.040999999999999995,46.0,178.0,0.99154,3.2655002998075333,0.56,10.069379432242682,6
2662,7.0,0.23,0.33,1.0,0.043,46.0,110.0,0.99118,3.1155002998075334,0.65,9.569379432242682,6
2669,6.8,0.26,0.4,7.5,0.046,45.0,179.0,0.9958299999999999,3.2755002998075335,0.49,8.069379432242682,5
2676,7.6,0.1,0.33,1.0,0.031,33.0,93.0,0.9909399999999999,3.1355002998075334,0.68,9.96937943224268,6
2681,7.2,0.19,0.27,11.2,0.061,46.0,149.0,0.99772,3.0655002998075336,0.59,8.069379432242682,6
2688,7.2,0.19,0.27,11.2,0.061,46.0,149.0,0.99772,3.0655002998075336,0.59,8.069379432242682,6
2690,6.9,0.3,0.25,3.3,0.040999999999999995,26.0,124.0,0.9942799999999999,3.2555002998075335,0.5,8.069379432242682,6
2693,6.7,0.23,0.25,1.6,0.036000000000000004,28.0,143.0,0.99256,3.375500299807533,0.54,9.069379432242682,6
2696,6.5,0.22,0.5,16.4,0.048,36.0,182.0,0.9990399999999999,3.0955002998075334,0.49,7.569379432242682,6
2697,7.0,0.18,0.37,1.5,0.043,16.0,104.0,0.99216,3.2555002998075335,0.5,9.569379432242682,5
2699,6.9,0.3,0.25,3.3,0.040999999999999995,26.0,124.0,0.9942799999999999,3.2555002998075335,0.5,8.069379432242682,6
2706,7.5,0.28,0.39,10.2,0.045,59.0,209.0,0.9972,3.2355002998075335,0.63,8.369379432242681,6
2709,7.8,0.25,0.34,13.7,0.044000000000000004,66.0,184.0,0.99976,3.2955002998075336,0.75,7.669379432242682,5
2710,7.8,0.25,0.34,13.7,0.044000000000000004,66.0,184.0,0.99976,3.2955002998075336,0.75,7.669379432242682,5
2714,6.8,0.24,0.37,7.45,0.043,59.0,188.0,0.99579,3.2755002998075335,0.5,8.169379432242682,6
2715,7.8,0.25,0.28,7.2,0.04,46.0,179.0,0.99541,3.2155002998075335,0.6,8.869379432242681,6
2716,7.8,0.25,0.34,13.7,0.044000000000000004,66.0,184.0,0.99976,3.2955002998075336,0.75,7.669379432242682,5
2718,5.2,0.28,0.29,1.1,0.027999999999999997,18.0,69.0,0.9916799999999999,3.3155002998075336,0.54,8.769379432242681,6
2723,7.5,0.26,0.25,1.7,0.038,29.0,129.0,0.9931200000000001,3.5255002998075335,0.56,9.169379432242682,6
2726,5.3,0.2,0.31,3.6,0.036000000000000004,22.0,91.0,0.9927799999999999,3.4855002998075335,0.5,8.569379432242682,6
2729,6.5,0.29,0.31,1.7,0.035,24.0,79.0,0.9905299999999999,3.3455002998075334,0.69,10.169379432242682,7
2730,6.8,0.3,0.22,6.2,0.06,41.0,190.0,0.9985799999999999,3.2555002998075335,0.51,7.969379432242681,5
2733,6.5,0.29,0.31,1.7,0.035,24.0,79.0,0.9905299999999999,3.3455002998075334,0.69,10.169379432242682,7
2734,7.1,0.29,0.28,9.3,0.048,50.0,141.0,0.9949,3.2055002998075333,0.49,9.069379432242682,6
2742,8.0,0.23,0.28,2.7,0.048,49.0,165.0,0.9952,3.335500299807533,0.72,8.269379432242681,6
2747,7.3,0.26,0.33,11.8,0.057,48.0,127.0,0.9969299999999999,3.1755002998075335,0.55,8.769379432242681,6
2748,5.8,0.17,0.34,1.8,0.045,96.0,170.0,0.99035,3.4555002998075333,0.9,10.569379432242682,8
2749,7.3,0.26,0.33,11.8,0.057,48.0,127.0,0.9969299999999999,3.1755002998075335,0.55,8.769379432242681,6
2750,5.8,0.17,0.34,1.8,0.045,96.0,170.0,0.99035,3.4555002998075333,0.9,10.569379432242682,8
2759,7.7,0.18,0.35,5.8,0.055,25.0,144.0,0.9957600000000001,3.3155002998075336,0.54,8.96937943224268,6
2760,7.7,0.16,0.36,5.9,0.054000000000000006,25.0,148.0,0.9957799999999999,3.3255002998075334,0.54,8.96937943224268,6
2761,6.0,0.26,0.15,1.3,0.06,51.0,154.0,0.99354,3.2155002998075335,0.51,7.469379432242681,5
2771,6.3,0.2,0.24,1.7,0.052000000000000005,36.0,135.0,0.99374,3.875500299807533,0.66,9.569379432242682,6
2777,7.6,0.2,0.36,1.9,0.043,24.0,111.0,0.9923700000000001,3.3655002998075334,0.54,10.069379432242682,6
2782,7.1,0.2,0.31,6.85,0.053,32.0,211.0,0.99587,3.3855002998075334,0.59,9.169379432242682,6
2783,7.1,0.2,0.31,7.4,0.053,32.0,211.0,0.99587,3.3855002998075334,0.59,9.169379432242682,6
2784,7.1,0.2,0.31,7.4,0.053,32.0,211.0,0.99587,3.3855002998075334,0.59,9.169379432242682,6
2790,7.1,0.2,0.31,6.85,0.053,32.0,211.0,0.99587,3.3855002998075334,0.59,9.169379432242682,6
2791,6.6,0.25,0.51,8.0,0.047,61.0,189.0,0.9960399999999999,3.2955002998075336,0.49,7.969379432242681,5
2792,6.8,0.26,0.44,8.2,0.046,52.0,183.0,0.99584,3.2755002998075335,0.51,8.169379432242682,5
2795,6.4,0.22,0.32,7.2,0.027999999999999997,15.0,83.0,0.993,3.2055002998075333,0.55,9.669379432242682,8
2800,6.6,0.25,0.51,8.0,0.047,61.0,189.0,0.9960399999999999,3.2955002998075336,0.49,7.969379432242681,5
2801,6.8,0.26,0.44,8.2,0.046,52.0,183.0,0.99584,3.2755002998075335,0.51,8.169379432242682,5
2804,6.4,0.22,0.32,7.2,0.027999999999999997,15.0,83.0,0.993,3.2055002998075333,0.55,9.669379432242682,8
2808,7.0,0.27,0.48,6.1,0.042,60.0,184.0,0.99566,3.2755002998075335,0.5,8.169379432242682,6
2811,7.4,0.3,0.32,1.7,0.03,23.0,128.0,0.9929,3.2455002998075333,0.66,9.669379432242682,5
2812,6.7,0.16,0.34,1.6,0.026000000000000002,27.0,109.0,0.9934,3.4155002998075332,0.58,8.869379432242681,6
2816,7.2,0.17,0.41,1.6,0.052000000000000005,24.0,126.0,0.9922799999999999,3.2655002998075333,0.49,9.569379432242682,5
2824,7.2,0.26,0.4,6.3,0.047,52.0,172.0,0.9957299999999999,3.2555002998075335,0.53,8.269379432242681,6
2825,6.3,0.25,0.22,3.3,0.048,41.0,161.0,0.99256,3.2355002998075335,0.5,9.269379432242681,6
2832,6.6,0.17,0.3,1.1,0.031,13.0,73.0,0.99095,3.2455002998075333,0.58,9.769379432242681,6
2835,6.3,0.25,0.22,3.3,0.048,41.0,161.0,0.99256,3.2355002998075335,0.5,9.269379432242681,6
2837,7.3,0.26,0.3,9.3,0.05,35.0,154.0,0.9958100000000001,3.2855002998075333,0.5,9.169379432242682,6
2838,6.9,0.15,0.29,2.3,0.033,14.0,82.0,0.9913200000000001,3.1755002998075335,0.58,9.96937943224268,7
2845,6.5,0.22,0.29,7.4,0.027999999999999997,16.0,87.0,0.99311,3.2255002998075333,0.56,9.669379432242682,7
2846,6.9,0.15,0.29,2.3,0.033,14.0,82.0,0.9913200000000001,3.1755002998075335,0.58,9.96937943224268,7
2850,6.7,0.24,0.29,14.9,0.053,55.0,136.0,0.99839,3.105500299807533,0.52,7.7693794322426815,5
2851,7.3,0.23,0.34,9.3,0.052000000000000005,19.0,86.0,0.99574,3.1155002998075334,0.56,8.769379432242681,5
2853,5.3,0.16,0.39,1.0,0.027999999999999997,40.0,101.0,0.99156,3.645500299807533,0.59,9.369379432242681,6
2859,6.6,0.21,0.36,0.8,0.034,48.0,113.0,0.99165,3.3155002998075336,0.68,9.269379432242681,6
2860,7.3,0.21,0.33,1.0,0.037000000000000005,66.0,144.0,0.9923,3.1855002998075332,0.52,8.96937943224268,6
2864,5.3,0.16,0.39,1.0,0.027999999999999997,40.0,101.0,0.99156,3.645500299807533,0.59,9.369379432242681,6
2865,5.6,0.19,0.46,1.1,0.032,33.0,115.0,0.9909,3.4355002998075332,0.5,9.169379432242682,6
2871,6.7,0.15,0.38,1.7,0.037000000000000005,20.0,84.0,0.99046,3.1655002998075332,0.53,10.169379432242682,6
2875,6.7,0.15,0.38,1.7,0.037000000000000005,20.0,84.0,0.99046,3.1655002998075332,0.53,10.169379432242682,6
2880,7.9,0.25,0.35,6.7,0.039,22.0,64.0,0.9936200000000001,3.0055002998075335,0.49,9.46937943224268,5
2887,6.4,0.2,0.28,2.5,0.032,24.0,84.0,0.9916799999999999,3.3855002998075334,0.55,10.269379432242681,5
2894,6.4,0.125,0.36,1.4,0.044000000000000004,22.0,68.0,0.9901399999999999,3.2255002998075333,0.5,10.46937943224268,7
2900,6.1,0.16,0.37,1.1,0.031,37.0,97.0,0.9922,3.4755002998075333,0.58,9.269379432242681,6
2903,5.7,0.21,0.25,1.1,0.035,26.0,81.0,0.9902,3.3855002998075334,0.52,10.169379432242682,6
2904,6.4,0.25,0.32,0.9,0.034,40.0,114.0,0.9911399999999999,3.3855002998075334,0.58,9.569379432242682,7
2907,5.7,0.21,0.25,1.1,0.035,26.0,81.0,0.9902,3.3855002998075334,0.52,10.169379432242682,6
2908,6.2,0.2,0.31,1.0,0.031,22.0,73.0,0.99035,3.3155002998075336,0.52,10.069379432242682,6
2909,6.2,0.18,0.3,1.0,0.031,23.0,73.0,0.9903200000000001,3.3055002998075333,0.52,10.069379432242682,6
2914,6.9,0.14,0.38,1.0,0.040999999999999995,22.0,81.0,0.9904299999999999,3.105500299807533,0.54,10.169379432242682,6
2915,6.9,0.14,0.38,1.0,0.040999999999999995,22.0,81.0,0.9904299999999999,3.105500299807533,0.54,10.169379432242682,6
2918,5.7,0.28,0.28,2.2,0.019,15.0,65.0,0.9902,3.1355002998075334,0.52,9.96937943224268,6
2923,6.9,0.22,0.31,6.3,0.028999999999999998,41.0,131.0,0.99326,3.1555002998075334,0.49,9.569379432242682,6
2924,6.6,0.22,0.29,14.4,0.046,39.0,118.0,0.99834,3.125500299807533,0.5,7.869379432242681,6
2925,7.7,0.25,0.3,7.8,0.038,67.0,196.0,0.99555,3.1755002998075335,0.5,8.869379432242681,5
2929,6.6,0.22,0.29,14.4,0.046,39.0,118.0,0.99834,3.125500299807533,0.5,7.869379432242681,6
2930,5.6,0.21,0.4,1.3,0.040999999999999995,81.0,147.0,0.9901,3.2955002998075336,0.95,10.369379432242681,8
2932,6.4,0.25,0.32,11.3,0.038,69.0,192.0,0.9957299999999999,3.2155002998075335,0.5,8.96937943224268,6
2933,6.9,0.22,0.31,6.3,0.028999999999999998,41.0,131.0,0.99326,3.1555002998075334,0.49,9.569379432242682,6
2937,7.7,0.25,0.3,7.8,0.038,67.0,196.0,0.99555,3.1755002998075335,0.5,8.869379432242681,5
2941,7.2,0.3,0.3,8.7,0.022000000000000002,14.0,111.0,0.9957600000000001,3.1855002998075332,0.61,9.369379432242681,5
2950,6.0,0.28,0.25,1.8,0.042,8.0,108.0,0.9929,3.1555002998075334,0.55,7.7693794322426815,5
2951,7.2,0.2,0.22,1.6,0.044000000000000004,17.0,101.0,0.99471,3.4455002998075335,0.53,8.769379432242681,5
2952,6.1,0.27,0.25,1.8,0.040999999999999995,9.0,109.0,0.9929,3.1555002998075334,0.54,7.7693794322426815,5
2953,6.0,0.28,0.25,1.8,0.042,8.0,108.0,0.9929,3.1555002998075334,0.55,7.7693794322426815,5
2957,6.4,0.12,0.3,1.1,0.031,37.0,94.0,0.9898600000000001,3.085500299807533,0.56,10.46937943224268,6
2958,7.2,0.2,0.22,1.6,0.044000000000000004,17.0,101.0,0.99471,3.4455002998075335,0.53,8.769379432242681,5
2960,7.7,0.11,0.34,14.05,0.04,41.0,114.0,0.99634,3.145500299807533,0.59,9.769379432242681,7
2961,6.9,0.23,0.41,8.0,0.03,30.0,114.0,0.9936799999999999,3.2955002998075336,0.54,9.769379432242681,6
2964,5.8,0.19,0.24,1.3,0.044000000000000004,38.0,128.0,0.9936200000000001,3.8455002998075334,0.6,9.369379432242681,5
2966,6.6,0.23,0.3,14.9,0.051,33.0,118.0,0.99835,3.1155002998075334,0.54,7.7693794322426815,6
2967,6.6,0.23,0.3,14.9,0.051,33.0,118.0,0.99835,3.1155002998075334,0.54,7.7693794322426815,6
2973,6.6,0.23,0.3,14.9,0.051,33.0,118.0,0.99835,3.1155002998075334,0.54,7.7693794322426815,6
2974,7.5,0.19,0.4,7.1,0.055999999999999994,50.0,110.0,0.9954,3.1355002998075334,0.52,8.669379432242682,6
2977,6.6,0.23,0.2,11.4,0.044000000000000004,45.0,131.0,0.9960399999999999,3.0355002998075333,0.51,8.46937943224268,6
2978,6.6,0.23,0.2,11.4,0.044000000000000004,45.0,131.0,0.9960399999999999,3.0355002998075333,0.51,8.46937943224268,6
2982,7.0,0.2,0.31,8.0,0.05,29.0,213.0,0.9959600000000001,3.355500299807533,0.57,9.169379432242682,6
2988,7.2,0.19,0.31,6.3,0.034,17.0,103.0,0.99305,3.2255002998075333,0.52,10.169379432242682,7
2997,6.9,0.25,0.33,1.2,0.035,35.0,158.0,0.99082,3.0955002998075334,0.58,10.069379432242682,6
3003,7.2,0.19,0.31,6.3,0.034,17.0,103.0,0.99305,3.2255002998075333,0.52,10.169379432242682,7
3004,6.3,0.18,0.36,1.2,0.034,26.0,111.0,0.99074,3.2355002998075335,0.51,9.769379432242681,6
3010,6.7,0.25,0.31,1.35,0.061,30.5,218.0,0.9938799999999999,3.2355002998075335,0.53,8.269379432242681,5
3013,7.0,0.13,0.37,12.85,0.042,36.0,105.0,0.9958100000000001,3.125500299807533,0.55,9.46937943224268,6
3016,7.0,0.13,0.37,12.85,0.042,36.0,105.0,0.9958100000000001,3.125500299807533,0.55,9.46937943224268,6
3024,7.0,0.13,0.37,12.85,0.042,36.0,105.0,0.9958100000000001,3.125500299807533,0.55,9.46937943224268,6
3025,5.4,0.22,0.29,1.2,0.045,69.0,152.0,0.9917799999999999,3.835500299807533,0.63,9.769379432242681,7
3028,7.5,0.18,0.37,6.2,0.05,21.0,138.0,0.99546,3.2755002998075335,0.55,9.269379432242681,6
3032,6.7,0.14,0.46,1.6,0.036000000000000004,15.0,92.0,0.99264,3.4455002998075335,0.49,9.669379432242682,5
3033,6.8,0.24,0.38,8.3,0.045,50.0,185.0,0.9957799999999999,3.2255002998075333,0.5,8.269379432242681,6
3034,6.9,0.25,0.47,8.4,0.042,36.0,156.0,0.9960399999999999,3.2255002998075333,0.55,8.169379432242682,6
3035,6.0,0.24,0.33,2.5,0.026000000000000002,31.0,85.0,0.9901399999999999,3.2055002998075333,0.5,10.069379432242682,7
3036,6.8,0.29,0.34,3.5,0.054000000000000006,26.0,189.0,0.9948899999999999,3.4955002998075333,0.58,9.169379432242682,5
3038,6.5,0.23,0.45,2.1,0.027000000000000003,43.0,104.0,0.99054,3.0955002998075334,0.52,10.069379432242682,6
3044,6.0,0.27,0.3,14.7,0.044000000000000004,15.0,144.0,0.99666,3.1955002998075335,0.53,9.069379432242682,6
3045,5.7,0.12,0.26,5.5,0.034,21.0,99.0,0.99324,3.1655002998075332,0.57,8.669379432242682,6
3048,7.1,0.17,0.43,1.3,0.023,33.0,132.0,0.99067,3.1855002998075332,0.56,10.46937943224268,6
3050,6.2,0.255,0.24,1.7,0.039,138.5,272.0,0.9945200000000001,3.605500299807533,0.53,8.369379432242681,4
3059,8.5,0.19,0.48,1.1,0.026000000000000002,23.0,58.0,0.9918399999999999,2.9755002998075333,0.5,9.269379432242681,6
3060,6.2,0.25,0.54,7.0,0.046,58.0,176.0,0.99454,3.2655002998075333,0.7,9.169379432242682,5
3061,6.2,0.25,0.54,7.0,0.046,58.0,176.0,0.99454,3.2655002998075333,0.7,9.169379432242682,5
3063,6.2,0.25,0.54,7.0,0.046,58.0,176.0,0.99454,3.2655002998075333,0.7,9.169379432242682,5
3072,7.5,0.25,0.47,4.1,0.040999999999999995,95.0,163.0,0.9918399999999999,2.9955002998075333,0.59,10.069379432242682,6
3074,6.6,0.25,0.33,8.5,0.042,29.0,141.0,0.99546,3.355500299807533,0.6,9.169379432242682,5
3080,8.5,0.19,0.48,1.1,0.026000000000000002,23.0,58.0,0.9918399999999999,2.9755002998075333,0.5,9.269379432242681,6
3081,6.2,0.25,0.54,7.0,0.046,58.0,176.0,0.99454,3.2655002998075333,0.7,9.169379432242682,5
3084,6.6,0.17,0.35,2.6,0.03,33.0,78.0,0.99146,3.2955002998075336,0.72,10.069379432242682,6
3090,6.6,0.17,0.35,2.6,0.03,33.0,78.0,0.99146,3.2955002998075336,0.72,10.069379432242682,6
3091,6.3,0.28,0.47,11.2,0.04,61.0,183.0,0.99592,3.1955002998075335,0.51,8.269379432242681,6
3092,7.6,0.27,0.52,3.2,0.043,28.0,152.0,0.99129,3.0955002998075334,0.53,10.169379432242682,6
3094,9.7,0.24,0.49,4.9,0.032,3.0,18.0,0.9936799999999999,2.9255002998075335,0.54,8.769379432242681,6
3095,9.7,0.24,0.49,4.9,0.032,3.0,18.0,0.9936799999999999,2.9255002998075335,0.54,8.769379432242681,6
3096,6.8,0.13,0.39,1.4,0.034,19.0,102.0,0.99121,3.3055002998075333,0.6,10.069379432242682,7
3100,6.7,0.14,0.51,4.3,0.027999999999999997,57.0,124.0,0.9917600000000001,2.9855002998075335,0.54,9.46937943224268,7
3105,7.7,0.26,0.51,2.6,0.045,26.0,159.0,0.99126,3.0755002998075334,0.5,9.96937943224268,6
3106,7.6,0.27,0.52,3.2,0.043,28.0,152.0,0.99129,3.0955002998075334,0.53,10.169379432242682,6
3107,7.7,0.25,0.49,2.5,0.047,31.0,169.0,0.9925200000000001,3.145500299807533,0.57,9.369379432242681,6
3109,6.9,0.3,0.36,4.5,0.054000000000000006,31.0,203.0,0.99513,3.4755002998075333,0.57,9.169379432242682,4
3112,7.6,0.23,0.34,1.6,0.043,24.0,129.0,0.99305,3.1955002998075335,0.7,9.169379432242682,5
3116,6.7,0.21,0.37,2.5,0.034,35.0,89.0,0.9913,3.3255002998075334,0.5,9.769379432242681,7
3121,7.6,0.23,0.34,1.6,0.043,24.0,129.0,0.99305,3.1955002998075335,0.7,9.169379432242682,5
3127,7.6,0.3,0.38,2.1,0.043,10.0,98.0,0.9929600000000001,3.2455002998075333,0.65,9.769379432242681,5
3128,5.0,0.24,0.21,2.2,0.039,31.0,100.0,0.99098,3.7655002998075333,0.62,10.46937943224268,6
3138,6.9,0.22,0.43,6.4,0.042,34.0,115.0,0.99293,3.125500299807533,0.51,9.569379432242682,6
3169,5.7,0.16,0.26,6.3,0.043,28.0,113.0,0.9936,3.1355002998075334,0.58,8.669379432242682,6
3184,6.2,0.1,0.41,1.0,0.04,17.0,76.0,0.98988,3.2155002998075335,0.56,10.169379432242682,7
3186,8.7,0.3,0.59,1.7,0.046,10.0,70.0,0.9937299999999999,3.1355002998075334,0.56,9.569379432242682,4
3188,7.0,0.17,0.36,6.4,0.055,42.0,123.0,0.99318,3.1855002998075332,0.5,9.769379432242681,8
3195,7.0,0.21,0.42,5.3,0.037000000000000005,36.0,123.0,0.99321,3.2155002998075335,0.52,9.669379432242682,6
3207,6.8,0.21,0.42,1.2,0.045,24.0,126.0,0.99234,3.1655002998075332,0.87,9.669379432242682,6
3208,6.8,0.25,0.24,1.6,0.045,39.0,164.0,0.9940200000000001,3.605500299807533,0.58,9.569379432242682,5
3215,7.1,0.14,0.33,1.0,0.10400000000000001,20.0,54.0,0.9905700000000001,3.2655002998075333,0.64,10.269379432242681,6
3226,5.7,0.2,0.3,2.5,0.046,38.0,125.0,0.9927600000000001,3.4155002998075332,0.5,8.669379432242682,6
3227,6.8,0.27,0.37,8.2,0.055,52.0,192.0,0.9958600000000001,3.1855002998075332,0.52,8.269379432242681,6
3228,6.8,0.27,0.42,7.3,0.054000000000000006,58.0,200.0,0.99556,3.1955002998075335,0.49,8.169379432242682,6
3229,6.2,0.2,0.26,1.1,0.047,42.0,119.0,0.9915799999999999,3.5555002998075333,0.6,9.769379432242681,7
3231,6.8,0.21,0.37,7.0,0.038,27.0,107.0,0.99206,3.0555002998075333,0.82,10.269379432242681,6
3240,6.4,0.16,0.42,1.0,0.036000000000000004,29.0,113.0,0.9908,3.2555002998075335,0.52,9.769379432242681,6
3242,7.0,0.29,0.35,1.4,0.036000000000000004,42.0,109.0,0.99119,3.3855002998075334,0.62,10.369379432242681,6
3250,6.7,0.13,0.45,4.2,0.043,52.0,131.0,0.9916200000000001,3.1355002998075334,0.54,10.069379432242682,6
3251,6.7,0.24,0.37,11.3,0.043,64.0,173.0,0.9963200000000001,3.1555002998075334,0.53,8.669379432242682,6
3255,7.4,0.19,0.31,14.5,0.045,39.0,193.0,0.9986,3.1755002998075335,0.5,7.969379432242681,6
3256,7.4,0.19,0.31,14.5,0.045,39.0,193.0,0.9986,3.1755002998075335,0.5,7.969379432242681,6
3257,7.4,0.19,0.31,14.5,0.045,39.0,193.0,0.9986,3.1755002998075335,0.5,7.969379432242681,6
3258,7.4,0.19,0.31,14.5,0.045,39.0,193.0,0.9986,3.1755002998075335,0.5,7.969379432242681,6
3259,7.4,0.19,0.31,14.5,0.045,39.0,193.0,0.9986,3.1755002998075335,0.5,7.969379432242681,6
3260,7.4,0.19,0.31,14.5,0.045,39.0,193.0,0.9986,3.1755002998075335,0.5,7.969379432242681,6
3272,7.5,0.22,0.32,2.4,0.045,29.0,100.0,0.99135,3.1555002998075334,0.6,10.069379432242682,7
3273,6.4,0.23,0.32,1.9,0.038,40.0,118.0,0.99074,3.395500299807533,0.53,10.569379432242682,7
3274,6.1,0.22,0.31,1.4,0.039,40.0,129.0,0.99193,3.5255002998075335,0.59,9.669379432242682,5
3282,6.7,0.12,0.36,2.3,0.039,43.0,125.0,0.99229,3.145500299807533,0.67,8.869379432242681,7
3285,6.8,0.21,0.31,2.9,0.046,40.0,121.0,0.9913,3.145500299807533,0.65,9.669379432242682,7
3286,6.8,0.23,0.31,2.8,0.047,40.0,122.0,0.99126,3.1355002998075334,0.64,9.669379432242682,7
3287,6.8,0.21,0.31,2.9,0.046,40.0,121.0,0.9913,3.145500299807533,0.65,9.669379432242682,7
3294,7.3,0.25,0.28,1.5,0.043,19.0,113.0,0.9933799999999999,3.4555002998075333,0.56,8.869379432242681,6
3311,6.0,0.19,0.29,1.1,0.047,67.0,152.0,0.9916,3.6155002998075334,0.59,9.869379432242681,7
3319,5.1,0.21,0.28,1.4,0.047,48.0,148.0,0.9916799999999999,3.5755002998075334,0.49,9.169379432242682,5
3320,7.5,0.29,0.36,15.7,0.05,29.0,124.0,0.9968,3.1355002998075334,0.54,9.169379432242682,5
3324,6.9,0.17,0.3,2.0,0.047,13.0,117.0,0.9915200000000001,3.2355002998075335,0.51,10.369379432242681,6
3327,5.8,0.17,0.36,1.3,0.036000000000000004,11.0,70.0,0.9920200000000001,3.5055002998075335,0.68,9.169379432242682,7
3329,6.7,0.21,0.34,1.4,0.049,36.0,112.0,0.9909100000000001,3.0955002998075334,0.5,9.769379432242681,6
3330,6.7,0.23,0.33,8.1,0.048,45.0,176.0,0.99472,3.1855002998075332,0.52,8.869379432242681,6
3331,6.8,0.23,0.32,8.6,0.046,47.0,159.0,0.9945200000000001,3.1555002998075334,0.52,9.269379432242681,6
3333,5.1,0.165,0.22,5.7,0.047,42.0,146.0,0.9934,3.2555002998075335,0.55,8.669379432242682,6
3345,6.8,0.18,0.24,9.8,0.057999999999999996,64.0,188.0,0.9952,3.2055002998075333,0.51,9.369379432242681,6
3346,6.7,0.18,0.24,10.3,0.057,64.0,185.0,0.99519,3.1955002998075335,0.5,9.369379432242681,6
3347,6.6,0.16,0.21,6.7,0.055,43.0,157.0,0.99384,3.2255002998075333,0.52,9.569379432242682,6
3349,6.4,0.17,0.27,9.9,0.047,26.0,101.0,0.9959600000000001,3.4155002998075332,0.5,8.669379432242682,6
3350,7.2,0.22,0.28,7.2,0.06,41.0,132.0,0.9935,3.1555002998075334,0.59,10.069379432242682,6
3354,5.9,0.2,0.28,12.8,0.038,29.0,132.0,0.99426,3.3855002998075334,0.57,10.569379432242682,7
3360,7.1,0.18,0.49,1.3,0.033,12.0,72.0,0.99072,3.125500299807533,0.53,10.069379432242682,7
3361,6.4,0.17,0.27,9.9,0.047,26.0,101.0,0.9959600000000001,3.4155002998075332,0.5,8.669379432242682,6
3362,7.2,0.22,0.28,7.2,0.06,41.0,132.0,0.9935,3.1555002998075334,0.59,10.069379432242682,6
3369,7.0,0.22,0.28,10.6,0.039,32.0,117.0,0.99355,3.125500299807533,0.55,10.269379432242681,7
3372,5.6,0.15,0.26,5.55,0.051,51.0,139.0,0.99336,3.5455002998075336,0.5,9.769379432242681,6
3375,7.8,0.22,0.26,9.0,0.047,38.0,132.0,0.997,3.3255002998075334,0.53,8.96937943224268,6
3383,6.4,0.22,0.32,4.9,0.046,50.0,156.0,0.99316,3.4555002998075333,0.55,9.96937943224268,6
3384,6.8,0.23,0.3,6.95,0.044000000000000004,42.0,179.0,0.9946,3.3255002998075334,0.56,9.369379432242681,6
3394,6.5,0.25,0.45,7.8,0.048,52.0,188.0,0.9957600000000001,3.2755002998075335,0.53,7.869379432242681,5
3395,6.6,0.26,0.46,7.8,0.047,48.0,186.0,0.9958,3.2755002998075335,0.54,7.869379432242681,5
3403,8.8,0.27,0.25,5.0,0.024,52.0,99.0,0.9925,2.9455002998075335,0.49,10.169379432242682,5
3404,5.8,0.18,0.28,1.3,0.034,9.0,94.0,0.99092,3.2855002998075333,0.52,9.96937943224268,6
3405,5.8,0.15,0.32,1.2,0.037000000000000005,14.0,119.0,0.9913700000000001,3.2655002998075333,0.5,8.96937943224268,6
3411,6.0,0.14,0.17,5.6,0.036000000000000004,37.0,127.0,0.9937299999999999,3.125500299807533,0.57,8.569379432242682,6
3412,6.8,0.24,0.29,9.5,0.042,56.0,157.0,0.9958600000000001,3.1855002998075332,0.51,8.869379432242681,6
3413,6.7,0.21,0.48,14.8,0.05,31.0,195.0,0.9994200000000001,3.0255002998075335,0.75,7.569379432242682,6
3423,7.1,0.18,0.39,14.5,0.051,48.0,156.0,0.9994700000000001,3.4255002998075335,0.78,7.869379432242681,5
3425,7.1,0.17,0.4,14.55,0.047,47.0,156.0,0.99945,3.4155002998075332,0.78,7.869379432242681,6
3426,7.1,0.17,0.4,14.55,0.047,47.0,156.0,0.99945,3.4155002998075332,0.78,7.869379432242681,6
3427,5.8,0.24,0.26,10.05,0.039,63.0,162.0,0.99375,3.4055002998075334,0.5,9.96937943224268,6
3429,7.1,0.18,0.39,14.5,0.051,48.0,156.0,0.9994700000000001,3.4255002998075335,0.78,7.869379432242681,5
3430,7.1,0.17,0.4,14.55,0.047,47.0,156.0,0.99945,3.4155002998075332,0.78,7.869379432242681,6
3431,7.1,0.18,0.39,15.25,0.047,45.0,158.0,0.99946,3.4155002998075332,0.77,7.869379432242681,6
3436,6.9,0.24,0.23,7.1,0.040999999999999995,20.0,97.0,0.99246,3.1755002998075335,0.85,10.169379432242682,6
3441,7.1,0.25,0.28,1.2,0.04,31.0,111.0,0.99174,3.2555002998075335,0.53,9.869379432242681,5
3452,8.0,0.24,0.48,6.8,0.047,13.0,134.0,0.99616,3.3055002998075333,0.7,8.769379432242681,5
3460,6.8,0.19,0.4,9.85,0.055,41.0,103.0,0.9953200000000001,3.0555002998075333,0.56,9.269379432242681,6
3461,6.7,0.24,0.3,3.85,0.042,105.0,179.0,0.9918899999999999,3.1155002998075334,0.59,10.069379432242682,8
3464,6.9,0.29,0.41,7.8,0.046,52.0,171.0,0.9953700000000001,3.1955002998075335,0.51,8.369379432242681,5
3470,6.7,0.24,0.3,3.85,0.042,105.0,179.0,0.9918899999999999,3.1155002998075334,0.59,10.069379432242682,8
3471,6.8,0.19,0.4,9.85,0.055,41.0,103.0,0.9953200000000001,3.0555002998075333,0.56,9.269379432242681,6
3472,6.7,0.16,0.36,2.0,0.045,24.0,131.0,0.99284,3.375500299807533,0.59,9.269379432242681,6
3474,6.5,0.22,0.19,1.1,0.064,36.0,191.0,0.99297,3.125500299807533,0.5,8.269379432242681,6
3485,7.5,0.21,0.32,4.8,0.055999999999999994,39.0,113.0,0.99393,3.1855002998075332,0.52,8.96937943224268,7
3487,6.5,0.22,0.19,1.1,0.064,36.0,191.0,0.99297,3.125500299807533,0.5,8.269379432242681,6
3494,6.7,0.24,0.36,8.4,0.042,42.0,123.0,0.9947299999999999,3.4155002998075332,0.52,9.669379432242682,6
3496,6.0,0.24,0.28,3.95,0.038,61.0,134.0,0.99146,3.375500299807533,0.54,10.069379432242682,7
3498,6.4,0.3,0.36,2.0,0.052000000000000005,18.0,141.0,0.9927299999999999,3.4555002998075333,0.53,9.269379432242681,6
3501,6.7,0.24,0.36,8.4,0.042,42.0,123.0,0.9947299999999999,3.4155002998075332,0.52,9.669379432242682,6
3502,6.7,0.29,0.45,14.3,0.054000000000000006,30.0,181.0,0.99869,3.2155002998075335,0.57,7.869379432242681,5
3504,6.5,0.16,0.34,1.4,0.028999999999999998,29.0,133.0,0.99108,3.4055002998075334,0.64,10.269379432242681,7
3505,6.0,0.2,0.32,3.0,0.031,26.0,118.0,0.99134,3.4555002998075333,0.68,9.96937943224268,7
3508,6.7,0.29,0.45,14.3,0.054000000000000006,30.0,181.0,0.99869,3.2155002998075335,0.57,7.869379432242681,5
3509,6.4,0.26,0.25,10.7,0.046,66.0,179.0,0.9960600000000001,3.2455002998075333,0.55,8.669379432242682,6
3510,7.0,0.22,0.24,11.0,0.040999999999999995,75.0,167.0,0.99508,3.0555002998075333,0.56,9.269379432242681,6
3511,6.5,0.19,0.28,1.4,0.046,22.0,90.0,0.9903799999999999,3.2555002998075335,0.51,10.46937943224268,7
3512,6.3,0.21,0.31,1.2,0.043,30.0,117.0,0.9915799999999999,3.5655002998075336,0.68,9.769379432242681,6
3518,7.5,0.2,0.41,1.2,0.05,26.0,131.0,0.9913299999999999,3.2655002998075333,0.52,9.869379432242681,5
3521,5.9,0.23,0.24,3.8,0.038,61.0,152.0,0.99139,3.3855002998075334,0.5,10.069379432242682,7
3532,7.2,0.23,0.46,6.4,0.036000000000000004,17.0,85.0,0.99279,3.1755002998075335,0.78,10.46937943224268,6
3537,6.2,0.27,0.47,1.2,0.146,28.0,105.0,0.99224,3.3055002998075333,0.51,8.869379432242681,5
3550,7.2,0.14,0.32,1.1,0.022000000000000002,48.0,116.0,0.99218,3.1155002998075334,0.67,8.769379432242681,6
3555,5.8,0.14,0.15,6.1,0.042,27.0,123.0,0.9936200000000001,3.1355002998075334,0.6,8.669379432242682,6
3568,7.8,0.15,0.34,1.1,0.035,31.0,93.0,0.9909600000000001,3.145500299807533,0.72,10.069379432242682,7
3574,8.1,0.17,0.21,1.6,0.036000000000000004,24.0,119.0,0.9939600000000001,3.2555002998075335,0.52,8.869379432242681,6
3576,7.4,0.28,0.36,14.6,0.048,35.0,161.0,0.9968,3.2155002998075335,0.56,9.369379432242681,5
3577,7.3,0.23,0.27,2.6,0.035,39.0,120.0,0.9913799999999999,3.1155002998075334,0.59,10.069379432242682,7
3583,7.7,0.24,0.3,1.4,0.040999999999999995,15.0,102.0,0.9929,3.335500299807533,0.53,9.169379432242682,6
3587,6.8,0.19,0.71,17.5,0.042,21.0,114.0,0.99784,2.9255002998075335,0.5,8.269379432242681,6
3588,6.8,0.19,0.71,17.5,0.042,21.0,114.0,0.99784,2.9255002998075335,0.5,8.269379432242681,6
3589,6.8,0.19,0.71,17.5,0.042,21.0,114.0,0.99784,2.9255002998075335,0.5,8.269379432242681,6
3601,6.6,0.295,0.24,1.6,0.039,29.0,140.0,0.9930399999999999,3.4255002998075335,0.61,9.169379432242682,7
3602,6.6,0.26,0.24,7.2,0.038,28.0,137.0,0.9952,3.4255002998075335,0.6,9.169379432242682,6
3607,6.8,0.14,0.18,1.4,0.047,30.0,90.0,0.99164,3.3455002998075334,0.54,9.96937943224268,6
3611,6.8,0.14,0.18,1.4,0.047,30.0,90.0,0.99164,3.3455002998075334,0.54,9.96937943224268,6
3612,6.8,0.16,0.18,1.8,0.046,31.0,114.0,0.99226,3.3455002998075334,0.55,9.569379432242682,6
3617,7.0,0.29,0.33,0.9,0.040999999999999995,20.0,117.0,0.9904799999999999,3.2855002998075333,0.5,10.169379432242682,5
3618,7.1,0.27,0.24,12.6,0.044000000000000004,48.0,118.0,0.99726,3.1155002998075334,0.56,8.769379432242681,7
3620,6.3,0.2,0.26,4.7,0.04,108.0,168.0,0.9927799999999999,3.145500299807533,0.75,9.46937943224268,7
3621,7.1,0.27,0.24,12.6,0.044000000000000004,48.0,118.0,0.99726,3.1155002998075334,0.56,8.769379432242681,7
3626,7.0,0.29,0.33,0.9,0.040999999999999995,20.0,117.0,0.9904799999999999,3.2855002998075333,0.5,10.169379432242682,5
3636,6.5,0.26,0.39,1.4,0.02,12.0,66.0,0.9908899999999999,3.3255002998075334,0.75,10.069379432242682,7
3637,8.7,0.3,0.34,4.8,0.018000000000000002,23.0,127.0,0.99474,3.1955002998075335,0.49,9.96937943224268,7
3640,6.8,0.19,0.33,4.9,0.047,42.0,130.0,0.9928299999999999,3.1955002998075335,0.56,9.769379432242681,6
3641,6.0,0.25,0.4,5.7,0.052000000000000005,56.0,152.0,0.99398,3.2355002998075335,0.88,9.269379432242681,6
3642,6.0,0.25,0.4,5.7,0.052000000000000005,56.0,152.0,0.99398,3.2355002998075335,0.88,9.269379432242681,6
3643,6.8,0.19,0.33,4.9,0.047,42.0,130.0,0.9928299999999999,3.1955002998075335,0.56,9.769379432242681,6
3644,6.4,0.24,0.23,2.0,0.046,30.0,133.0,0.9908,3.1955002998075335,0.54,10.169379432242682,7
3650,6.9,0.19,0.6,4.0,0.037000000000000005,6.0,122.0,0.99255,2.9955002998075333,0.59,9.169379432242682,4
3652,6.6,0.085,0.33,1.4,0.036000000000000004,17.0,109.0,0.99306,3.3455002998075334,0.61,8.269379432242681,6
3666,6.8,0.21,0.26,11.7,0.038,61.0,152.0,0.99523,3.0955002998075334,0.56,9.269379432242681,7
3670,6.2,0.21,0.18,11.6,0.044000000000000004,61.0,155.0,0.99655,3.2155002998075335,0.52,8.169379432242682,6
3680,6.8,0.15,0.41,12.9,0.044000000000000004,79.5,183.0,0.9974200000000001,3.3155002998075336,0.78,8.96937943224268,6
3682,6.4,0.16,0.44,1.2,0.051,39.0,122.0,0.9905799999999999,3.1855002998075332,0.75,10.069379432242682,7
3683,6.8,0.15,0.41,12.9,0.044000000000000004,79.5,183.0,0.9974200000000001,3.3155002998075336,0.78,8.96937943224268,6
3685,6.8,0.15,0.41,12.9,0.044000000000000004,79.5,183.0,0.9974200000000001,3.3155002998075336,0.78,8.96937943224268,6
3686,7.6,0.3,0.37,1.6,0.087,27.0,177.0,0.9943799999999999,3.1655002998075332,0.5,8.569379432242682,5
3695,6.4,0.15,0.4,1.3,0.053,61.0,146.0,0.9911200000000001,3.2455002998075333,0.68,9.769379432242681,6
3696,6.4,0.16,0.44,1.2,0.051,39.0,122.0,0.9905799999999999,3.1855002998075332,0.75,10.069379432242682,7
3697,6.8,0.15,0.41,12.9,0.044000000000000004,79.5,182.0,0.9974200000000001,3.3155002998075336,0.78,8.96937943224268,6
3698,6.3,0.22,0.34,1.2,0.036000000000000004,32.0,96.0,0.98961,3.1355002998075334,0.74,10.369379432242681,6
3699,7.6,0.3,0.37,1.6,0.087,27.0,177.0,0.9943799999999999,3.1655002998075332,0.5,8.569379432242682,5
3700,7.0,0.3,0.27,1.5,0.076,24.0,145.0,0.99344,3.1755002998075335,0.52,8.869379432242681,5
3702,7.5,0.24,0.31,13.1,0.05,26.0,180.0,0.99884,3.125500299807533,0.53,7.869379432242681,6
3703,7.5,0.24,0.31,13.1,0.05,26.0,180.0,0.99884,3.125500299807533,0.53,7.869379432242681,6
3704,7.5,0.24,0.31,13.1,0.05,26.0,180.0,0.99884,3.125500299807533,0.53,7.869379432242681,6
3705,7.5,0.24,0.31,13.1,0.05,26.0,180.0,0.99884,3.125500299807533,0.53,7.869379432242681,6
3706,6.6,0.15,0.34,1.0,0.037000000000000005,45.0,79.0,0.98949,3.0355002998075333,0.5,10.46937943224268,6
3711,7.5,0.24,0.31,13.1,0.05,26.0,180.0,0.99884,3.125500299807533,0.53,7.869379432242681,6
3712,6.3,0.2,0.18,10.6,0.045,57.0,159.0,0.99666,3.1655002998075332,0.54,7.969379432242681,5
3713,6.6,0.28,0.23,10.4,0.049,45.0,190.0,0.99754,3.1955002998075335,0.51,7.569379432242682,5
3717,6.3,0.18,0.24,3.4,0.053,20.0,119.0,0.9937299999999999,3.1855002998075332,0.52,7.969379432242681,6
3721,7.7,0.3,0.23,2.0,0.068,28.0,138.0,0.99382,3.1855002998075332,0.62,8.569379432242682,5
3724,5.4,0.255,0.33,1.2,0.051,29.0,122.0,0.9904799999999999,3.4455002998075335,0.66,10.069379432242682,6
3737,7.1,0.21,0.72,1.6,0.16699999999999998,65.0,120.0,0.99324,3.0455002998075336,0.51,7.969379432242681,5
3748,6.2,0.24,0.25,12.5,0.055,47.0,134.0,0.9975799999999999,3.375500299807533,0.51,7.7693794322426815,5
3749,6.3,0.28,0.29,6.8,0.051,40.0,143.0,0.99374,3.5055002998075335,0.59,9.769379432242681,6
3751,5.5,0.17,0.23,2.9,0.039,10.0,108.0,0.9924299999999999,3.355500299807533,0.5,8.769379432242681,5
3756,5.5,0.17,0.23,2.9,0.039,10.0,108.0,0.9924299999999999,3.355500299807533,0.5,8.769379432242681,5
3762,7.4,0.2,0.35,6.1,0.025,10.0,40.0,0.99244,2.8655002998075334,0.52,9.669379432242682,5
3778,6.3,0.15,0.3,1.4,0.022000000000000002,38.0,100.0,0.9909899999999999,3.4955002998075333,0.57,10.169379432242682,7
3784,6.5,0.25,0.27,17.4,0.064,29.0,140.0,0.9977600000000001,3.2755002998075335,0.49,8.869379432242681,6
3792,6.8,0.25,0.3,11.8,0.043,53.0,133.0,0.99524,3.105500299807533,0.58,9.169379432242682,6
3795,6.5,0.25,0.27,17.4,0.064,29.0,140.0,0.9977600000000001,3.2755002998075335,0.49,8.869379432242681,6
3798,7.9,0.21,0.39,2.0,0.057,21.0,138.0,0.9917600000000001,3.125500299807533,0.52,9.669379432242682,5
3799,7.0,0.3,0.28,2.2,0.042,21.0,177.0,0.99166,3.2755002998075335,0.57,10.169379432242682,5
3800,8.1,0.2,0.3,1.3,0.036000000000000004,7.0,49.0,0.9924200000000001,3.0655002998075336,0.73,9.069379432242682,5
3801,8.3,0.18,0.3,1.1,0.033,20.0,57.0,0.9910899999999999,3.0955002998075334,0.51,9.769379432242681,6
3802,7.9,0.21,0.39,2.0,0.057,21.0,138.0,0.9917600000000001,3.125500299807533,0.52,9.669379432242682,5
3804,8.1,0.2,0.3,1.3,0.036000000000000004,7.0,49.0,0.9924200000000001,3.0655002998075336,0.73,9.069379432242682,5
3805,8.3,0.18,0.3,1.1,0.033,20.0,57.0,0.9910899999999999,3.0955002998075334,0.51,9.769379432242681,6
3807,6.8,0.21,0.62,6.4,0.040999999999999995,7.0,113.0,0.9935799999999999,3.0355002998075333,0.59,8.96937943224268,5
3808,6.9,0.21,0.62,6.3,0.042,7.0,109.0,0.9935799999999999,3.0355002998075333,0.59,8.96937943224268,6
3810,6.8,0.26,0.34,15.1,0.06,42.0,162.0,0.99705,3.3155002998075336,0.52,9.269379432242681,3
3811,7.2,0.28,0.38,2.0,0.052000000000000005,23.0,156.0,0.9912,3.2055002998075333,0.52,9.869379432242681,5
3812,7.9,0.21,0.39,2.0,0.057,21.0,138.0,0.9917600000000001,3.125500299807533,0.52,9.669379432242682,5
3813,7.0,0.3,0.28,2.2,0.042,21.0,177.0,0.99166,3.2755002998075335,0.57,10.169379432242682,5
3821,6.9,0.28,0.28,12.2,0.042,52.0,139.0,0.9952200000000001,3.105500299807533,0.56,9.169379432242682,6
3824,7.3,0.24,0.3,2.5,0.042,31.0,104.0,0.9911,3.125500299807533,0.56,10.069379432242682,7
3841,6.6,0.21,0.5,8.7,0.036000000000000004,41.0,191.0,0.9929399999999999,3.0355002998075333,0.56,9.769379432242681,6
3857,5.4,0.17,0.27,2.7,0.049,28.0,104.0,0.99224,3.5355002998075333,0.55,9.069379432242682,6
3866,8.4,0.23,0.32,1.3,0.048,59.0,113.0,0.9917799999999999,3.1755002998075335,0.55,9.769379432242681,6
3874,6.7,0.26,0.51,8.0,0.062,50.0,194.0,0.99545,3.2055002998075333,0.5,8.369379432242681,5
3877,7.1,0.28,0.31,1.5,0.053,20.0,98.0,0.99069,3.2255002998075333,0.5,10.169379432242682,5
3882,7.1,0.2,0.37,1.5,0.049,28.0,129.0,0.99226,3.2255002998075333,0.52,9.569379432242682,5
3891,7.1,0.2,0.37,1.5,0.049,28.0,129.0,0.99226,3.2255002998075333,0.52,9.569379432242682,5
3896,6.7,0.26,0.29,7.7,0.038,40.0,179.0,0.99479,3.3055002998075333,0.56,9.169379432242682,6
3897,7.0,0.24,0.3,12.3,0.035,72.0,172.0,0.9954,3.0655002998075336,0.57,9.169379432242682,6
3898,8.5,0.23,0.34,1.3,0.035,54.0,110.0,0.9917600000000001,3.145500299807533,0.55,9.769379432242681,7
3902,6.1,0.22,0.38,2.8,0.14400000000000002,12.0,65.0,0.9908,3.0255002998075335,0.64,10.169379432242682,6
3917,6.2,0.28,0.51,7.9,0.055999999999999994,49.0,206.0,0.9956,3.2555002998075335,0.52,8.169379432242682,5
3920,7.4,0.25,0.37,2.6,0.05,24.0,132.0,0.9913799999999999,3.1155002998075334,0.53,9.96937943224268,6
3932,6.9,0.22,0.28,7.8,0.05,43.0,116.0,0.99326,3.2955002998075336,0.6,10.269379432242681,8
3934,7.3,0.27,0.3,1.3,0.04,26.0,84.0,0.9922200000000001,3.355500299807533,0.53,9.46937943224268,6
3936,5.7,0.23,0.25,7.95,0.042,16.0,108.0,0.9948600000000001,3.5155002998075333,0.61,9.069379432242682,6
3939,6.2,0.27,0.32,6.3,0.048,47.0,159.0,0.99282,3.2855002998075333,0.6,9.769379432242681,6
3943,6.4,0.2,0.15,6.6,0.046,26.0,113.0,0.99408,3.0655002998075336,0.58,8.669379432242682,6
3944,6.1,0.27,0.32,6.2,0.048,47.0,161.0,0.9928100000000001,3.2955002998075336,0.6,9.769379432242681,6
3945,6.2,0.27,0.32,6.3,0.048,47.0,159.0,0.99282,3.2855002998075333,0.6,9.769379432242681,6
3953,8.4,0.22,0.3,1.3,0.038,45.0,122.0,0.9917799999999999,3.2055002998075333,0.54,9.569379432242682,7
3967,6.3,0.27,0.51,7.6,0.049,35.0,200.0,0.9954799999999999,3.2355002998075335,0.54,8.169379432242682,4
3968,6.5,0.29,0.52,7.9,0.049,35.0,192.0,0.99551,3.2355002998075335,0.51,8.269379432242681,6
3969,6.4,0.17,0.3,2.8,0.034,33.0,125.0,0.9915200000000001,3.105500299807533,0.49,9.169379432242682,6
3970,6.7,0.18,0.31,10.6,0.035,42.0,143.0,0.99572,3.1555002998075334,0.49,8.569379432242682,7
3971,6.4,0.17,0.3,2.8,0.034,33.0,125.0,0.9915200000000001,3.105500299807533,0.49,9.169379432242682,6
3973,6.3,0.27,0.51,7.6,0.049,35.0,200.0,0.9954799999999999,3.2355002998075335,0.54,8.169379432242682,4
3974,6.5,0.29,0.52,7.9,0.049,35.0,192.0,0.99551,3.2355002998075335,0.51,8.269379432242681,6
3978,6.5,0.29,0.53,1.7,0.04,41.0,192.0,0.9922,3.335500299807533,0.59,9.169379432242682,7
3979,6.5,0.29,0.52,1.7,0.034,41.0,193.0,0.99223,3.3255002998075334,0.59,9.169379432242682,6
3981,6.3,0.22,0.27,4.5,0.036000000000000004,81.0,157.0,0.9928,3.125500299807533,0.76,9.46937943224268,7
3987,7.3,0.23,0.41,14.6,0.048,73.0,223.0,0.9986299999999999,3.2355002998075335,0.71,8.169379432242682,6
3990,7.3,0.23,0.41,14.6,0.048,73.0,223.0,0.9986299999999999,3.2355002998075335,0.71,8.169379432242682,6
3992,6.7,0.19,0.32,3.7,0.040999999999999995,26.0,76.0,0.9917299999999999,2.9755002998075333,0.57,9.269379432242681,7
3993,6.7,0.28,0.34,8.9,0.048,32.0,111.0,0.99455,3.3255002998075334,0.54,9.769379432242681,7
3994,6.7,0.28,0.34,8.9,0.048,32.0,111.0,0.99455,3.3255002998075334,0.54,9.769379432242681,7
3996,6.7,0.28,0.34,8.9,0.048,32.0,111.0,0.99455,3.3255002998075334,0.54,9.769379432242681,7
3998,6.4,0.24,0.49,5.8,0.053,25.0,120.0,0.9942,3.085500299807533,0.98,9.269379432242681,6
3999,6.4,0.24,0.49,5.8,0.053,25.0,120.0,0.9942,3.085500299807533,0.98,9.269379432242681,6
4000,6.4,0.24,0.49,5.8,0.053,25.0,120.0,0.9942,3.085500299807533,0.98,9.269379432242681,6
4003,6.8,0.14,0.35,1.5,0.047,40.0,117.0,0.99111,3.145500299807533,0.72,9.869379432242681,6
4005,6.8,0.14,0.35,1.5,0.047,40.0,117.0,0.99111,3.145500299807533,0.72,9.869379432242681,6
4009,6.8,0.22,0.32,5.9,0.054000000000000006,40.0,152.0,0.9938,3.2755002998075335,0.57,9.569379432242682,6
4010,7.2,0.21,0.29,3.1,0.044000000000000004,39.0,122.0,0.9914299999999999,3.0755002998075334,0.6,10.069379432242682,6
4012,6.4,0.24,0.49,5.8,0.053,25.0,120.0,0.9942,3.085500299807533,0.98,9.269379432242681,6
4017,5.9,0.23,0.24,1.6,0.037000000000000005,32.0,115.0,0.9907600000000001,3.2855002998075333,0.51,10.169379432242682,6
4023,7.6,0.19,0.37,13.1,0.033,52.0,151.0,0.99726,3.2555002998075335,0.79,9.169379432242682,6
4024,6.0,0.28,0.27,4.1,0.046,50.0,147.0,0.99126,3.3455002998075334,0.56,10.369379432242681,6
4026,7.6,0.19,0.37,13.1,0.033,52.0,151.0,0.99726,3.2555002998075335,0.79,9.169379432242682,6
4027,6.4,0.26,0.26,1.1,0.052000000000000005,22.0,176.0,0.9930399999999999,3.1655002998075332,0.54,8.069379432242682,5
4033,7.5,0.26,0.38,5.7,0.021,23.0,125.0,0.9933799999999999,3.2055002998075333,0.62,9.869379432242681,6
4035,6.4,0.2,0.22,7.4,0.032,53.0,172.0,0.9940399999999999,3.3155002998075336,0.58,9.769379432242681,6
4040,6.3,0.24,0.29,1.6,0.052000000000000005,48.0,185.0,0.9934,3.2855002998075333,0.5,8.169379432242682,5
4041,6.2,0.24,0.22,7.9,0.053,45.0,149.0,0.99545,3.3055002998075333,0.52,8.069379432242682,5
4047,6.9,0.19,0.35,13.5,0.038,49.0,118.0,0.99546,3.0755002998075334,0.63,9.46937943224268,6
4048,6.9,0.19,0.35,13.5,0.038,49.0,118.0,0.99546,3.0755002998075334,0.63,9.46937943224268,6
4049,6.8,0.16,0.36,1.3,0.034,32.0,98.0,0.9905799999999999,3.0955002998075334,0.58,10.069379432242682,6
4052,6.2,0.24,0.22,7.9,0.053,45.0,149.0,0.99545,3.3055002998075333,0.52,8.069379432242682,5
4057,6.6,0.17,0.36,1.9,0.036000000000000004,38.0,110.0,0.99056,3.125500299807533,0.54,10.169379432242682,6
4058,6.9,0.19,0.35,13.5,0.038,49.0,118.0,0.99546,3.0755002998075334,0.63,9.46937943224268,6
4059,6.8,0.16,0.36,1.3,0.034,32.0,98.0,0.9905799999999999,3.0955002998075334,0.58,10.069379432242682,6
4070,6.1,0.28,0.27,8.0,0.048,41.0,162.0,0.99498,3.2855002998075333,0.51,8.669379432242682,5
4072,7.5,0.16,0.38,12.7,0.043,70.5,163.0,0.9970600000000001,3.2255002998075333,0.82,9.169379432242682,7
4077,5.7,0.25,0.21,1.5,0.044000000000000004,21.0,108.0,0.9914200000000001,3.375500299807533,0.59,9.769379432242681,6
4078,5.8,0.23,0.21,1.5,0.044000000000000004,21.0,110.0,0.9913799999999999,3.375500299807533,0.57,9.769379432242681,6
4080,5.7,0.25,0.27,10.8,0.05,58.0,116.0,0.99592,3.1755002998075335,0.5,8.569379432242682,6
4082,5.9,0.23,0.28,8.6,0.046,37.0,142.0,0.9943200000000001,3.3055002998075333,0.53,9.369379432242681,6
4089,6.8,0.27,0.24,4.6,0.098,36.0,127.0,0.9941200000000001,3.2255002998075333,0.49,8.369379432242681,6
4096,8.0,0.25,0.35,1.1,0.054000000000000006,13.0,136.0,0.99366,3.1555002998075334,0.55,8.269379432242681,5
4106,5.3,0.23,0.56,0.9,0.040999999999999995,46.0,141.0,0.99119,3.2355002998075335,0.62,8.46937943224268,5
4109,5.0,0.255,0.22,2.7,0.043,46.0,153.0,0.9923799999999999,3.8255002998075334,0.76,10.069379432242682,6
4111,5.5,0.21,0.25,1.2,0.04,18.0,75.0,0.99006,3.3855002998075334,0.56,10.069379432242682,6
4112,6.0,0.2,0.25,2.0,0.040999999999999995,30.0,95.0,0.9907799999999999,3.3455002998075334,0.56,9.869379432242681,6
4113,6.1,0.17,0.29,1.1,0.040999999999999995,32.0,92.0,0.99036,3.335500299807533,0.57,9.96937943224268,6
4121,6.3,0.23,0.22,17.45,0.054000000000000006,42.0,151.0,0.9985299999999999,3.1955002998075335,0.6,8.069379432242682,6
4124,6.0,0.13,0.36,1.6,0.052000000000000005,23.0,72.0,0.98974,3.1755002998075335,0.5,10.269379432242681,7
4125,6.3,0.17,0.23,5.7,0.048,44.0,147.0,0.99382,3.1555002998075334,0.54,8.769379432242681,5
4126,6.3,0.18,0.22,5.6,0.047,45.0,147.0,0.9938299999999999,3.1655002998075332,0.54,8.769379432242681,5
4130,6.8,0.29,0.32,1.8,0.032,18.0,130.0,0.99095,3.125500299807533,0.62,9.96937943224268,6
4135,5.9,0.26,0.24,2.4,0.046,27.0,132.0,0.99234,3.7055002998075333,0.73,10.069379432242682,5
4139,6.8,0.18,0.35,5.4,0.054000000000000006,53.0,143.0,0.99287,3.1755002998075335,0.54,9.769379432242681,7
4140,6.8,0.28,0.29,11.9,0.052000000000000005,51.0,149.0,0.99544,3.0955002998075334,0.58,9.169379432242682,6
4141,6.8,0.28,0.29,11.9,0.052000000000000005,51.0,149.0,0.99544,3.0955002998075334,0.58,9.169379432242682,6
4142,5.9,0.27,0.27,9.0,0.051,43.0,136.0,0.9941,3.3255002998075334,0.53,9.46937943224268,6
4144,6.8,0.28,0.29,11.9,0.052000000000000005,51.0,149.0,0.99544,3.0955002998075334,0.58,9.169379432242682,6
4145,6.8,0.26,0.29,11.9,0.052000000000000005,54.0,160.0,0.99546,3.105500299807533,0.58,9.169379432242682,6
4147,6.8,0.18,0.35,5.4,0.054000000000000006,53.0,143.0,0.99287,3.1755002998075335,0.54,9.769379432242681,7
4148,6.2,0.2,0.25,15.0,0.055,8.0,120.0,0.9976700000000001,3.2655002998075333,0.53,8.369379432242681,6
4152,6.2,0.2,0.25,15.0,0.055,8.0,120.0,0.9976700000000001,3.2655002998075333,0.53,8.369379432242681,6
4174,6.3,0.24,0.22,11.9,0.05,65.0,179.0,0.99659,3.1355002998075334,0.58,8.069379432242682,6
4176,6.8,0.24,0.33,3.2,0.049,68.0,161.0,0.99324,3.1755002998075335,0.69,8.96937943224268,6
4177,6.4,0.25,0.33,1.7,0.037000000000000005,35.0,113.0,0.99164,3.3055002998075333,0.66,9.369379432242681,6
4179,6.9,0.24,0.4,15.4,0.052000000000000005,81.0,198.0,0.9986,3.2755002998075335,0.69,8.169379432242682,5
4181,6.6,0.25,0.32,5.6,0.039,15.0,68.0,0.9916299999999999,3.0355002998075333,0.52,9.869379432242681,6
4183,6.2,0.3,0.3,2.5,0.040999999999999995,29.0,82.0,0.99065,3.3855002998075334,0.61,10.569379432242682,7
4185,6.9,0.24,0.4,15.4,0.052000000000000005,81.0,198.0,0.9986,3.2755002998075335,0.69,8.169379432242682,5
4186,7.6,0.27,0.32,1.2,0.043,23.0,72.0,0.99236,3.1355002998075334,0.68,9.269379432242681,5
4197,6.3,0.3,0.48,7.4,0.053,34.0,149.0,0.99472,3.2555002998075335,0.53,8.569379432242682,5
4204,6.9,0.26,0.38,10.5,0.044000000000000004,33.0,139.0,0.9951700000000001,3.1355002998075334,0.5,9.069379432242682,6
4207,6.1,0.25,0.3,1.2,0.036000000000000004,42.0,107.0,0.991,3.4155002998075332,0.56,9.569379432242682,7
4208,5.6,0.23,0.29,3.1,0.023,19.0,89.0,0.9906799999999999,3.3255002998075334,0.51,9.96937943224268,6
4209,6.6,0.23,0.32,1.7,0.024,26.0,102.0,0.9908399999999999,3.3655002998075334,0.6,10.569379432242682,6
4210,6.0,0.17,0.21,6.0,0.05,26.0,134.0,0.9939,3.1555002998075334,0.54,8.569379432242682,6
4220,6.0,0.19,0.29,1.2,0.046,29.0,92.0,0.9903299999999999,3.2955002998075336,0.53,10.069379432242682,6
4226,5.6,0.255,0.57,10.7,0.055999999999999994,66.0,171.0,0.99464,3.3255002998075334,0.61,9.169379432242682,7
4227,5.2,0.2,0.27,3.2,0.047,16.0,93.0,0.99235,3.5155002998075333,0.53,8.869379432242681,7
4228,6.2,0.29,0.23,12.4,0.048,33.0,201.0,0.9961200000000001,3.1855002998075332,0.56,8.669379432242682,6
4229,6.3,0.26,0.25,5.2,0.046,11.0,133.0,0.9920200000000001,3.0455002998075336,0.68,9.769379432242681,6
4230,6.0,0.22,0.23,5.0,0.045,10.0,122.0,0.99261,3.0155002998075333,0.63,8.769379432242681,6
4235,6.4,0.29,0.18,15.0,0.04,21.0,116.0,0.99736,3.2155002998075335,0.5,7.969379432242681,5
4236,6.4,0.29,0.18,15.0,0.04,21.0,116.0,0.99736,3.2155002998075335,0.5,7.969379432242681,5
4237,7.5,0.23,0.3,1.2,0.03,27.0,80.0,0.99192,3.125500299807533,0.68,9.269379432242681,5
4238,6.4,0.29,0.18,15.0,0.04,21.0,116.0,0.99736,3.2155002998075335,0.5,7.969379432242681,5
4241,6.4,0.27,0.29,3.9,0.034,62.0,140.0,0.9923700000000001,3.1755002998075335,0.59,9.869379432242681,6
4242,5.9,0.22,0.29,4.2,0.037000000000000005,69.0,144.0,0.9921399999999999,3.2055002998075333,0.74,9.569379432242682,7
4270,6.6,0.21,0.3,9.9,0.040999999999999995,64.0,174.0,0.995,3.145500299807533,0.5,8.869379432242681,6
4277,7.2,0.22,0.35,5.5,0.054000000000000006,37.0,183.0,0.99474,3.1555002998075334,0.5,9.069379432242682,5
4288,7.0,0.2,0.33,4.7,0.03,25.0,76.0,0.9920200000000001,2.9555002998075333,0.54,9.269379432242681,6
4289,6.6,0.26,0.27,11.8,0.048,28.0,112.0,0.9960600000000001,2.9455002998075335,0.49,8.46937943224268,6
4291,7.2,0.21,0.36,15.7,0.045,68.0,183.0,0.9992200000000001,3.3255002998075334,0.76,8.169379432242682,5
4292,6.9,0.22,0.32,5.8,0.040999999999999995,20.0,119.0,0.9929600000000001,3.2455002998075333,0.55,9.96937943224268,6
4293,7.2,0.21,0.36,15.7,0.045,68.0,183.0,0.9992200000000001,3.3255002998075334,0.76,8.169379432242682,5
4294,7.4,0.22,0.28,9.0,0.046,22.0,121.0,0.9946799999999999,3.1755002998075335,0.55,9.569379432242682,5
4295,7.2,0.21,0.36,15.7,0.045,68.0,183.0,0.9992200000000001,3.3255002998075334,0.76,8.169379432242682,5
4296,6.9,0.22,0.32,5.8,0.040999999999999995,20.0,119.0,0.9929600000000001,3.2455002998075333,0.55,9.96937943224268,6
4297,7.0,0.2,0.35,8.8,0.037000000000000005,31.0,103.0,0.9938799999999999,3.2055002998075333,0.49,9.769379432242681,6
4304,6.1,0.24,0.25,1.6,0.044000000000000004,24.0,115.0,0.9921,3.4655002998075335,0.59,9.669379432242682,6
4305,5.9,0.25,0.24,7.4,0.044000000000000004,21.0,113.0,0.9946200000000001,3.4555002998075333,0.58,9.269379432242681,6
4307,6.5,0.22,0.27,1.6,0.039,36.0,116.0,0.9917799999999999,3.4555002998075333,0.57,9.769379432242681,7
4308,6.2,0.26,0.29,2.0,0.036000000000000004,16.0,87.0,0.9908100000000001,3.4055002998075334,0.61,10.569379432242682,6
4313,6.4,0.27,0.3,1.6,0.04,19.0,86.0,0.9908899999999999,3.395500299807533,0.65,10.269379432242681,6
4320,6.4,0.26,0.35,7.7,0.055999999999999994,45.0,191.0,0.9952700000000001,3.2355002998075335,0.5,8.269379432242681,5
4322,7.4,0.16,0.33,1.2,0.042,47.0,121.0,0.99198,3.1155002998075334,0.68,9.269379432242681,7
4325,6.4,0.24,0.26,8.2,0.054000000000000006,47.0,182.0,0.9953799999999999,3.1955002998075335,0.5,8.269379432242681,5
4327,6.4,0.24,0.26,8.2,0.054000000000000006,47.0,182.0,0.9953799999999999,3.1955002998075335,0.5,8.269379432242681,5
4329,6.4,0.23,0.26,8.1,0.054000000000000006,47.0,181.0,0.9954,3.1955002998075335,0.49,8.169379432242682,5
4330,6.4,0.24,0.26,8.2,0.054000000000000006,47.0,182.0,0.9953799999999999,3.1955002998075335,0.5,8.269379432242681,5
4339,6.8,0.24,0.29,2.0,0.044000000000000004,15.0,96.0,0.9923200000000001,3.3055002998075333,0.64,9.169379432242682,8
4341,7.4,0.27,0.52,15.7,0.054000000000000006,36.0,139.0,0.9978799999999999,3.1155002998075334,0.62,8.802712765575981,6
4342,5.7,0.28,0.35,1.2,0.052000000000000005,39.0,141.0,0.99108,3.5155002998075333,0.69,10.069379432242682,6
4343,5.8,0.22,0.25,1.5,0.024,21.0,109.0,0.99234,3.4455002998075335,0.58,9.169379432242682,6
4345,7.1,0.2,0.35,3.2,0.034,21.0,107.0,0.99195,3.1855002998075332,0.54,9.869379432242681,6
4347,7.1,0.23,0.3,2.6,0.034,62.0,148.0,0.99121,3.105500299807533,0.56,10.069379432242682,7
4356,6.2,0.29,0.29,5.6,0.046,35.0,178.0,0.99313,3.3255002998075334,0.51,9.302712765575981,5
4357,5.9,0.28,0.34,3.6,0.04,50.0,194.0,0.9912,3.3855002998075334,0.52,10.369379432242681,6
4371,7.0,0.23,0.28,2.7,0.053,16.0,92.0,0.99372,3.2555002998075335,0.56,8.069379432242682,5
4377,6.5,0.13,0.27,2.6,0.035,32.0,76.0,0.9914,3.2855002998075333,0.76,10.102712765575983,6
4382,7.0,0.24,0.26,1.7,0.040999999999999995,31.0,110.0,0.9914200000000001,3.2755002998075335,0.53,9.769379432242681,6
4383,6.5,0.13,0.27,2.6,0.035,32.0,76.0,0.9914,3.2855002998075333,0.76,10.102712765575983,6
4386,6.0,0.27,0.31,5.0,0.043,54.0,170.0,0.9924,3.355500299807533,0.52,9.769379432242681,6
4387,7.1,0.21,0.33,1.2,0.039,34.0,97.0,0.9911200000000001,3.1855002998075332,0.75,9.96937943224268,6
4390,6.2,0.25,0.44,15.8,0.057,39.0,167.0,0.9980399999999999,3.2155002998075335,0.51,7.969379432242681,5
4391,7.3,0.22,0.37,15.5,0.048,70.0,203.0,0.9989899999999999,3.3255002998075334,0.77,8.169379432242682,5
4392,6.2,0.25,0.44,15.8,0.057,39.0,167.0,0.9980399999999999,3.2155002998075335,0.51,7.969379432242681,5
4395,6.6,0.24,0.22,12.3,0.051,35.0,146.0,0.9967600000000001,3.1755002998075335,0.67,8.169379432242682,5
4396,7.4,0.27,0.26,11.8,0.053,55.0,173.0,0.9969899999999999,3.1855002998075332,0.6,8.569379432242682,5
4397,7.4,0.27,0.26,11.8,0.053,55.0,173.0,0.9969899999999999,3.1855002998075332,0.6,8.569379432242682,5
4398,7.4,0.27,0.26,11.8,0.053,55.0,173.0,0.9969899999999999,3.1855002998075332,0.6,8.569379432242682,5
4399,6.6,0.24,0.22,12.3,0.051,35.0,146.0,0.9967600000000001,3.1755002998075335,0.67,8.169379432242682,5
4400,7.4,0.27,0.26,11.8,0.053,55.0,173.0,0.9969899999999999,3.1855002998075332,0.6,8.569379432242682,5
4412,7.1,0.27,0.27,10.4,0.040999999999999995,26.0,114.0,0.99335,3.1155002998075334,0.52,10.269379432242681,7
4414,7.1,0.27,0.27,10.4,0.040999999999999995,26.0,114.0,0.99335,3.1155002998075334,0.52,10.269379432242681,7
4425,6.1,0.22,0.5,6.6,0.045,30.0,122.0,0.99415,3.2955002998075336,0.49,8.669379432242682,6
4426,6.2,0.21,0.52,6.5,0.047,28.0,123.0,0.99418,3.2955002998075336,0.49,8.669379432242682,6
4434,7.2,0.24,0.24,1.7,0.045,18.0,161.0,0.9919600000000001,3.3255002998075334,0.53,9.96937943224268,6
4435,6.5,0.29,0.3,9.15,0.051,25.0,166.0,0.99339,3.3155002998075336,0.56,10.102712765575983,6
4437,6.5,0.29,0.3,9.15,0.051,25.0,166.0,0.99339,3.3155002998075336,0.56,10.119379432242681,6
4448,7.3,0.3,0.25,2.5,0.045,32.0,122.0,0.99329,3.2555002998075335,0.54,9.069379432242682,5
4450,6.9,0.29,0.25,12.2,0.04,29.0,136.0,0.9955200000000001,3.125500299807533,0.65,9.169379432242682,6
4459,5.9,0.22,0.18,6.4,0.040999999999999995,28.0,120.0,0.99403,3.3455002998075334,0.5,8.669379432242682,5
4461,7.7,0.28,0.24,2.4,0.044000000000000004,29.0,157.0,0.9931200000000001,3.3455002998075334,0.56,9.369379432242681,6
4464,6.6,0.26,0.56,15.4,0.053,32.0,141.0,0.9981,3.1855002998075332,0.49,8.069379432242682,5
4465,6.6,0.26,0.56,15.4,0.053,32.0,141.0,0.9981,3.1855002998075332,0.49,8.069379432242682,5
4468,6.2,0.21,0.24,1.2,0.051,31.0,95.0,0.99036,3.3155002998075336,0.57,10.069379432242682,6
4469,6.4,0.23,0.27,2.1,0.042,35.0,100.0,0.9909399999999999,3.105500299807533,0.63,9.669379432242682,6
4470,4.7,0.145,0.29,1.0,0.042,35.0,90.0,0.9908,3.835500299807533,0.49,10.069379432242682,6
4472,7.0,0.28,0.28,1.4,0.039,12.0,83.0,0.9917299999999999,3.2555002998075335,0.65,9.869379432242681,5
4483,5.8,0.28,0.18,1.2,0.057999999999999996,7.0,108.0,0.9928799999999999,3.3055002998075333,0.58,8.319379432242682,4
4487,6.4,0.13,0.28,0.9,0.045,32.0,87.0,0.99175,3.5455002998075336,0.52,9.96937943224268,6
4495,6.8,0.23,0.39,16.1,0.053,71.0,194.0,0.9988,3.2555002998075335,0.64,8.96937943224268,6
4498,6.8,0.2,0.25,6.2,0.052000000000000005,22.0,106.0,0.9935,3.1655002998075332,0.54,9.569379432242682,5
4500,7.8,0.27,0.33,2.4,0.053,36.0,175.0,0.992,3.2755002998075335,0.55,9.769379432242681,6
4502,7.1,0.25,0.31,2.3,0.05,32.0,156.0,0.9914,3.2155002998075335,0.51,10.169379432242682,6
4505,6.4,0.28,0.23,6.0,0.051,50.0,162.0,0.9940000000000001,3.2255002998075333,0.52,8.96937943224268,5
4506,6.6,0.19,0.28,1.1,0.044000000000000004,38.0,100.0,0.9904,3.2955002998075336,0.69,9.96937943224268,6
4509,6.7,0.23,0.17,1.3,0.061,14.0,100.0,0.9925,3.145500299807533,0.55,8.269379432242681,5
4515,7.1,0.28,0.26,2.8,0.039,50.0,118.0,0.9908,3.1355002998075334,0.59,9.96937943224268,6
4537,8.3,0.18,0.37,1.2,0.049,6.0,94.0,0.9937,3.2555002998075335,0.52,8.869379432242681,5
4542,6.9,0.28,0.37,9.1,0.037000000000000005,16.0,76.0,0.9948,3.125500299807533,0.54,9.869379432242681,5
4543,6.9,0.28,0.37,9.1,0.037000000000000005,16.0,76.0,0.9948,3.125500299807533,0.54,9.869379432242681,5
4549,6.9,0.28,0.37,9.1,0.037000000000000005,16.0,76.0,0.9948,3.125500299807533,0.54,9.869379432242681,5
4556,6.1,0.2,0.4,1.9,0.027999999999999997,32.0,138.0,0.9914,3.335500299807533,0.72,10.46937943224268,5
4558,5.9,0.21,0.23,7.9,0.033,22.0,130.0,0.9944,3.4555002998075333,0.59,9.669379432242682,6
4559,6.9,0.22,0.32,9.3,0.04,22.0,110.0,0.9958,3.4155002998075332,0.54,9.46937943224268,7
4565,5.8,0.28,0.66,9.1,0.039,26.0,159.0,0.9965,3.7355002998075335,0.55,9.569379432242682,5
4567,5.8,0.28,0.66,9.1,0.039,26.0,159.0,0.9965,3.7355002998075335,0.55,9.569379432242682,5
4569,6.2,0.2,0.32,2.8,0.05,17.0,126.0,0.9936,3.2555002998075335,0.55,8.169379432242682,6
4577,6.3,0.15,0.34,11.4,0.05,25.0,96.0,0.99754,3.2855002998075333,0.49,8.769379432242681,6
4578,4.8,0.13,0.32,1.2,0.042,40.0,98.0,0.9898,3.4955002998075333,0.64,10.569379432242682,7
4579,6.0,0.2,0.26,14.7,0.045,53.0,125.0,0.998365,3.0655002998075336,0.69,8.169379432242682,6
4580,5.7,0.2,0.24,13.8,0.047,44.0,112.0,0.9983700000000001,3.0455002998075336,0.66,7.569379432242682,6
4583,6.4,0.23,0.37,7.9,0.05,60.0,150.0,0.9948799999999999,2.9355002998075332,0.49,8.069379432242682,6
4588,6.4,0.3,0.33,5.2,0.05,30.0,137.0,0.9930399999999999,3.335500299807533,0.58,9.869379432242681,5
4601,6.9,0.23,0.35,6.9,0.03,45.0,116.0,0.99244,2.875500299807533,0.54,9.769379432242681,6
4606,6.9,0.29,0.32,5.8,0.04,16.0,112.0,0.993,3.1155002998075334,0.58,9.96937943224268,5
4616,7.3,0.28,0.37,1.2,0.039,26.0,99.0,0.99198,3.085500299807533,0.62,9.569379432242682,5
4626,6.3,0.3,0.91,8.2,0.034,50.0,199.0,0.9939399999999999,3.4655002998075335,0.49,10.46937943224268,6
4627,6.1,0.19,0.37,2.6,0.040999999999999995,24.0,99.0,0.9915299999999999,3.2555002998075335,0.5,9.669379432242682,6
4628,6.1,0.19,0.37,2.6,0.040999999999999995,24.0,99.0,0.9915299999999999,3.2555002998075335,0.5,9.669379432242682,6
4630,5.7,0.25,0.32,12.2,0.040999999999999995,43.0,127.0,0.99524,3.3055002998075333,0.53,9.169379432242682,7
4631,6.6,0.21,0.39,2.3,0.040999999999999995,31.0,102.0,0.99221,3.2955002998075336,0.58,9.669379432242682,7
4632,6.3,0.3,0.91,8.2,0.034,50.0,199.0,0.9939399999999999,3.4655002998075335,0.49,10.46937943224268,6
4633,6.2,0.28,0.41,5.0,0.043,50.0,188.0,0.99318,3.3055002998075333,0.64,9.569379432242682,6
4634,5.8,0.29,0.38,10.7,0.038,49.0,136.0,0.99366,3.1855002998075332,0.59,9.96937943224268,6
4637,6.0,0.24,0.41,1.3,0.036000000000000004,42.0,118.0,0.99018,3.1155002998075334,0.64,10.502712765575984,6
4640,6.0,0.24,0.41,1.3,0.036000000000000004,42.0,118.0,0.99018,3.1155002998075334,0.64,10.519379432242681,6
4641,6.6,0.26,0.36,1.2,0.035,43.0,126.0,0.9909399999999999,3.085500299807533,0.63,10.169379432242682,6
4643,6.5,0.21,0.35,5.7,0.043,47.0,197.0,0.99392,3.3155002998075336,0.5,8.869379432242681,6
4646,5.9,0.18,0.28,1.0,0.037000000000000005,24.0,88.0,0.9909399999999999,3.3655002998075334,0.55,9.419379432242682,7
4654,6.0,0.29,0.41,10.8,0.048,55.0,149.0,0.9937,3.1655002998075332,0.59,9.73604609890938,7
4655,6.0,0.29,0.41,10.8,0.048,55.0,149.0,0.9937,3.1655002998075332,0.59,9.73604609890938,7
4656,6.0,0.29,0.41,10.8,0.048,55.0,149.0,0.9937,3.1655002998075332,0.59,9.73604609890938,7
4657,6.0,0.29,0.41,10.8,0.048,55.0,149.0,0.9937,3.1655002998075332,0.59,9.769379432242681,7
4663,6.0,0.17,0.33,6.0,0.036000000000000004,30.0,111.0,0.9936200000000001,3.395500299807533,0.58,8.902712765575982,7
4664,6.1,0.16,0.34,6.1,0.034,31.0,114.0,0.99365,3.395500299807533,0.58,8.902712765575982,7
4667,6.1,0.16,0.34,6.1,0.034,31.0,114.0,0.99365,3.395500299807533,0.58,8.919379432242682,7
4668,6.0,0.17,0.33,6.0,0.036000000000000004,30.0,111.0,0.9936200000000001,3.395500299807533,0.58,8.919379432242682,7
4670,6.6,0.285,0.49,11.4,0.035,57.0,137.0,0.9973200000000001,3.1555002998075334,0.54,7.669379432242682,6
4673,6.0,0.28,0.52,6.2,0.027999999999999997,37.0,104.0,0.99161,3.355500299807533,0.51,10.569379432242682,7
4675,5.7,0.21,0.37,4.5,0.04,58.0,140.0,0.9933200000000001,3.3655002998075334,0.62,9.369379432242681,6
4676,6.5,0.25,0.32,9.9,0.045,41.0,128.0,0.99636,3.2555002998075335,0.52,8.369379432242681,6
4677,6.0,0.28,0.52,6.2,0.027999999999999997,37.0,104.0,0.99161,3.355500299807533,0.51,10.569379432242682,7
4678,6.6,0.285,0.49,11.4,0.035,57.0,137.0,0.9973200000000001,3.1555002998075334,0.54,7.669379432242682,6
4685,7.2,0.26,0.32,10.4,0.062,23.0,114.0,0.9966,3.3055002998075333,0.49,9.269379432242681,5
4699,6.8,0.3,0.33,12.8,0.040999999999999995,60.0,168.0,0.99659,3.1755002998075335,0.56,8.569379432242682,5
4700,6.8,0.3,0.33,12.8,0.040999999999999995,60.0,168.0,0.99659,3.1755002998075335,0.56,8.569379432242682,5
4722,6.0,0.25,0.28,7.7,0.053,37.0,132.0,0.9948899999999999,3.1355002998075334,0.5,8.169379432242682,6
4727,6.0,0.25,0.28,7.7,0.053,37.0,132.0,0.9948899999999999,3.1355002998075334,0.5,8.169379432242682,6
4730,7.9,0.3,0.6,1.85,0.048,13.0,106.0,0.99331,3.3155002998075336,0.49,10.619379432242681,5
4735,6.0,0.17,0.36,1.7,0.042,14.0,61.0,0.99144,3.2955002998075336,0.54,9.569379432242682,6
4736,6.0,0.16,0.36,1.6,0.042,13.0,61.0,0.9914299999999999,3.2955002998075336,0.54,9.569379432242682,6
4744,5.0,0.24,0.19,5.0,0.043,17.0,101.0,0.9943799999999999,3.7455002998075333,0.57,8.769379432242681,5
4745,6.1,0.26,0.25,2.9,0.047,289.0,440.0,0.9931399999999999,3.5155002998075333,0.64,9.269379432242681,3
4747,5.6,0.26,0.5,11.4,0.028999999999999998,25.0,93.0,0.9942799999999999,3.3055002998075333,0.49,9.269379432242681,6
4754,6.4,0.19,0.35,10.2,0.043,40.0,106.0,0.9963200000000001,3.2355002998075335,0.5,8.46937943224268,6
4758,6.5,0.2,0.35,3.9,0.04,27.0,140.0,0.9910200000000001,3.0555002998075333,0.53,10.569379432242682,6
4768,6.8,0.27,0.3,13.0,0.047,69.0,160.0,0.99705,3.2355002998075335,0.5,8.369379432242681,6
4769,6.8,0.27,0.3,13.0,0.047,69.0,160.0,0.99705,3.2355002998075335,0.5,8.369379432242681,6
4770,6.8,0.27,0.3,13.0,0.047,69.0,160.0,0.99705,3.2355002998075335,0.5,8.369379432242681,6
4771,6.8,0.27,0.3,13.0,0.047,69.0,160.0,0.99705,3.2355002998075335,0.5,8.369379432242681,6
4772,6.4,0.28,0.45,8.6,0.057,47.0,223.0,0.99654,3.2355002998075335,0.51,7.869379432242681,5
4782,6.7,0.3,0.5,12.1,0.045,38.0,127.0,0.9974,3.1155002998075334,0.53,7.669379432242682,6
4783,6.7,0.3,0.5,12.1,0.045,38.0,127.0,0.9974,3.1155002998075334,0.53,7.669379432242682,6
4791,6.7,0.3,0.5,12.1,0.045,38.0,127.0,0.9974,3.1155002998075334,0.53,7.669379432242682,6
4795,6.4,0.105,0.29,1.1,0.035,44.0,140.0,0.9914200000000001,3.2455002998075333,0.55,9.46937943224268,7
4796,6.4,0.105,0.29,1.1,0.035,44.0,140.0,0.9914200000000001,3.2455002998075333,0.55,9.46937943224268,7
4801,6.4,0.105,0.29,1.1,0.035,44.0,140.0,0.9914200000000001,3.2455002998075333,0.55,9.46937943224268,7
4806,6.6,0.28,0.09,10.9,0.051,37.0,131.0,0.99566,3.0055002998075335,0.62,8.269379432242681,6
4807,6.0,0.17,0.3,7.3,0.039,39.0,104.0,0.9925200000000001,2.9855002998075335,0.57,9.769379432242681,6
4809,6.0,0.26,0.24,1.3,0.053,66.0,150.0,0.9924,3.2855002998075333,0.62,9.169379432242682,6
4811,7.0,0.17,0.42,1.0,0.075,19.0,71.0,0.99103,3.395500299807533,0.62,10.169379432242682,6
4827,6.7,0.22,0.33,1.2,0.036000000000000004,36.0,86.0,0.9905799999999999,3.1755002998075335,0.76,10.169379432242682,6
4835,5.6,0.295,0.26,1.1,0.035,40.0,102.0,0.99154,3.5455002998075336,0.56,9.369379432242681,6
4838,5.3,0.275,0.24,7.4,0.038,28.0,114.0,0.99313,3.4555002998075333,0.51,9.769379432242681,6
4841,5.7,0.22,0.25,1.1,0.05,97.0,175.0,0.9909899999999999,3.5155002998075333,0.62,9.869379432242681,6
4852,6.2,0.23,0.38,1.6,0.044000000000000004,12.0,113.0,0.9917600000000001,3.375500299807533,0.73,10.169379432242682,5
4853,5.2,0.25,0.23,1.4,0.047,20.0,77.0,0.9900100000000001,3.395500299807533,0.62,10.169379432242682,5
4868,5.8,0.23,0.31,4.5,0.046,42.0,124.0,0.99324,3.3855002998075334,0.64,9.569379432242682,6
4869,6.6,0.24,0.33,10.1,0.032,8.0,81.0,0.99626,3.2655002998075333,0.51,8.569379432242682,6
4874,5.6,0.2,0.36,2.5,0.048,16.0,125.0,0.99282,3.5655002998075336,0.49,8.769379432242681,6
4881,5.0,0.235,0.27,11.75,0.03,34.0,118.0,0.9954,3.145500299807533,0.5,8.169379432242682,6
4888,6.8,0.22,0.36,1.2,0.052000000000000005,38.0,127.0,0.9933,3.1155002998075334,0.54,7.969379432242681,5
4889,4.9,0.235,0.27,11.75,0.03,34.0,118.0,0.9954,3.145500299807533,0.5,8.169379432242682,6
4892,6.5,0.23,0.38,1.3,0.032,29.0,112.0,0.99298,3.3655002998075334,0.54,8.46937943224268,5
4893,6.2,0.21,0.29,1.6,0.039,24.0,92.0,0.9911399999999999,3.3455002998075334,0.5,9.96937943224268,6
